order_id,timestamp,order_value,quantity,category,discount_pct,payment_method,cod_charge,customer_id,account_age_days,prior_orders,prior_rto_count,pincode,courier_id,pincode_tier,historical_pincode_rto_rate,orders_last_24h,device_cluster_size,rto_label
ORD000089273,2026-08-14 22:48:32,499.07,1,Electronics,41.32,Credit Card,0.0,CUST024278,155,2,0,654970,Courier_A,3,0.1751,1,1,0
ORD000094829,2026-08-25 08:56:19,353.38,2,Jewelry,0.0,UPI,0.0,CUST017330,254,3,0,178914,Courier_E,2,0.2111,2,3,0
ORD000094891,2026-08-25 11:47:56,149.94,1,Footwear,12.92,COD,39.0,CUST006918,171,3,0,987742,Courier_A,3,0.2426,1,1,0
ORD000099571,2026-09-03 04:55:42,465.11,3,Electronics,0.0,COD,49.0,CUST015049,201,9,1,576694,Courier_D,2,0.1284,1,1,1
ORD000092114,2026-08-20 07:32:55,309.15,2,Apparel,0.0,Net Banking,0.0,CUST008999,231,4,1,192985,Courier_C,3,0.2575,0,1,0
ORD000091581,2026-08-19 08:29:45,558.75,1,Apparel,14.25,COD,39.0,CUST001124,381,4,0,139745,Courier_A,2,0.0645,1,1,0
ORD000094963,2026-08-25 15:10:28,270.73,1,Apparel,0.0,COD,49.0,CUST005711,173,2,0,974275,Courier_B,3,0.0754,1,5,1
ORD000088128,2026-08-12 19:07:30,699.46,2,Apparel,0.0,Debit Card,0.0,CUST013520,160,4,0,942045,Courier_A,3,0.264,1,2,0
ORD000090702,2026-08-17 13:46:19,262.17,1,Apparel,0.0,COD,49.0,CUST019548,572,1,0,937852,Courier_B,2,0.173,4,1,0
ORD000086077,2026-08-08 23:36:54,1427.24,2,Apparel,0.0,COD,20.0,CUST020284,717,5,0,242120,Courier_D,1,0.2447,0,1,0
ORD000093174,2026-08-22 06:41:47,485.98,2,Electronics,0.0,Credit Card,0.0,CUST006096,231,6,0,801962,Courier_D,3,0.2163,1,1,0
ORD000085946,2026-08-08 18:10:28,257.25,2,Apparel,27.56,UPI,0.0,CUST020156,127,5,1,953629,Courier_B,1,0.018,3,1,0
ORD000098114,2026-08-31 12:23:16,601.16,1,Apparel,0.0,COD,49.0,CUST013654,548,5,0,262513,Courier_E,1,0.4401,2,2,1
ORD000088606,2026-08-13 16:34:27,968.11,2,Beauty,12.43,Net Banking,0.0,CUST029427,132,0,0,642490,Courier_A,1,0.1109,0,19,1
ORD000087253,2026-08-11 04:40:15,848.4,5,Beauty,0.0,COD,39.0,CUST029600,0,0,0,639080,Courier_B,2,0.3376,4,1,0
ORD000098445,2026-09-01 03:19:50,568.78,4,Footwear,0.0,Credit Card,0.0,CUST021965,136,4,1,470367,Courier_E,2,0.2339,2,7,0
ORD000086074,2026-08-08 23:22:11,979.59,1,Apparel,29.52,COD,39.0,CUST013600,111,3,0,427055,Courier_C,3,0.0,0,1,0
ORD000096144,2026-08-27 20:05:49,379.17,3,Footwear,38.14,Debit Card,0.0,CUST004379,302,3,0,955861,Courier_C,3,0.1692,0,1,0
ORD000086160,2026-08-09 03:05:34,1741.87,1,Beauty,0.0,COD,99.0,CUST028692,182,6,0,729597,Courier_B,2,0.2575,3,1,0
ORD000086743,2026-08-10 06:02:31,752.81,4,Apparel,0.0,Credit Card,0.0,CUST029414,449,5,0,297200,Courier_B,3,0.1138,1,5,0
ORD000090374,2026-08-16 23:08:12,1001.45,3,Home,0.0,UPI,0.0,CUST026783,301,0,0,971281,Courier_B,3,0.0557,1,1,0
ORD000089776,2026-08-15 20:22:52,1172.23,1,Apparel,0.0,Debit Card,0.0,CUST018571,164,4,0,366709,Courier_A,2,0.1386,0,3,0
ORD000085785,2026-08-08 10:53:21,965.33,1,Beauty,0.0,COD,49.0,CUST015755,521,3,0,924384,Courier_A,1,0.2761,2,1,0
ORD000091041,2026-08-18 05:23:42,1388.75,1,Home,19.17,Credit Card,0.0,CUST011814,93,3,0,467888,Courier_B,3,0.2557,2,1,0
ORD000094024,2026-08-23 21:23:46,622.68,1,Apparel,0.0,COD,59.0,CUST013978,1291,7,0,813189,Courier_E,3,0.2109,4,1,0
ORD000095735,2026-08-27 02:35:38,498.25,1,Beauty,0.0,COD,49.0,CUST001084,212,2,0,807143,Courier_D,3,0.3279,2,1,0
ORD000097466,2026-08-30 06:38:57,1011.93,3,Apparel,13.8,UPI,0.0,CUST019925,958,3,0,919427,Courier_D,1,0.1096,4,1,0
ORD000097447,2026-08-30 05:37:51,688.69,2,Apparel,27.48,UPI,0.0,CUST009608,302,2,0,202341,Courier_A,1,0.2128,5,3,0
ORD000094080,2026-08-24 00:01:03,760.74,1,Apparel,0.0,COD,39.0,CUST006362,1440,3,0,709496,Courier_B,3,0.1159,2,3,0
ORD000086246,2026-08-09 07:33:48,1007.91,1,Jewelry,0.0,UPI,0.0,CUST003892,66,2,0,371116,Courier_A,1,0.1794,0,1,0
ORD000091751,2026-08-19 16:52:03,958.84,2,Footwear,0.0,UPI,0.0,CUST005864,1456,5,0,630731,Courier_B,2,0.1816,1,1,0
ORD000089414,2026-08-15 05:05:44,485.3,1,Apparel,0.0,COD,39.0,CUST014281,564,1,0,494711,Courier_A,3,0.4982,1,3,0
ORD000093310,2026-08-22 13:11:09,519.49,1,Apparel,30.29,UPI,0.0,CUST016706,275,0,0,394625,Courier_D,1,0.1238,1,1,0
ORD000088277,2026-08-13 01:29:40,292.48,1,Apparel,0.0,Net Banking,0.0,CUST020140,138,4,0,683142,Courier_C,3,0.1066,2,1,0
ORD000085587,2026-08-08 01:48:08,427.95,4,Beauty,24.4,COD,59.0,CUST016514,117,5,0,128700,Courier_A,3,0.2648,1,1,1
ORD000097974,2026-08-31 05:36:33,274.12,2,Jewelry,0.0,COD,29.0,CUST012516,172,3,0,801630,Courier_A,2,0.1835,1,1,0
ORD000099420,2026-09-02 21:50:31,179.92,1,Apparel,13.48,Debit Card,0.0,CUST013903,0,0,0,942045,Courier_A,3,0.2355,3,1,0
ORD000099486,2026-09-03 01:15:11,619.59,3,Beauty,0.0,Debit Card,0.0,CUST000135,317,3,1,764844,Courier_A,3,0.0606,4,1,0
ORD000094934,2026-08-25 13:45:00,1366.6,2,Home,16.14,COD,29.0,CUST003768,2093,5,0,111069,Courier_A,2,0.5154,4,1,0
ORD000092212,2026-08-20 12:49:06,1767.89,2,Footwear,46.27,COD,59.0,CUST018667,355,4,0,507886,Courier_C,2,0.161,2,1,0
ORD000098851,2026-09-01 20:42:30,626.8,2,Jewelry,0.0,Credit Card,0.0,CUST018237,537,4,1,744761,Courier_A,3,0.0443,0,1,0
ORD000091032,2026-08-18 04:49:35,856.1,2,Home,8.35,COD,29.0,CUST016747,203,5,0,114172,Courier_A,2,0.4161,0,2,1
ORD000087826,2026-08-12 07:14:59,764.29,2,Electronics,0.0,Debit Card,0.0,CUST025748,127,2,0,253407,Courier_C,3,0.2385,0,5,1
ORD000094487,2026-08-24 17:54:09,492.21,1,Apparel,36.87,COD,59.0,CUST013641,926,2,0,729597,Courier_A,2,0.205,2,1,1
ORD000093689,2026-08-23 05:01:16,141.09,3,Apparel,21.19,UPI,0.0,CUST023312,929,1,0,939225,Courier_B,1,0.1341,2,1,0
ORD000095828,2026-08-27 07:17:19,222.78,2,Apparel,0.0,UPI,0.0,CUST017468,1432,3,0,696858,Courier_C,3,0.0997,0,1,0
ORD000099878,2026-09-03 18:02:55,384.15,3,Electronics,0.0,UPI,0.0,CUST007955,135,3,1,319318,Courier_D,2,0.6614,2,1,0
ORD000096262,2026-08-28 00:57:06,454.03,3,Beauty,0.0,COD,39.0,CUST023800,84,3,0,282050,Courier_B,2,0.2772,1,1,0
ORD000092769,2026-08-21 13:21:13,1594.43,2,Apparel,0.0,UPI,0.0,CUST024101,181,4,1,249284,Courier_A,3,0.2344,2,1,0
ORD000085170,2026-08-07 05:11:04,651.82,4,Jewelry,25.19,UPI,0.0,CUST021396,589,3,1,136130,Courier_C,2,0.2445,1,1,0
ORD000088034,2026-08-12 15:14:38,359.03,3,Apparel,7.12,UPI,0.0,CUST001374,59,1,0,566643,Courier_E,1,0.2092,0,1,0
ORD000090868,2026-08-17 21:21:29,1683.02,2,Beauty,17.23,COD,79.0,CUST014889,1304,2,0,932843,Courier_A,2,0.2009,0,1,0
ORD000097399,2026-08-30 03:44:53,304.35,1,Beauty,18.74,COD,59.0,CUST002562,166,3,0,643532,Courier_E,3,0.1352,2,2,0
ORD000096921,2026-08-29 04:59:32,607.98,2,Footwear,13.42,UPI,0.0,CUST017371,154,3,0,937947,Courier_B,3,0.2015,3,1,0
ORD000085372,2026-08-07 15:08:14,703.87,1,Home,0.0,UPI,0.0,CUST028088,86,5,0,709481,Courier_A,2,0.0726,1,1,0
ORD000086027,2026-08-08 21:12:43,532.74,3,Apparel,0.0,Debit Card,0.0,CUST009598,517,3,0,597740,Courier_B,1,0.2847,3,1,0
ORD000098238,2026-08-31 18:14:03,734.44,1,Electronics,0.0,UPI,0.0,CUST014772,101,1,0,114172,Courier_C,2,0.4512,0,1,0
ORD000088127,2026-08-12 19:03:39,417.11,1,Beauty,0.0,UPI,0.0,CUST022435,435,6,0,684370,Courier_D,1,0.2128,3,1,0
ORD000095312,2026-08-26 08:00:44,228.68,4,Footwear,52.03,UPI,0.0,CUST029807,445,3,0,512600,Courier_B,1,0.1382,2,1,0
ORD000096702,2026-08-28 20:01:23,471.9,1,Apparel,5.25,COD,49.0,CUST008474,899,5,0,826264,Courier_E,3,0.2148,2,1,0
ORD000088468,2026-08-13 10:57:22,696.83,4,Home,0.0,UPI,0.0,CUST006019,46,4,0,962762,Courier_C,2,0.3745,1,1,0
ORD000092816,2026-08-21 15:13:32,469.73,3,Beauty,0.0,Credit Card,0.0,CUST019984,351,2,0,953629,Courier_B,1,0.0123,1,1,0
ORD000096499,2026-08-28 11:18:10,408.36,5,Home,8.92,Credit Card,0.0,CUST001249,133,4,0,404777,Courier_C,2,0.2241,1,3,0
ORD000096264,2026-08-28 01:03:36,1134.41,3,Apparel,0.0,UPI,0.0,CUST013987,784,7,1,400584,Courier_B,3,0.2342,3,3,0
ORD000090227,2026-08-16 16:44:56,291.07,2,Electronics,22.39,Net Banking,0.0,CUST023373,434,4,0,579266,Courier_D,1,0.1452,1,1,0
ORD000092549,2026-08-21 03:16:23,523.31,1,Apparel,0.0,Credit Card,0.0,CUST004498,369,6,0,225182,Courier_A,3,0.122,1,1,0
ORD000086414,2026-08-09 14:40:01,427.69,2,Electronics,28.19,COD,49.0,CUST016424,71,3,0,576694,Courier_A,2,0.1924,0,1,0
ORD000095065,2026-08-25 19:56:37,1349.11,1,Apparel,0.0,COD,29.0,CUST019044,362,3,0,404286,Courier_A,3,0.2869,2,1,0
ORD000092319,2026-08-20 17:23:26,350.92,3,Jewelry,0.0,COD,39.0,CUST004333,155,4,0,104886,Courier_D,1,0.1091,2,3,0
ORD000090226,2026-08-16 16:44:55,277.76,1,Apparel,0.0,COD,39.0,CUST017263,8,1,0,106619,Courier_C,2,0.1382,0,1,0
ORD000094402,2026-08-24 14:23:29,571.18,3,Electronics,14.95,COD,39.0,CUST026705,408,2,1,522293,Courier_A,2,0.4968,2,1,0
ORD000091613,2026-08-19 10:09:03,1295.05,3,Apparel,7.04,COD,79.0,CUST004378,0,0,0,178914,Courier_D,2,0.1393,1,4,0
ORD000098027,2026-08-31 08:28:52,372.15,2,Apparel,0.0,COD,49.0,CUST004541,79,2,0,712536,Courier_B,3,0.1732,2,1,0
ORD000098417,2026-09-01 02:12:13,313.47,2,Beauty,0.0,Credit Card,0.0,CUST001079,296,4,0,350253,Courier_A,1,0.2258,1,4,0
ORD000087701,2026-08-12 01:59:46,1117.37,2,Apparel,32.44,COD,59.0,CUST029427,132,2,0,953629,Courier_A,1,0.0461,0,1,0
ORD000093254,2026-08-22 10:33:44,924.98,2,Apparel,0.0,COD,49.0,CUST025591,499,6,0,172737,Courier_A,2,0.1847,3,6,0
ORD000086555,2026-08-09 21:44:35,271.72,2,Beauty,19.92,UPI,0.0,CUST018349,625,2,0,371674,Courier_C,3,0.3168,0,3,0
ORD000094709,2026-08-25 03:59:21,3469.13,4,Electronics,0.0,UPI,0.0,CUST013874,120,4,0,956979,Courier_C,1,0.1818,0,1,1
ORD000093964,2026-08-23 18:37:57,1263.09,2,Beauty,0.0,COD,49.0,CUST004160,3526,5,0,427679,Courier_B,1,0.2115,0,1,1
ORD000085935,2026-08-08 17:52:14,2242.23,1,Electronics,31.87,COD,29.0,CUST003295,64,4,1,315792,Courier_C,2,0.2524,1,11,1
ORD000090128,2026-08-16 12:39:37,1106.35,2,Apparel,6.93,Credit Card,0.0,CUST022930,31,6,0,962949,Courier_B,1,0.5064,1,1,0
ORD000087637,2026-08-11 22:28:53,115.02,5,Electronics,0.0,Net Banking,0.0,CUST019258,321,1,0,269261,Courier_A,3,0.0227,4,1,0
ORD000094771,2026-08-25 06:41:11,388.78,1,Apparel,26.02,COD,29.0,CUST008675,1045,3,0,207727,Courier_E,3,0.0813,3,1,0
ORD000095463,2026-08-26 14:13:42,904.44,2,Apparel,0.0,UPI,0.0,CUST003116,0,0,0,490071,Courier_B,3,0.1241,0,2,0
ORD000094840,2026-08-25 09:20:42,459.59,2,Footwear,0.0,Net Banking,0.0,CUST029224,446,5,0,578841,Courier_D,3,0.2634,0,1,0
ORD000096077,2026-08-27 17:05:50,3664.05,1,Apparel,10.55,COD,79.0,CUST000342,557,4,1,378752,Courier_D,1,0.1918,2,1,1
ORD000085508,2026-08-07 21:32:49,1742.24,1,Home,0.0,UPI,0.0,CUST001489,396,3,0,202299,Courier_A,3,0.0712,3,1,0
ORD000088598,2026-08-13 16:14:39,3844.0,1,Electronics,35.21,Debit Card,0.0,CUST022190,622,3,0,471106,Courier_C,1,0.103,1,1,0
ORD000098721,2026-09-01 15:27:14,879.92,1,Electronics,0.0,COD,20.0,CUST003376,556,6,0,654615,Courier_D,3,0.0234,0,1,0
ORD000097586,2026-08-30 12:14:17,952.42,1,Electronics,26.79,COD,20.0,CUST016818,56,5,0,304008,Courier_C,3,0.2652,0,3,0
ORD000089236,2026-08-14 21:20:38,656.54,2,Home,13.52,UPI,0.0,CUST005034,7,0,0,160837,Courier_C,3,0.1097,5,4,0
ORD000087041,2026-08-10 19:05:11,2024.12,1,Electronics,48.64,UPI,0.0,CUST004555,113,3,0,885352,Courier_A,1,0.1126,4,3,0
ORD000097018,2026-08-29 09:42:20,721.83,1,Jewelry,0.0,COD,49.0,CUST015489,132,4,0,827168,Courier_D,3,0.1574,0,1,0
ORD000090796,2026-08-17 18:21:17,912.73,2,Footwear,0.0,Credit Card,0.0,CUST017977,84,7,3,926416,Courier_A,3,0.3705,0,1,0
ORD000097813,2026-08-30 23:04:14,844.68,1,Electronics,22.24,COD,49.0,CUST003932,61,2,0,670537,Courier_A,2,0.195,0,1,0
ORD000091482,2026-08-19 02:57:55,368.67,1,Beauty,0.0,COD,39.0,CUST021376,264,3,0,211308,Courier_B,2,0.0679,1,15,1
ORD000089717,2026-08-15 17:43:56,1854.99,2,Electronics,0.0,COD,49.0,CUST019020,402,6,1,139108,Courier_A,1,0.149,2,1,1
ORD000092380,2026-08-20 19:58:08,675.22,1,Home,0.0,UPI,0.0,CUST000325,315,3,0,928381,Courier_A,3,0.2324,5,1,0
ORD000099836,2026-09-03 16:20:40,461.39,4,Electronics,0.0,COD,79.0,CUST026790,814,4,0,210406,Courier_C,1,0.2264,1,4,0
ORD000097877,2026-08-31 01:36:06,446.65,2,Apparel,30.7,Credit Card,0.0,CUST022043,676,2,0,793758,Courier_A,1,0.052,2,5,0
ORD000097089,2026-08-29 12:38:23,116.12,3,Apparel,0.0,COD,49.0,CUST017769,84,3,0,789126,Courier_A,3,0.289,4,5,0
ORD000094835,2026-08-25 09:10:27,278.18,1,Footwear,0.0,UPI,0.0,CUST000007,763,2,0,563896,Courier_A,1,0.1632,1,19,0
ORD000095389,2026-08-26 11:00:34,650.18,1,Apparel,4.57,Credit Card,0.0,CUST005796,76,4,1,591756,Courier_A,2,0.327,2,1,0
ORD000091461,2026-08-19 02:01:05,213.5,2,Beauty,23.05,Debit Card,0.0,CUST023361,120,4,0,467325,Courier_C,2,0.2343,0,1,1
ORD000095096,2026-08-25 21:46:48,311.5,2,Electronics,8.55,UPI,0.0,CUST008853,584,6,2,666211,Courier_B,1,0.4212,2,1,1
ORD000097267,2026-08-29 20:53:40,350.19,3,Electronics,8.41,Credit Card,0.0,CUST025669,51,5,1,929407,Courier_B,1,0.1339,1,2,0
ORD000098588,2026-09-01 10:02:22,625.84,1,Electronics,0.0,Debit Card,0.0,CUST026281,141,4,0,474457,Courier_B,3,0.1347,2,1,0
ORD000098622,2026-09-01 11:38:36,1468.86,3,Home,11.63,COD,59.0,CUST020678,403,6,0,876950,Courier_C,3,0.1116,3,2,1
ORD000095664,2026-08-26 23:47:14,1379.07,2,Apparel,0.0,COD,29.0,CUST005433,2133,4,1,206110,Courier_A,3,0.0991,0,5,0
ORD000087075,2026-08-10 20:24:27,351.24,3,Jewelry,17.61,COD,29.0,CUST004933,168,5,1,511311,Courier_C,1,0.2042,1,3,1
ORD000096339,2026-08-28 04:45:26,639.92,2,Electronics,0.0,Net Banking,0.0,CUST008286,3067,3,1,550369,Courier_B,2,0.1605,0,5,0
ORD000099822,2026-09-03 15:42:37,430.94,1,Home,17.1,UPI,0.0,CUST003926,15,1,0,856360,Courier_E,2,0.1764,0,1,0
ORD000099607,2026-09-03 06:37:11,765.05,1,Footwear,0.0,UPI,0.0,CUST018114,660,6,0,813035,Courier_D,2,0.1565,2,1,0
ORD000092583,2026-08-21 04:46:43,1826.42,2,Apparel,41.19,COD,79.0,CUST015000,1654,2,0,868822,Courier_C,3,0.0183,3,1,1
ORD000094071,2026-08-23 23:29:44,342.78,1,Jewelry,0.0,COD,49.0,CUST007891,149,7,1,861400,Courier_A,3,0.2029,0,1,0
ORD000086107,2026-08-09 00:48:52,244.58,2,Beauty,0.0,COD,99.0,CUST023310,989,6,0,712536,Courier_E,3,0.0828,1,3,0
ORD000086676,2026-08-10 02:56:37,377.76,2,Electronics,35.56,Debit Card,0.0,CUST019055,248,6,0,838806,Courier_B,3,0.2172,3,1,0
ORD000089898,2026-08-16 02:11:02,1339.73,4,Apparel,0.0,Debit Card,0.0,CUST001672,127,4,1,956945,Courier_A,3,0.1245,0,1,0
ORD000088610,2026-08-13 16:46:20,776.71,1,Jewelry,0.0,COD,59.0,CUST006942,626,8,0,861837,Courier_A,3,0.3983,1,1,0
ORD000087090,2026-08-10 20:57:52,851.02,3,Apparel,17.95,COD,49.0,CUST010939,100,4,1,543559,Courier_A,1,0.1067,2,5,1
ORD000085729,2026-08-08 08:12:28,645.09,4,Apparel,0.0,Credit Card,0.0,CUST003741,103,2,0,195758,Courier_B,3,0.1657,1,1,0
ORD000093978,2026-08-23 19:19:32,2711.02,1,Footwear,38.92,COD,49.0,CUST024251,150,5,1,240669,Courier_E,2,0.2072,0,1,0
ORD000088335,2026-08-13 04:34:00,339.44,1,Beauty,0.0,COD,39.0,CUST025957,531,5,0,798962,Courier_D,1,0.4289,1,6,0
ORD000099484,2026-09-03 01:13:27,854.5,2,Apparel,0.0,Net Banking,0.0,CUST009322,112,3,0,762085,Courier_A,3,0.0247,0,3,1
ORD000085923,2026-08-08 17:34:23,379.37,5,Apparel,23.66,Net Banking,0.0,CUST001755,764,5,0,119023,Courier_A,1,0.0,0,1,0
ORD000093137,2026-08-22 05:05:04,1159.22,1,Footwear,0.0,UPI,0.0,CUST014680,443,6,1,945410,Courier_A,1,0.3264,1,1,0
ORD000097127,2026-08-29 14:40:56,245.49,1,Apparel,20.65,UPI,0.0,CUST018016,295,0,0,863406,Courier_C,1,0.0951,0,5,0
ORD000097758,2026-08-30 20:44:58,722.72,2,Beauty,0.0,UPI,0.0,CUST026655,1016,5,0,813189,Courier_A,3,0.2481,0,1,0
ORD000096558,2026-08-28 13:37:30,1437.96,2,Apparel,36.73,Debit Card,0.0,CUST027344,293,4,0,573736,Courier_A,1,0.2365,2,1,0
ORD000085400,2026-08-07 16:48:02,609.81,4,Apparel,4.64,COD,39.0,CUST004359,1015,5,0,914136,Courier_D,1,0.2242,1,1,0
ORD000092049,2026-08-20 04:57:41,759.61,2,Electronics,0.0,COD,49.0,CUST024149,137,3,0,542798,Courier_D,1,0.2885,2,4,0
ORD000088304,2026-08-13 02:43:22,866.22,5,Apparel,0.0,COD,29.0,CUST017711,121,8,0,547190,Courier_A,2,0.6067,1,1,0
ORD000098668,2026-09-01 13:19:29,1671.63,2,Jewelry,18.38,COD,29.0,CUST010478,22,4,0,583754,Courier_E,2,0.0878,1,1,0
ORD000095354,2026-08-26 09:41:25,847.88,3,Electronics,16.64,UPI,0.0,CUST017132,186,3,0,359971,Courier_E,2,0.0976,1,12,0
ORD000086275,2026-08-09 09:04:55,364.48,3,Beauty,6.5,Credit Card,0.0,CUST002772,112,1,0,813189,Courier_C,3,0.208,0,1,1
ORD000090333,2026-08-16 21:22:31,417.23,1,Apparel,0.0,Credit Card,0.0,CUST029357,438,2,0,714101,Courier_C,2,0.1708,3,1,0
ORD000093625,2026-08-23 02:12:43,661.78,2,Beauty,0.0,Credit Card,0.0,CUST025961,1716,3,2,233128,Courier_B,2,0.121,1,1,1
ORD000092771,2026-08-21 13:23:33,808.52,1,Electronics,0.0,Debit Card,0.0,CUST010127,170,2,0,912018,Courier_E,1,0.2336,6,1,0
ORD000097294,2026-08-29 22:29:21,460.78,2,Electronics,0.0,COD,79.0,CUST017720,158,5,0,133503,Courier_A,2,0.2081,3,2,0
ORD000098093,2026-08-31 11:42:02,1295.29,2,Apparel,7.93,UPI,0.0,CUST015403,113,6,0,381636,Courier_C,2,0.1324,2,4,0
ORD000094383,2026-08-24 13:28:06,640.55,3,Electronics,0.0,COD,20.0,CUST002986,170,2,0,787831,Courier_A,2,0.0924,1,1,0
ORD000099762,2026-09-03 13:01:59,243.12,1,Home,0.0,UPI,0.0,CUST026998,87,5,0,189160,Courier_C,2,0.5189,1,1,0
ORD000094247,2026-08-24 07:36:04,506.34,1,Beauty,21.09,COD,59.0,CUST026640,168,7,1,215098,Courier_A,3,0.0556,2,1,0
ORD000093129,2026-08-22 04:48:40,266.58,1,Electronics,17.66,COD,29.0,CUST017508,1084,7,1,216395,Courier_D,1,0.3386,0,1,0
ORD000094439,2026-08-24 15:56:02,1754.08,1,Electronics,11.95,COD,49.0,CUST006483,108,7,1,128700,Courier_A,3,0.237,2,1,0
ORD000085272,2026-08-07 10:16:32,643.54,2,Apparel,10.61,UPI,0.0,CUST000434,87,3,0,315385,Courier_C,3,0.3724,2,1,0
ORD000085109,2026-08-07 02:31:33,180.1,2,Electronics,0.0,COD,49.0,CUST027208,853,6,0,136130,Courier_D,2,0.2531,4,1,0
ORD000093894,2026-08-23 15:00:56,298.64,2,Beauty,0.0,COD,59.0,CUST002509,695,5,0,781167,Courier_D,2,0.2145,2,1,0
ORD000089210,2026-08-14 20:28:10,2091.11,2,Beauty,16.23,COD,20.0,CUST022682,189,2,0,762977,Courier_A,3,0.6312,0,19,1
ORD000089105,2026-08-14 15:56:37,630.85,3,Apparel,29.48,COD,99.0,CUST010947,478,4,0,400647,Courier_B,1,0.0725,1,1,0
ORD000099999,2026-09-03 23:57:10,2357.78,1,Apparel,0.0,Credit Card,0.0,CUST005320,120,1,0,571156,Courier_A,1,0.1197,0,1,0
ORD000096390,2026-08-28 06:44:09,231.87,1,Jewelry,0.0,UPI,0.0,CUST023901,90,0,0,245011,Courier_A,3,0.1,3,1,1
ORD000086142,2026-08-09 02:24:46,322.84,1,Jewelry,58.4,COD,20.0,CUST001115,439,3,0,103940,Courier_A,1,0.1129,0,2,0
ORD000085190,2026-08-07 05:57:47,616.71,1,Electronics,20.88,COD,29.0,CUST012089,534,3,0,842688,Courier_B,2,0.3667,6,12,0
ORD000090821,2026-08-17 19:08:55,546.98,4,Electronics,0.0,Net Banking,0.0,CUST010148,177,2,0,281969,Courier_A,2,0.2375,0,1,0
ORD000092904,2026-08-21 18:28:49,1307.8,2,Electronics,39.38,COD,59.0,CUST018655,163,3,0,212415,Courier_D,2,0.0792,0,1,0
ORD000099035,2026-09-02 05:08:29,1274.72,2,Apparel,2.05,UPI,0.0,CUST029681,231,2,0,924384,Courier_B,1,0.3261,2,1,1
ORD000093029,2026-08-22 00:20:38,265.26,2,Apparel,0.0,COD,49.0,CUST020127,51,1,0,856071,Courier_B,2,0.1584,1,15,0
ORD000094169,2026-08-24 03:59:56,393.19,3,Footwear,14.49,COD,29.0,CUST006645,351,1,0,768338,Courier_B,1,0.2271,1,1,1
ORD000093939,2026-08-23 17:23:32,646.66,1,Apparel,0.0,UPI,0.0,CUST008389,792,2,0,359234,Courier_C,2,0.0796,0,1,0
ORD000094715,2026-08-25 04:12:57,259.99,1,Home,0.0,COD,99.0,CUST012278,0,0,0,539453,Courier_A,2,0.1823,2,2,0
ORD000093180,2026-08-22 07:13:58,1046.28,4,Beauty,0.0,COD,29.0,CUST021763,1690,4,0,899817,Courier_E,2,0.5052,1,1,1
ORD000096406,2026-08-28 07:29:32,649.04,4,Beauty,0.0,UPI,0.0,CUST005200,91,8,1,934886,Courier_C,1,0.0705,0,2,0
ORD000090426,2026-08-17 01:41:55,204.07,3,Electronics,9.43,COD,39.0,CUST013828,1967,2,0,185153,Courier_C,2,0.3309,3,5,0
ORD000094362,2026-08-24 12:45:27,1482.65,5,Home,22.75,Debit Card,0.0,CUST002109,332,1,0,924384,Courier_E,1,0.2465,3,1,0
ORD000094744,2026-08-25 05:29:33,573.66,3,Electronics,0.0,COD,39.0,CUST008621,224,7,0,806683,Courier_B,2,0.2343,1,1,1
ORD000086367,2026-08-09 12:46:07,332.36,2,Apparel,0.0,COD,99.0,CUST013535,23,7,0,965874,Courier_A,3,0.2752,1,1,1
ORD000090909,2026-08-17 23:31:31,717.84,2,Apparel,0.0,UPI,0.0,CUST019137,459,4,0,951351,Courier_E,2,0.0887,2,1,0
ORD000099382,2026-09-02 20:06:37,3240.45,1,Electronics,0.0,COD,49.0,CUST025277,205,3,1,895645,Courier_B,2,0.2816,1,1,1
ORD000093681,2026-08-23 04:36:22,842.27,1,Apparel,0.0,UPI,0.0,CUST010575,63,4,0,600859,Courier_E,3,0.1266,2,1,0
ORD000098192,2026-08-31 16:11:53,898.54,5,Apparel,21.69,UPI,0.0,CUST023721,76,3,0,643532,Courier_B,3,0.1821,4,1,0
ORD000086820,2026-08-10 08:58:13,325.37,4,Apparel,22.31,COD,79.0,CUST017042,1122,1,0,663408,Courier_C,1,0.0196,0,2,0
ORD000087725,2026-08-12 02:59:43,2362.36,3,Home,0.0,COD,39.0,CUST007327,538,2,0,212415,Courier_A,2,0.0946,1,4,0
ORD000095072,2026-08-25 20:32:20,836.08,4,Apparel,0.0,UPI,0.0,CUST020297,189,2,0,762648,Courier_D,2,0.1385,0,1,0
ORD000096522,2026-08-28 12:13:48,449.73,1,Home,0.0,COD,39.0,CUST020928,203,3,0,514284,Courier_B,1,0.2606,2,1,1
ORD000085857,2026-08-08 13:50:44,223.44,1,Apparel,0.0,COD,39.0,CUST020109,1803,6,0,147717,Courier_B,1,0.0862,0,1,0
ORD000088016,2026-08-12 14:34:59,1779.23,1,Apparel,22.21,UPI,0.0,CUST004138,158,2,0,501971,Courier_B,2,0.2616,0,1,0
ORD000092855,2026-08-21 16:48:29,998.52,1,Home,18.26,COD,79.0,CUST006713,173,6,0,895645,Courier_A,2,0.2239,4,1,0
ORD000095800,2026-08-27 05:44:44,832.68,4,Electronics,21.43,COD,39.0,CUST022705,80,1,0,554088,Courier_B,2,0.0839,5,1,0
ORD000099687,2026-09-03 10:06:52,457.59,5,Electronics,28.26,UPI,0.0,CUST011453,99,5,1,490517,Courier_C,3,0.0427,2,1,1
ORD000093899,2026-08-23 15:11:21,1009.6,1,Footwear,0.0,COD,39.0,CUST018911,40,3,0,964105,Courier_D,2,0.2429,3,5,0
ORD000089764,2026-08-15 19:35:10,1361.18,2,Beauty,3.62,COD,49.0,CUST012894,504,3,1,132452,Courier_D,2,0.045,2,1,0
ORD000093052,2026-08-22 01:16:11,804.43,2,Apparel,0.0,UPI,0.0,CUST027248,1051,1,0,793758,Courier_B,1,0.1087,1,1,0
ORD000099911,2026-09-03 19:47:47,384.47,3,Electronics,0.0,COD,49.0,CUST019009,403,3,0,774402,Courier_D,2,0.1873,0,1,0
ORD000095536,2026-08-26 17:43:38,409.94,1,Electronics,37.65,Credit Card,0.0,CUST025373,395,5,0,195250,Courier_A,1,0.4106,1,1,0
ORD000089910,2026-08-16 02:38:55,822.91,1,Electronics,13.93,COD,59.0,CUST025402,690,2,0,801962,Courier_D,3,0.2263,2,1,0
ORD000090929,2026-08-18 00:04:03,430.87,2,Apparel,2.03,UPI,0.0,CUST024633,130,3,0,582626,Courier_D,1,0.0942,0,1,0
ORD000089136,2026-08-14 17:14:34,142.02,1,Footwear,36.23,UPI,0.0,CUST016091,665,6,0,206110,Courier_A,3,0.0903,0,1,0
ORD000089056,2026-08-14 13:26:20,251.35,1,Beauty,0.0,UPI,0.0,CUST017822,342,4,0,905920,Courier_A,2,0.1487,1,1,0
ORD000088225,2026-08-12 23:23:06,572.54,2,Footwear,32.27,UPI,0.0,CUST002273,244,3,0,928381,Courier_B,3,0.2934,5,1,0
ORD000096287,2026-08-28 02:01:44,181.45,1,Apparel,0.0,COD,59.0,CUST013251,245,4,0,379104,Courier_C,3,0.0,0,1,0
ORD000089957,2026-08-16 05:11:17,462.74,2,Apparel,0.0,COD,39.0,CUST024437,258,4,0,222847,Courier_D,2,0.2689,0,1,1
ORD000087346,2026-08-11 09:07:04,497.94,1,Footwear,11.37,Debit Card,0.0,CUST013578,798,2,1,490092,Courier_A,3,0.1016,1,5,0
ORD000096881,2026-08-29 03:21:56,375.02,4,Jewelry,32.23,Credit Card,0.0,CUST005716,492,7,1,226126,Courier_A,2,0.234,2,1,0
ORD000092875,2026-08-21 17:35:36,344.1,3,Beauty,0.0,Credit Card,0.0,CUST010882,37,7,0,386049,Courier_A,2,0.0782,1,4,0
ORD000096409,2026-08-28 07:33:10,514.6,2,Footwear,24.0,COD,79.0,CUST009267,41,5,1,916996,Courier_B,1,0.2255,1,1,1
ORD000096154,2026-08-27 20:27:59,1212.22,1,Electronics,0.0,UPI,0.0,CUST014043,1474,2,0,258959,Courier_D,3,0.1561,1,2,0
ORD000090401,2026-08-17 00:38:45,627.2,3,Apparel,0.0,COD,20.0,CUST026072,261,3,0,178814,Courier_B,3,0.2197,0,15,1
ORD000092579,2026-08-21 04:38:57,787.74,1,Beauty,0.0,COD,79.0,CUST011514,653,5,0,820543,Courier_A,2,0.0,1,1,1
ORD000087555,2026-08-11 18:54:42,515.11,1,Beauty,0.0,COD,49.0,CUST003119,63,7,0,210439,Courier_E,2,0.4919,2,3,1
ORD000094355,2026-08-24 12:33:29,2389.45,1,Beauty,4.26,Credit Card,0.0,CUST011019,54,4,0,916996,Courier_E,1,0.2364,0,2,0
ORD000088622,2026-08-13 17:30:44,1642.66,2,Jewelry,18.14,COD,39.0,CUST024987,376,3,0,592322,Courier_C,2,0.089,2,1,0
ORD000095260,2026-08-26 05:32:44,1296.69,3,Apparel,3.99,Credit Card,0.0,CUST022713,266,3,0,488554,Courier_E,3,0.4626,3,1,0
ORD000089760,2026-08-15 19:25:53,852.81,2,Apparel,0.0,COD,49.0,CUST010712,0,0,0,588166,Courier_C,2,0.0981,2,4,0
ORD000096371,2026-08-28 06:02:57,163.28,2,Beauty,16.26,UPI,0.0,CUST005252,172,5,0,659264,Courier_E,2,0.3035,1,1,0
ORD000092910,2026-08-21 18:38:17,2249.71,1,Apparel,0.0,Credit Card,0.0,CUST008477,536,4,1,500693,Courier_A,1,0.0315,2,1,0
ORD000098634,2026-09-01 12:07:02,509.43,2,Electronics,7.74,COD,29.0,CUST022373,211,3,0,860304,Courier_E,3,0.1113,0,1,0
ORD000091227,2026-08-18 14:27:15,545.29,3,Electronics,10.53,Credit Card,0.0,CUST000998,83,5,0,678032,Courier_C,3,0.5483,1,1,0
ORD000097943,2026-08-31 04:21:31,884.86,2,Apparel,0.62,Net Banking,0.0,CUST009970,377,9,0,557252,Courier_A,3,0.1153,1,1,1
ORD000096920,2026-08-29 04:59:21,1780.04,3,Electronics,0.0,COD,49.0,CUST008989,324,4,0,889948,Courier_B,2,0.0833,3,1,0
ORD000094102,2026-08-24 00:59:22,410.54,2,Home,0.0,Net Banking,0.0,CUST001561,206,3,1,250897,Courier_D,1,0.0243,0,9,0
ORD000095258,2026-08-26 05:22:25,233.56,1,Apparel,29.96,Net Banking,0.0,CUST013172,209,2,0,222847,Courier_E,2,0.2831,0,1,0
ORD000091149,2026-08-18 10:44:27,650.58,2,Apparel,32.98,COD,39.0,CUST001384,0,0,0,691898,Courier_A,1,0.3429,2,4,1
ORD000094833,2026-08-25 09:07:50,283.47,4,Footwear,20.53,Credit Card,0.0,CUST004504,152,1,1,331725,Courier_C,3,0.019,0,1,0
ORD000096756,2026-08-28 22:16:47,933.03,3,Jewelry,0.0,Credit Card,0.0,CUST011999,276,2,0,324722,Courier_C,1,0.1243,2,17,0
ORD000095680,2026-08-27 00:09:37,1156.03,2,Electronics,9.96,COD,59.0,CUST015199,184,2,0,717284,Courier_A,3,0.3607,1,1,1
ORD000093783,2026-08-23 08:50:48,295.67,3,Footwear,26.16,COD,39.0,CUST005796,76,3,0,609182,Courier_B,2,0.1239,0,1,0
ORD000087790,2026-08-12 05:47:02,726.38,2,Electronics,33.83,COD,49.0,CUST006757,58,4,0,632716,Courier_C,2,0.0874,0,1,0
ORD000097549,2026-08-30 10:24:51,5023.02,3,Beauty,4.38,COD,49.0,CUST000707,366,2,0,854070,Courier_B,1,0.104,0,1,0
ORD000090931,2026-08-18 00:08:54,210.09,2,Apparel,0.0,UPI,0.0,CUST027026,3257,2,0,177411,Courier_E,2,0.3621,2,1,0
ORD000087516,2026-08-11 16:57:59,341.83,1,Beauty,0.0,COD,49.0,CUST026618,288,3,0,798962,Courier_C,1,0.3901,3,1,0
ORD000089659,2026-08-15 15:29:58,172.57,2,Footwear,29.04,COD,49.0,CUST014127,46,3,0,370685,Courier_B,2,0.1718,0,1,1
ORD000092995,2026-08-21 22:20:10,392.09,3,Footwear,13.75,COD,49.0,CUST003427,985,3,0,750176,Courier_C,2,0.0584,2,1,0
ORD000096016,2026-08-27 14:44:20,86.2,2,Apparel,0.0,COD,49.0,CUST020214,169,4,0,805875,Courier_B,3,0.3398,1,1,1
ORD000086371,2026-08-09 12:57:07,903.23,3,Beauty,0.0,COD,29.0,CUST024975,183,2,0,619405,Courier_B,2,0.2693,0,1,0
ORD000099935,2026-09-03 20:49:32,1016.01,1,Beauty,14.86,UPI,0.0,CUST023762,75,2,0,931973,Courier_B,3,0.3242,1,1,0
ORD000092773,2026-08-21 13:31:43,451.25,2,Apparel,0.0,COD,39.0,CUST027420,1445,2,0,353006,Courier_C,3,0.0607,2,15,0
ORD000088931,2026-08-14 07:01:01,295.52,1,Electronics,0.0,Debit Card,0.0,CUST018543,134,7,0,962762,Courier_E,2,0.3262,2,5,0
ORD000094954,2026-08-25 14:41:18,96.71,1,Electronics,17.43,COD,39.0,CUST009376,256,3,1,678850,Courier_B,1,0.2961,0,3,1
ORD000095436,2026-08-26 12:33:40,2071.21,1,Footwear,7.44,UPI,0.0,CUST010224,211,3,0,702122,Courier_C,3,0.1622,2,1,1
ORD000095881,2026-08-27 09:28:32,549.46,4,Electronics,46.38,UPI,0.0,CUST024870,195,6,0,238180,Courier_A,3,0.1295,1,1,0
ORD000087837,2026-08-12 07:44:32,664.58,1,Beauty,0.0,UPI,0.0,CUST000182,960,6,0,951351,Courier_A,2,0.0108,1,8,0
ORD000095139,2026-08-25 23:58:19,140.15,1,Electronics,0.0,UPI,0.0,CUST017979,251,2,0,602801,Courier_A,3,0.2726,2,1,1
ORD000092424,2026-08-20 22:05:14,558.37,3,Footwear,0.0,UPI,0.0,CUST027438,231,2,0,807606,Courier_B,3,0.1091,3,3,1
ORD000093559,2026-08-22 23:29:37,343.69,5,Footwear,0.0,UPI,0.0,CUST020604,823,3,0,586006,Courier_B,2,0.5132,1,1,0
ORD000094969,2026-08-25 15:20:14,1370.63,3,Footwear,26.18,COD,59.0,CUST007432,657,4,0,969091,Courier_D,3,0.2599,3,5,0
ORD000090746,2026-08-17 16:09:43,568.79,2,Home,18.41,Credit Card,0.0,CUST003028,1196,1,0,907174,Courier_B,1,0.2373,3,1,0
ORD000085953,2026-08-08 18:24:01,685.02,2,Footwear,0.0,COD,79.0,CUST004007,245,2,0,104925,Courier_B,2,0.0487,2,5,0
ORD000099770,2026-09-03 13:19:48,221.69,1,Footwear,14.26,Credit Card,0.0,CUST001770,101,0,0,761074,Courier_A,2,0.122,1,1,0
ORD000096306,2026-08-28 03:07:43,341.61,5,Footwear,0.0,COD,29.0,CUST024763,232,5,1,908295,Courier_D,1,0.2318,2,1,0
ORD000087697,2026-08-12 01:47:51,773.75,5,Apparel,0.0,Debit Card,0.0,CUST004072,0,0,0,846055,Courier_A,1,0.0677,2,1,0
ORD000096173,2026-08-27 21:14:17,2134.39,2,Footwear,10.82,COD,20.0,CUST026749,179,3,0,598248,Courier_B,1,0.0833,2,1,0
ORD000087166,2026-08-11 00:01:36,636.21,1,Footwear,43.6,COD,20.0,CUST015132,802,7,0,971809,Courier_B,2,0.2039,4,15,0
ORD000093646,2026-08-23 02:47:29,2825.95,1,Apparel,0.0,Net Banking,0.0,CUST000785,348,5,0,186089,Courier_B,1,0.2661,1,1,0
ORD000090033,2026-08-16 08:46:14,199.34,4,Beauty,22.27,Credit Card,0.0,CUST012987,0,0,0,670928,Courier_D,2,0.221,1,1,0
ORD000095332,2026-08-26 09:01:33,1811.54,1,Footwear,22.76,Credit Card,0.0,CUST022233,157,4,0,204309,Courier_C,2,0.0,2,1,0
ORD000087474,2026-08-11 15:14:35,188.38,2,Beauty,11.48,COD,49.0,CUST002495,132,2,0,847491,Courier_B,1,0.2604,1,1,1
ORD000096805,2026-08-28 23:59:56,551.49,1,Apparel,0.0,Credit Card,0.0,CUST002436,335,0,0,630731,Courier_C,2,0.0913,1,1,0
ORD000099991,2026-09-03 23:46:03,428.56,2,Electronics,25.94,COD,49.0,CUST003337,245,4,1,371186,Courier_C,2,0.1426,0,2,1
ORD000087291,2026-08-11 06:23:11,1294.36,1,Home,7.48,COD,29.0,CUST013075,1249,4,0,507886,Courier_A,2,0.1384,2,1,0
ORD000096966,2026-08-29 07:17:02,1063.18,1,Home,0.0,COD,49.0,CUST028089,346,3,0,865916,Courier_C,3,0.1581,0,1,0
ORD000093452,2026-08-22 19:41:34,419.45,2,Jewelry,0.0,COD,29.0,CUST016854,181,6,0,564162,Courier_C,3,0.1001,1,1,0
ORD000095811,2026-08-27 06:18:36,483.29,3,Electronics,0.0,UPI,0.0,CUST020908,79,3,0,279683,Courier_C,3,0.3949,1,1,0
ORD000096517,2026-08-28 11:59:54,575.48,1,Footwear,0.0,Credit Card,0.0,CUST015871,70,2,0,804849,Courier_B,1,0.3474,3,1,1
ORD000094018,2026-08-23 21:16:56,2324.14,1,Apparel,13.86,COD,39.0,CUST001392,0,0,0,762977,Courier_A,3,0.5523,1,9,0
ORD000095357,2026-08-26 09:43:35,600.38,3,Beauty,22.05,COD,49.0,CUST009343,960,2,0,865916,Courier_E,3,0.0699,2,1,0
ORD000097602,2026-08-30 12:48:41,854.12,4,Home,26.18,COD,39.0,CUST006652,389,2,0,491305,Courier_E,3,0.1361,1,20,1
ORD000094770,2026-08-25 06:38:54,1179.48,2,Home,0.0,UPI,0.0,CUST004676,219,2,1,140279,Courier_A,2,0.2603,3,6,0
ORD000091907,2026-08-19 22:47:08,896.04,1,Electronics,3.44,Debit Card,0.0,CUST009976,213,3,1,769586,Courier_B,2,0.0935,1,1,0
ORD000097987,2026-08-31 06:11:57,419.17,1,Beauty,45.36,Debit Card,0.0,CUST025184,478,3,0,157373,Courier_B,3,0.6609,0,1,1
ORD000097134,2026-08-29 14:59:22,601.2,2,Footwear,0.0,COD,99.0,CUST023641,476,8,0,632716,Courier_D,2,0.1163,0,15,0
ORD000090949,2026-08-18 01:06:22,321.73,1,Home,0.0,COD,39.0,CUST010741,21,6,0,498642,Courier_C,2,0.4391,0,5,0
ORD000094425,2026-08-24 15:15:35,4009.75,2,Apparel,0.0,COD,59.0,CUST026322,132,5,0,861837,Courier_E,3,0.3971,0,2,1
ORD000098608,2026-09-01 11:07:07,607.49,2,Footwear,31.97,COD,99.0,CUST029173,88,7,0,703517,Courier_C,3,0.0597,0,14,0
ORD000089623,2026-08-15 14:15:28,575.31,1,Beauty,0.0,COD,49.0,CUST020880,572,4,1,726119,Courier_D,2,0.4905,1,1,0
ORD000097216,2026-08-29 19:05:34,510.48,1,Jewelry,25.32,COD,49.0,CUST026266,115,2,1,664785,Courier_A,3,0.1464,2,1,1
ORD000091755,2026-08-19 17:03:44,348.9,1,Electronics,11.24,UPI,0.0,CUST017235,240,3,0,962688,Courier_A,3,0.1214,1,4,0
ORD000091001,2026-08-18 03:19:55,421.42,3,Electronics,41.81,COD,59.0,CUST017628,147,3,0,131620,Courier_A,3,0.0356,2,1,0
ORD000088365,2026-08-13 05:45:29,592.93,3,Apparel,19.44,Debit Card,0.0,CUST000686,249,3,0,353929,Courier_D,2,0.3577,0,1,0
ORD000089250,2026-08-14 21:55:33,846.64,2,Footwear,0.0,Debit Card,0.0,CUST006586,654,5,0,404286,Courier_C,3,0.3086,2,1,0
ORD000085120,2026-08-07 03:18:43,581.09,3,Electronics,31.36,COD,39.0,CUST017630,722,4,0,669408,Courier_A,2,0.1772,1,5,1
ORD000096971,2026-08-29 07:31:18,131.85,2,Apparel,17.32,Debit Card,0.0,CUST020895,318,2,0,616639,Courier_A,2,0.2147,2,1,0
ORD000089052,2026-08-14 13:19:40,514.05,1,Apparel,0.0,COD,59.0,CUST019672,318,1,0,815357,Courier_A,1,0.1486,0,1,0
ORD000085311,2026-08-07 12:13:21,224.19,3,Apparel,0.0,Debit Card,0.0,CUST029851,309,7,1,427679,Courier_C,1,0.2379,2,1,0
ORD000096092,2026-08-27 17:59:54,716.92,6,Home,0.0,COD,29.0,CUST005021,68,2,0,870294,Courier_D,1,0.2771,1,3,1
ORD000087522,2026-08-11 17:15:23,559.78,1,Beauty,25.78,COD,79.0,CUST007855,82,2,0,233585,Courier_A,1,0.132,1,1,0
ORD000091159,2026-08-18 11:14:35,665.69,4,Apparel,6.72,Credit Card,0.0,CUST008936,190,5,0,672511,Courier_B,2,0.1615,1,1,0
ORD000098954,2026-09-02 01:32:47,1386.44,1,Home,0.0,Debit Card,0.0,CUST018014,177,4,0,184960,Courier_E,3,0.2482,1,1,0
ORD000088064,2026-08-12 16:22:38,942.63,1,Electronics,13.65,UPI,0.0,CUST000863,898,1,0,880310,Courier_C,3,0.2303,2,1,0
ORD000090963,2026-08-18 01:31:28,817.89,1,Apparel,9.1,COD,39.0,CUST016761,1587,4,0,119888,Courier_C,3,0.1799,3,3,1
ORD000086344,2026-08-09 12:05:38,420.72,1,Home,0.0,UPI,0.0,CUST025776,516,5,0,261232,Courier_B,3,0.0854,1,2,0
ORD000085563,2026-08-08 00:40:48,668.43,1,Apparel,8.61,UPI,0.0,CUST027407,281,4,1,684370,Courier_A,1,0.2596,2,5,0
ORD000086709,2026-08-10 04:40:35,478.46,3,Footwear,14.31,UPI,0.0,CUST023934,1052,2,0,670233,Courier_B,3,0.1276,2,1,0
ORD000098729,2026-09-01 15:40:51,492.43,2,Electronics,47.88,UPI,0.0,CUST011648,0,0,0,312650,Courier_A,1,0.0697,1,1,1
ORD000091642,2026-08-19 11:39:24,1060.69,3,Apparel,0.0,COD,49.0,CUST014880,134,3,0,951133,Courier_B,2,0.2517,2,4,1
ORD000096820,2026-08-29 00:35:31,1348.71,3,Beauty,9.57,COD,29.0,CUST011424,79,5,0,184063,Courier_A,3,0.1262,1,1,0
ORD000092305,2026-08-20 16:58:30,862.18,2,Jewelry,14.72,Debit Card,0.0,CUST000445,1855,2,0,715917,Courier_B,2,0.2274,0,1,0
ORD000085307,2026-08-07 12:03:34,667.14,6,Electronics,0.0,Debit Card,0.0,CUST003683,45,5,0,388496,Courier_B,3,0.1469,1,4,0
ORD000096073,2026-08-27 16:56:35,194.58,3,Apparel,0.0,COD,39.0,CUST004047,270,3,2,363985,Courier_B,2,0.1393,2,2,0
ORD000088701,2026-08-13 21:07:18,150.25,3,Beauty,54.56,Debit Card,0.0,CUST014614,726,3,1,218921,Courier_D,2,0.3085,1,5,0
ORD000093930,2026-08-23 17:09:43,252.07,1,Home,0.0,Credit Card,0.0,CUST007788,0,0,0,396628,Courier_A,2,0.1071,2,5,0
ORD000086965,2026-08-10 16:13:09,2345.34,2,Electronics,0.0,COD,99.0,CUST026016,122,4,0,226095,Courier_A,3,0.0934,0,1,0
ORD000087010,2026-08-10 17:53:24,15000.0,2,Footwear,8.1,UPI,0.0,CUST001827,148,8,2,795787,Courier_C,3,0.2435,4,1,0
ORD000095535,2026-08-26 17:42:58,839.01,2,Apparel,17.01,COD,20.0,CUST024128,69,5,0,229964,Courier_A,2,0.2037,5,1,0
ORD000086760,2026-08-10 06:40:29,1175.51,3,Footwear,18.23,COD,59.0,CUST019413,1504,5,0,645986,Courier_B,1,0.2731,2,2,0
ORD000085408,2026-08-07 17:01:38,930.57,3,Apparel,4.06,Credit Card,0.0,CUST024813,60,3,0,782085,Courier_B,2,0.3459,2,1,0
ORD000092706,2026-08-21 10:14:55,1421.78,5,Beauty,0.0,COD,39.0,CUST019759,495,3,1,805607,Courier_A,1,0.1478,3,1,0
ORD000099564,2026-09-03 04:42:26,642.32,4,Footwear,13.93,COD,49.0,CUST006367,1050,3,0,225902,Courier_E,3,0.2038,2,4,0
ORD000088108,2026-08-12 17:55:12,1989.51,1,Apparel,0.0,Debit Card,0.0,CUST016247,112,3,1,792986,Courier_B,1,0.2458,1,5,0
ORD000089018,2026-08-14 11:49:29,393.27,1,Electronics,0.0,Credit Card,0.0,CUST001896,139,5,0,781167,Courier_A,2,0.1916,1,1,0
ORD000088455,2026-08-13 10:14:09,774.04,5,Footwear,1.7,COD,59.0,CUST028538,692,2,0,424590,Courier_A,2,0.3275,2,1,0
ORD000092907,2026-08-21 18:33:32,900.76,1,Apparel,0.0,COD,49.0,CUST018566,598,3,0,386699,Courier_B,1,0.2154,2,1,0
ORD000085378,2026-08-07 15:33:46,629.37,2,Electronics,0.0,UPI,0.0,CUST024315,370,2,0,356115,Courier_B,2,0.3419,3,1,1
ORD000089059,2026-08-14 13:39:46,2619.64,2,Apparel,39.49,UPI,0.0,CUST002445,217,1,0,670928,Courier_D,2,0.2393,3,1,1
ORD000091229,2026-08-18 14:31:23,164.79,1,Apparel,36.48,COD,49.0,CUST003953,28,1,0,195440,Courier_A,2,0.3704,4,1,0
ORD000095453,2026-08-26 13:28:09,1657.52,2,Home,4.25,UPI,0.0,CUST018197,209,4,0,703517,Courier_D,3,0.0898,0,1,0
ORD000096368,2026-08-28 05:53:17,782.6,5,Apparel,0.0,UPI,0.0,CUST000531,259,6,0,835190,Courier_C,2,0.4958,1,1,0
ORD000095064,2026-08-25 19:48:19,247.6,2,Electronics,0.0,COD,29.0,CUST009656,269,4,0,249457,Courier_E,1,0.1781,1,4,0
ORD000096100,2026-08-27 18:26:23,412.83,1,Apparel,0.0,COD,39.0,CUST026484,148,2,1,139108,Courier_B,1,0.1292,0,1,1
ORD000085948,2026-08-08 18:14:17,1142.37,4,Apparel,0.0,COD,39.0,CUST021929,100,6,1,698997,Courier_C,2,0.1283,1,1,0
ORD000098442,2026-09-01 03:15:57,451.57,2,Apparel,1.0,Credit Card,0.0,CUST025512,546,0,0,966726,Courier_B,3,0.4253,1,1,0
ORD000092296,2026-08-20 16:38:22,209.46,2,Beauty,25.99,COD,59.0,CUST016539,743,4,0,494711,Courier_A,3,0.4821,2,4,1
ORD000095966,2026-08-27 12:39:31,600.27,2,Home,34.41,UPI,0.0,CUST011254,827,2,0,670883,Courier_C,1,0.1899,0,2,0
ORD000092976,2026-08-21 21:19:19,1151.14,1,Electronics,0.0,COD,79.0,CUST002475,221,6,0,238093,Courier_A,3,0.18,4,5,0
ORD000086056,2026-08-08 22:26:41,3270.46,3,Apparel,6.16,COD,29.0,CUST003550,2521,2,0,467325,Courier_C,2,0.1836,2,1,0
ORD000087473,2026-08-11 15:13:37,601.93,3,Electronics,0.0,Debit Card,0.0,CUST020136,595,4,0,206944,Courier_A,3,0.2679,2,3,0
ORD000095579,2026-08-26 19:59:22,307.81,2,Apparel,10.67,UPI,0.0,CUST017938,349,4,1,238180,Courier_A,3,0.0955,3,1,0
ORD000088466,2026-08-13 10:50:31,769.31,1,Footwear,0.0,UPI,0.0,CUST029965,173,2,0,929214,Courier_B,1,0.3019,0,5,0
ORD000091841,2026-08-19 19:57:05,297.04,2,Electronics,14.34,COD,59.0,CUST029430,128,9,0,962006,Courier_C,3,0.1056,2,1,0
ORD000088296,2026-08-13 02:16:12,1289.16,4,Electronics,22.85,Credit Card,0.0,CUST025248,500,2,0,930588,Courier_B,2,0.3286,3,1,0
ORD000091925,2026-08-19 23:23:41,688.87,2,Home,15.7,UPI,0.0,CUST005844,1050,2,0,568336,Courier_E,3,0.0879,0,1,0
ORD000089922,2026-08-16 03:25:06,258.83,2,Home,22.96,Debit Card,0.0,CUST014474,344,2,0,240669,Courier_C,2,0.1752,1,1,0
ORD000099361,2026-09-02 19:08:07,206.31,1,Apparel,8.42,COD,49.0,CUST006519,233,3,1,729178,Courier_D,3,0.0239,0,1,0
ORD000099344,2026-09-02 18:31:49,269.06,1,Footwear,0.0,UPI,0.0,CUST017587,0,0,0,952372,Courier_C,1,0.2948,1,1,0
ORD000085756,2026-08-08 09:42:35,428.86,3,Apparel,0.0,Credit Card,0.0,CUST003373,1299,2,0,547190,Courier_A,2,0.6252,2,1,0
ORD000090656,2026-08-17 11:43:53,1535.19,1,Footwear,0.0,Debit Card,0.0,CUST009875,157,5,3,228695,Courier_A,3,0.0803,2,1,1
ORD000088309,2026-08-13 03:00:47,1097.14,2,Apparel,47.96,Credit Card,0.0,CUST018371,32,3,0,446431,Courier_A,3,0.4633,1,1,1
ORD000096571,2026-08-28 14:00:23,513.38,3,Beauty,0.0,UPI,0.0,CUST012537,290,4,0,504976,Courier_A,1,0.147,2,1,0
ORD000099868,2026-09-03 17:48:24,403.72,2,Apparel,0.0,COD,49.0,CUST020259,131,2,1,752908,Courier_C,2,0.4141,2,1,0
ORD000093166,2026-08-22 06:27:29,845.53,1,Beauty,0.0,COD,20.0,CUST002798,177,4,0,277274,Courier_A,2,0.1241,2,1,1
ORD000085068,2026-08-07 00:37:59,968.45,2,Footwear,29.94,COD,49.0,CUST020305,134,5,1,229964,Courier_E,2,0.1984,0,1,0
ORD000095641,2026-08-26 22:32:26,253.19,2,Electronics,0.0,Debit Card,0.0,CUST015241,380,3,0,343411,Courier_D,3,0.1111,0,4,0
ORD000088080,2026-08-12 16:54:24,591.31,1,Apparel,0.0,COD,49.0,CUST005955,67,3,0,225182,Courier_A,3,0.1372,1,1,0
ORD000092716,2026-08-21 10:38:15,924.72,1,Footwear,0.0,Credit Card,0.0,CUST020294,0,0,0,813035,Courier_A,2,0.177,2,1,0
ORD000092269,2026-08-20 15:28:09,938.27,1,Beauty,7.1,COD,79.0,CUST013819,201,7,0,600859,Courier_A,3,0.0998,1,1,0
ORD000096347,2026-08-28 05:06:55,407.12,4,Electronics,30.02,Credit Card,0.0,CUST019018,146,4,0,356115,Courier_A,2,0.3384,3,1,0
ORD000099132,2026-09-02 09:18:48,707.85,2,Electronics,9.88,COD,49.0,CUST020187,145,4,0,160837,Courier_A,3,0.0979,2,3,0
ORD000096473,2026-08-28 09:38:01,2688.63,2,Apparel,4.87,Credit Card,0.0,CUST000361,701,3,0,245011,Courier_B,3,0.0885,1,5,0
ORD000099489,2026-09-03 01:17:45,567.98,2,Electronics,23.83,UPI,0.0,CUST018951,95,1,0,225902,Courier_B,3,0.203,0,1,0
ORD000093030,2026-08-22 00:20:47,538.64,3,Home,0.0,UPI,0.0,CUST008723,555,2,0,212415,Courier_A,2,0.0982,2,1,0
ORD000097600,2026-08-30 12:44:52,458.81,2,Footwear,0.0,COD,29.0,CUST012241,2641,8,0,703517,Courier_A,3,0.0673,3,1,1
ORD000089174,2026-08-14 18:51:59,391.72,2,Electronics,41.58,COD,79.0,CUST024549,0,0,0,531320,Courier_E,2,0.3892,2,3,1
ORD000087365,2026-08-11 10:04:54,282.57,4,Electronics,0.0,COD,99.0,CUST018738,66,5,0,821498,Courier_E,2,0.0235,1,1,1
ORD000086108,2026-08-09 00:56:59,641.41,1,Beauty,18.92,COD,29.0,CUST027237,121,2,0,537642,Courier_A,2,0.0,0,1,0
ORD000088086,2026-08-12 17:08:41,779.96,2,Footwear,0.0,COD,59.0,CUST024216,174,4,1,793758,Courier_A,1,0.1607,0,1,0
ORD000099478,2026-09-03 00:54:06,503.88,1,Apparel,14.26,COD,39.0,CUST005080,53,5,0,433355,Courier_A,1,0.0891,1,4,0
ORD000089127,2026-08-14 16:42:22,964.6,1,Apparel,0.0,COD,29.0,CUST020520,410,3,0,216367,Courier_D,2,0.201,1,1,1
ORD000088710,2026-08-13 21:16:36,285.88,4,Apparel,0.0,UPI,0.0,CUST016038,153,2,0,359241,Courier_C,2,0.129,1,1,0
ORD000087705,2026-08-12 02:07:39,619.71,2,Apparel,0.0,UPI,0.0,CUST010017,31,2,0,895645,Courier_A,2,0.2455,1,1,0
ORD000090674,2026-08-17 12:29:11,374.62,2,Apparel,0.0,COD,29.0,CUST011762,139,4,0,366709,Courier_D,2,0.1804,0,2,0
ORD000087583,2026-08-11 19:53:31,729.76,2,Beauty,0.0,COD,49.0,CUST010951,31,4,1,929407,Courier_A,1,0.115,2,5,0
ORD000090672,2026-08-17 12:27:53,700.91,1,Beauty,0.0,COD,49.0,CUST018433,291,0,0,181777,Courier_B,3,0.2345,0,1,1
ORD000095295,2026-08-26 07:11:43,6164.72,3,Apparel,0.0,Credit Card,0.0,CUST023278,83,4,0,323441,Courier_B,1,0.2482,5,1,0
ORD000090675,2026-08-17 12:34:53,455.54,3,Electronics,7.18,COD,49.0,CUST004807,240,0,0,798962,Courier_C,1,0.4223,1,1,0
ORD000090610,2026-08-17 09:45:23,2094.51,2,Home,15.73,COD,99.0,CUST000444,90,6,2,764101,Courier_A,3,0.2835,4,10,1
ORD000096082,2026-08-27 17:16:43,439.96,3,Beauty,0.0,COD,39.0,CUST004099,1682,2,0,578841,Courier_A,3,0.2359,2,1,0
ORD000090055,2026-08-16 09:56:41,423.85,3,Electronics,0.0,Credit Card,0.0,CUST009842,359,6,0,762648,Courier_C,2,0.1133,3,1,0
ORD000099522,2026-09-03 03:00:38,3485.9,1,Apparel,10.25,UPI,0.0,CUST011999,276,3,0,348656,Courier_B,2,0.1365,2,1,0
ORD000086614,2026-08-10 00:02:33,2741.27,2,Electronics,0.0,COD,79.0,CUST021455,267,3,0,216395,Courier_B,1,0.3611,1,1,0
ORD000095196,2026-08-26 02:36:03,2747.9,6,Beauty,0.0,COD,49.0,CUST007057,363,5,1,802087,Courier_C,2,0.2484,1,1,1
ORD000095643,2026-08-26 22:36:27,450.1,1,Electronics,0.0,COD,99.0,CUST018765,204,5,0,382916,Courier_A,1,0.0459,3,1,0
ORD000095224,2026-08-26 03:57:57,547.99,2,Footwear,26.7,Credit Card,0.0,CUST022534,51,7,0,953933,Courier_D,3,0.1313,1,4,0
ORD000093258,2026-08-22 10:36:24,1374.58,2,Jewelry,29.25,COD,99.0,CUST004398,296,3,1,411928,Courier_A,2,0.3166,1,1,0
ORD000099931,2026-09-03 20:46:01,878.56,2,Footwear,0.0,COD,29.0,CUST007045,184,2,0,756766,Courier_B,3,0.07,3,1,1
ORD000085497,2026-08-07 20:49:02,308.91,1,Jewelry,23.44,COD,59.0,CUST017429,163,5,0,117556,Courier_E,3,0.2967,1,1,1
ORD000089583,2026-08-15 12:36:26,261.15,3,Electronics,22.74,Net Banking,0.0,CUST000565,344,4,0,654364,Courier_B,2,0.0769,1,1,0
ORD000094222,2026-08-24 06:27:23,911.16,2,Home,34.01,COD,39.0,CUST024484,165,6,1,427170,Courier_E,3,0.0965,0,1,0
ORD000098264,2026-08-31 19:42:58,472.87,2,Home,14.52,COD,99.0,CUST023344,377,5,0,481328,Courier_A,2,0.1367,2,2,0
ORD000089421,2026-08-15 05:25:10,762.12,4,Home,0.0,COD,79.0,CUST021834,704,2,0,826264,Courier_A,3,0.2464,1,5,0
ORD000086510,2026-08-09 19:56:43,1107.64,1,Electronics,0.0,Credit Card,0.0,CUST016345,55,5,0,568632,Courier_A,3,0.1365,1,1,0
ORD000096276,2026-08-28 01:29:29,889.03,2,Apparel,12.24,COD,79.0,CUST018042,607,5,1,202976,Courier_C,1,0.0967,2,1,0
ORD000086128,2026-08-09 01:43:04,972.08,3,Electronics,22.01,COD,39.0,CUST010707,381,2,0,670883,Courier_C,1,0.0973,2,1,0
ORD000085757,2026-08-08 09:47:13,1105.96,2,Apparel,7.29,UPI,0.0,CUST018619,192,1,0,922291,Courier_D,2,0.3241,5,1,1
ORD000091406,2026-08-18 22:59:49,220.36,2,Beauty,0.0,UPI,0.0,CUST027334,232,4,1,329012,Courier_C,3,0.182,1,1,0
ORD000091571,2026-08-19 08:08:30,2681.04,1,Electronics,0.0,COD,39.0,CUST001031,403,3,0,871634,Courier_C,3,0.1834,1,1,0
ORD000093044,2026-08-22 00:55:40,910.07,4,Apparel,20.01,COD,39.0,CUST025921,98,5,0,515308,Courier_D,3,0.1602,3,1,0
ORD000087344,2026-08-11 09:00:42,473.91,3,Apparel,26.3,UPI,0.0,CUST017187,473,3,0,964105,Courier_A,2,0.3067,2,1,0
ORD000088535,2026-08-13 13:47:27,2492.54,1,Jewelry,34.05,Credit Card,0.0,CUST019430,748,4,0,512617,Courier_A,2,0.4005,0,1,0
ORD000098613,2026-09-01 11:26:48,607.55,2,Beauty,0.0,COD,39.0,CUST001404,229,5,0,475091,Courier_C,1,0.0014,0,1,0
ORD000085325,2026-08-07 12:43:57,757.16,1,Beauty,28.88,Credit Card,0.0,CUST018437,238,3,0,781551,Courier_E,2,0.1632,2,1,1
ORD000093502,2026-08-22 21:11:47,158.03,4,Beauty,0.0,UPI,0.0,CUST002239,37,3,0,408428,Courier_C,3,0.3063,1,4,0
ORD000087557,2026-08-11 18:59:51,2255.64,2,Electronics,0.0,COD,49.0,CUST009470,245,4,0,787311,Courier_C,2,0.1287,0,1,0
ORD000099720,2026-09-03 11:36:48,2038.5,2,Electronics,12.99,Credit Card,0.0,CUST003363,264,3,1,821498,Courier_B,2,0.0,1,1,0
ORD000092455,2026-08-20 23:32:38,1029.29,1,Electronics,0.0,UPI,0.0,CUST017638,552,5,0,249457,Courier_E,1,0.2061,3,1,0
ORD000086768,2026-08-10 07:00:45,476.87,2,Apparel,0.0,COD,39.0,CUST016486,107,2,0,281577,Courier_E,1,0.1163,1,1,1
ORD000096372,2026-08-28 06:03:31,561.92,3,Beauty,0.0,Net Banking,0.0,CUST011734,168,4,0,991596,Courier_A,1,0.1422,2,1,0
ORD000098222,2026-08-31 17:35:57,779.86,2,Electronics,28.68,UPI,0.0,CUST024033,292,6,1,197643,Courier_D,3,0.2139,0,1,0
ORD000095804,2026-08-27 05:51:14,526.7,3,Apparel,0.0,Credit Card,0.0,CUST008373,479,1,0,543559,Courier_E,1,0.0656,1,1,0
ORD000093475,2026-08-22 20:24:02,670.91,2,Footwear,26.02,COD,59.0,CUST008780,511,4,0,543559,Courier_C,1,0.0639,1,1,0
ORD000087425,2026-08-11 12:42:25,500.38,1,Footwear,33.76,COD,49.0,CUST013789,468,1,0,177611,Courier_A,3,0.2567,4,4,0
ORD000094474,2026-08-24 17:14:29,902.23,3,Beauty,27.13,COD,59.0,CUST005590,154,2,0,792986,Courier_A,1,0.2746,1,3,0
ORD000091319,2026-08-18 19:03:25,252.82,1,Electronics,0.0,UPI,0.0,CUST025748,127,4,0,529534,Courier_B,3,0.2179,2,1,1
ORD000089891,2026-08-16 01:55:54,611.29,2,Apparel,25.84,UPI,0.0,CUST022827,62,2,0,232968,Courier_A,1,0.1854,0,4,0
ORD000096501,2026-08-28 11:19:29,1425.13,5,Apparel,31.97,UPI,0.0,CUST025175,173,1,0,545658,Courier_B,3,0.131,3,1,0
ORD000096701,2026-08-28 19:54:26,5886.04,3,Footwear,0.0,Debit Card,0.0,CUST001471,102,3,0,847515,Courier_C,1,0.2328,0,1,0
ORD000091651,2026-08-19 11:51:14,414.48,2,Home,17.97,COD,39.0,CUST007823,400,6,0,853073,Courier_E,3,0.3763,0,2,0
ORD000087060,2026-08-10 19:47:36,2149.27,3,Jewelry,16.56,UPI,0.0,CUST017656,180,4,0,731788,Courier_B,3,0.0611,0,1,0
ORD000099085,2026-09-02 07:28:55,169.25,2,Apparel,35.47,UPI,0.0,CUST021534,63,4,0,564162,Courier_E,3,0.0951,3,19,0
ORD000092793,2026-08-21 13:59:09,319.13,1,Electronics,9.12,Debit Card,0.0,CUST018281,668,5,0,500528,Courier_A,1,0.1896,0,1,0
ORD000096495,2026-08-28 10:59:02,716.78,2,Beauty,7.81,UPI,0.0,CUST009705,112,3,0,773540,Courier_A,3,0.239,1,1,1
ORD000092527,2026-08-21 02:11:33,734.27,2,Apparel,19.04,COD,39.0,CUST007181,370,4,0,969852,Courier_C,2,0.193,1,1,0
ORD000093315,2026-08-22 13:34:25,979.36,2,Footwear,16.64,COD,79.0,CUST009972,528,3,0,490347,Courier_D,3,0.3571,0,1,0
ORD000086761,2026-08-10 06:41:25,641.03,2,Electronics,7.81,Debit Card,0.0,CUST014744,477,2,0,359241,Courier_C,2,0.2045,1,1,0
ORD000092255,2026-08-20 14:52:47,950.1,1,Footwear,0.0,COD,39.0,CUST012574,127,2,0,826888,Courier_D,2,0.0178,1,1,0
ORD000093504,2026-08-22 21:16:24,1540.92,1,Electronics,24.38,UPI,0.0,CUST002950,403,3,0,202341,Courier_B,1,0.1932,1,1,0
ORD000092747,2026-08-21 12:34:07,802.37,2,Electronics,32.87,COD,79.0,CUST021767,111,1,0,491298,Courier_A,1,0.1439,4,4,0
ORD000097743,2026-08-30 20:03:25,1063.55,4,Footwear,8.61,Credit Card,0.0,CUST015807,326,3,0,216367,Courier_C,2,0.1711,1,1,0
ORD000086632,2026-08-10 00:59:44,477.24,1,Apparel,0.0,UPI,0.0,CUST006037,427,2,0,916996,Courier_C,1,0.2141,3,3,0
ORD000099712,2026-09-03 11:16:25,430.67,2,Beauty,8.55,Credit Card,0.0,CUST028081,99,3,0,554088,Courier_A,2,0.073,5,2,1
ORD000091690,2026-08-19 14:14:59,3045.88,2,Apparel,0.0,UPI,0.0,CUST008890,696,3,0,639465,Courier_D,3,0.2399,2,1,1
ORD000086043,2026-08-08 21:56:41,1041.15,1,Apparel,37.88,COD,29.0,CUST013787,120,4,0,717284,Courier_D,3,0.324,2,13,1
ORD000092651,2026-08-21 08:00:36,129.83,3,Apparel,0.0,Credit Card,0.0,CUST000798,76,4,0,665395,Courier_E,1,0.1468,1,5,0
ORD000097798,2026-08-30 22:33:52,255.58,3,Apparel,11.35,COD,59.0,CUST004736,171,2,0,942045,Courier_A,3,0.3153,2,1,0
ORD000086824,2026-08-10 09:04:41,986.66,1,Electronics,0.0,Debit Card,0.0,CUST014578,296,7,0,856258,Courier_D,2,0.2497,2,2,0
ORD000094663,2026-08-25 01:48:06,359.66,3,Jewelry,0.0,UPI,0.0,CUST009911,792,1,0,865916,Courier_A,3,0.1398,0,1,0
ORD000091107,2026-08-18 08:40:25,2246.6,1,Apparel,0.0,COD,39.0,CUST015750,485,4,1,261376,Courier_A,1,0.1379,0,1,0
ORD000090740,2026-08-17 15:51:56,531.89,1,Home,0.0,Credit Card,0.0,CUST008423,986,1,0,470367,Courier_A,2,0.2137,2,1,0
ORD000088729,2026-08-13 22:05:40,408.17,2,Electronics,21.48,Credit Card,0.0,CUST021057,265,2,0,726119,Courier_A,2,0.4479,2,1,0
ORD000096651,2026-08-28 17:49:26,545.58,1,Beauty,30.09,UPI,0.0,CUST025932,171,2,0,279737,Courier_B,2,0.3351,2,1,1
ORD000094483,2026-08-24 17:45:42,456.35,4,Beauty,35.62,UPI,0.0,CUST014022,968,2,0,864201,Courier_D,1,0.0872,1,1,0
ORD000086341,2026-08-09 11:54:49,1009.83,1,Footwear,17.27,Credit Card,0.0,CUST022039,463,3,0,225738,Courier_D,2,0.0655,1,1,1
ORD000092518,2026-08-21 01:55:36,425.13,1,Apparel,8.48,Credit Card,0.0,CUST020715,773,7,0,777635,Courier_C,3,0.114,1,1,0
ORD000086942,2026-08-10 15:00:44,1171.03,1,Footwear,37.77,UPI,0.0,CUST026306,15,4,0,695078,Courier_C,1,0.0,0,6,0
ORD000094940,2026-08-25 14:01:11,242.69,3,Beauty,8.09,COD,29.0,CUST027075,274,6,0,899817,Courier_B,2,0.4919,0,5,0
ORD000093277,2026-08-22 11:19:33,1695.85,1,Apparel,0.0,Debit Card,0.0,CUST012020,533,1,0,384588,Courier_C,3,0.1207,1,1,0
ORD000091777,2026-08-19 17:47:22,140.94,1,Beauty,18.35,UPI,0.0,CUST013023,91,3,1,628425,Courier_A,3,0.0603,0,1,0
ORD000093604,2026-08-23 01:31:09,433.71,1,Apparel,0.0,Credit Card,0.0,CUST021544,379,2,0,351203,Courier_D,2,0.0768,2,1,0
ORD000095860,2026-08-27 08:39:02,917.52,2,Beauty,9.48,COD,49.0,CUST018930,3297,5,0,140279,Courier_A,2,0.2205,2,1,0
ORD000091629,2026-08-19 10:48:57,814.92,3,Beauty,18.97,COD,99.0,CUST028645,129,2,0,729178,Courier_A,3,0.0,1,1,0
ORD000087995,2026-08-12 13:42:09,1961.34,1,Footwear,9.29,UPI,0.0,CUST022628,224,2,0,982079,Courier_E,3,0.2168,3,1,0
ORD000098942,2026-09-02 01:05:16,597.76,3,Home,0.0,COD,49.0,CUST017274,153,0,0,865643,Courier_D,2,0.2677,3,1,0
ORD000097593,2026-08-30 12:31:13,1086.86,3,Apparel,9.55,UPI,0.0,CUST027574,414,4,0,325332,Courier_B,2,0.3495,0,1,0
ORD000092460,2026-08-21 00:01:20,425.12,2,Electronics,0.0,COD,79.0,CUST000963,205,3,0,963639,Courier_E,3,0.4065,0,5,0
ORD000094996,2026-08-25 16:46:15,670.92,4,Electronics,0.0,UPI,0.0,CUST001043,333,3,0,897111,Courier_A,3,0.2556,1,6,0
ORD000097563,2026-08-30 10:52:08,152.21,1,Home,23.86,COD,29.0,CUST002079,63,3,0,608344,Courier_A,3,0.0298,1,1,1
ORD000098094,2026-08-31 11:43:00,1890.26,1,Footwear,0.0,UPI,0.0,CUST023342,53,2,0,952372,Courier_A,1,0.3019,1,1,0
ORD000093401,2026-08-22 17:19:50,1575.72,2,Footwear,29.98,COD,39.0,CUST023856,119,1,0,469380,Courier_A,3,0.1579,2,1,0
ORD000086735,2026-08-10 05:42:19,605.59,2,Apparel,0.0,COD,49.0,CUST000207,532,3,0,645986,Courier_B,1,0.2378,3,1,0
ORD000088376,2026-08-13 06:09:40,325.31,6,Apparel,0.0,Debit Card,0.0,CUST029346,94,3,0,269261,Courier_E,3,0.065,3,5,0
ORD000091578,2026-08-19 08:26:47,1606.62,4,Apparel,0.0,COD,49.0,CUST018524,72,5,1,501851,Courier_E,3,0.2472,1,1,1
ORD000091455,2026-08-19 01:41:12,211.93,3,Beauty,13.91,COD,29.0,CUST024767,109,1,0,789391,Courier_B,3,0.0302,0,1,0
ORD000099436,2026-09-02 22:36:50,286.0,2,Beauty,0.0,UPI,0.0,CUST006609,477,3,0,721746,Courier_A,1,0.1046,3,3,0
ORD000095262,2026-08-26 05:33:55,472.44,2,Electronics,10.69,UPI,0.0,CUST002238,92,4,0,490206,Courier_A,3,0.3056,1,1,1
ORD000086432,2026-08-09 15:24:50,900.62,4,Apparel,4.54,Credit Card,0.0,CUST025732,2038,1,0,451758,Courier_B,3,0.2355,0,1,0
ORD000091528,2026-08-19 05:32:46,722.33,5,Apparel,0.0,Net Banking,0.0,CUST015631,143,3,0,196023,Courier_D,3,0.199,2,1,1
ORD000099657,2026-09-03 08:42:15,306.95,2,Apparel,0.0,COD,29.0,CUST004154,187,7,1,587093,Courier_D,3,0.2388,0,4,0
ORD000099719,2026-09-03 11:34:24,1089.76,2,Home,15.57,UPI,0.0,CUST009524,245,4,0,430264,Courier_D,2,0.0479,4,1,0
ORD000088235,2026-08-12 23:41:39,338.21,2,Apparel,0.0,Credit Card,0.0,CUST021696,334,2,0,202341,Courier_C,1,0.1673,1,1,0
ORD000090789,2026-08-17 17:59:04,1384.5,1,Apparel,25.0,Debit Card,0.0,CUST003345,337,5,2,278351,Courier_D,3,0.2006,4,1,0
ORD000092365,2026-08-20 19:26:48,239.19,2,Footwear,34.59,COD,20.0,CUST009465,246,3,0,216395,Courier_A,1,0.3564,2,1,0
ORD000091463,2026-08-19 02:10:01,1029.05,2,Electronics,0.0,UPI,0.0,CUST024292,79,9,1,384136,Courier_C,1,0.0578,0,1,0
ORD000094287,2026-08-24 09:02:40,382.85,1,Electronics,15.32,COD,59.0,CUST020927,286,6,1,650758,Courier_C,1,0.467,0,1,0
ORD000096380,2026-08-28 06:17:40,281.15,4,Footwear,17.72,UPI,0.0,CUST025449,136,2,0,552806,Courier_D,2,0.3394,2,1,0
ORD000091074,2026-08-18 07:06:43,642.02,3,Jewelry,13.11,Credit Card,0.0,CUST024026,395,5,2,152422,Courier_C,1,0.1724,2,1,1
ORD000095905,2026-08-27 10:18:03,682.24,3,Beauty,0.0,Credit Card,0.0,CUST011241,138,7,0,713629,Courier_B,3,0.1349,0,1,0
ORD000097614,2026-08-30 13:23:02,119.81,3,Home,0.0,UPI,0.0,CUST017201,243,1,0,133646,Courier_E,2,0.1272,2,5,0
ORD000095498,2026-08-26 16:22:38,425.28,1,Electronics,0.0,COD,20.0,CUST025449,136,1,0,457597,Courier_C,1,0.1967,1,1,0
ORD000092099,2026-08-20 06:39:43,1701.86,4,Jewelry,19.94,COD,49.0,CUST011170,225,1,0,474457,Courier_E,3,0.0864,3,1,0
ORD000090103,2026-08-16 12:02:57,1535.17,2,Home,18.34,COD,39.0,CUST021290,814,3,0,310345,Courier_A,1,0.2042,4,1,0
ORD000085815,2026-08-08 12:07:59,855.39,3,Apparel,21.92,COD,29.0,CUST019752,360,3,0,121565,Courier_C,2,0.3158,2,1,1
ORD000089561,2026-08-15 11:38:02,524.02,3,Home,0.0,COD,20.0,CUST021226,462,4,0,174397,Courier_B,2,0.0765,0,1,1
ORD000087288,2026-08-11 06:16:07,248.4,3,Home,0.0,UPI,0.0,CUST006648,134,3,0,549826,Courier_C,3,0.0495,1,1,0
ORD000090184,2026-08-16 15:02:35,200.79,1,Electronics,27.36,COD,20.0,CUST022941,316,4,0,343810,Courier_B,3,0.2731,1,1,0
ORD000093940,2026-08-23 17:23:51,760.66,2,Electronics,29.42,COD,59.0,CUST020808,156,4,0,212415,Courier_A,2,0.0963,1,1,0
ORD000092894,2026-08-21 18:10:56,692.14,4,Beauty,0.0,COD,99.0,CUST003655,1209,1,0,121565,Courier_E,2,0.3356,3,1,0
ORD000090802,2026-08-17 18:32:13,904.5,3,Beauty,40.56,COD,39.0,CUST008461,732,2,0,120506,Courier_D,3,0.1996,1,1,0
ORD000095825,2026-08-27 07:10:11,309.43,5,Footwear,0.0,UPI,0.0,CUST021745,107,5,0,582626,Courier_A,1,0.088,1,1,0
ORD000089807,2026-08-15 22:08:00,639.6,2,Beauty,26.75,COD,29.0,CUST003808,109,6,2,801630,Courier_C,2,0.1429,3,1,1
ORD000087252,2026-08-11 04:39:33,1061.6,2,Electronics,0.0,COD,29.0,CUST029598,125,3,0,764665,Courier_B,3,0.1589,1,1,0
ORD000086512,2026-08-09 20:03:14,552.36,3,Beauty,0.0,Credit Card,0.0,CUST002346,95,2,0,802647,Courier_C,2,0.0929,3,2,0
ORD000094986,2026-08-25 16:13:25,940.02,1,Beauty,11.53,Net Banking,0.0,CUST014706,210,4,0,975263,Courier_C,3,0.2231,5,1,0
ORD000095650,2026-08-26 23:01:24,329.26,5,Jewelry,0.0,COD,39.0,CUST020028,64,3,0,545164,Courier_E,1,0.0408,1,1,0
ORD000096799,2026-08-28 23:46:55,313.15,2,Apparel,26.65,COD,59.0,CUST018212,929,7,0,922291,Courier_B,2,0.2937,1,1,0
ORD000092321,2026-08-20 17:28:31,293.65,3,Footwear,20.37,UPI,0.0,CUST029352,743,1,0,488273,Courier_B,1,0.312,0,2,0
ORD000099188,2026-09-02 11:42:42,1277.5,2,Jewelry,0.0,COD,20.0,CUST020218,656,2,0,371186,Courier_D,2,0.1965,1,1,0
ORD000087042,2026-08-10 19:05:39,1892.35,3,Electronics,24.59,COD,39.0,CUST016709,1027,1,0,889948,Courier_A,2,0.1251,2,1,0
ORD000097380,2026-08-30 02:42:44,546.29,2,Electronics,0.0,UPI,0.0,CUST013481,168,3,0,786081,Courier_D,3,0.3541,1,1,0
ORD000095398,2026-08-26 11:27:08,285.07,4,Home,10.19,COD,29.0,CUST029251,151,3,0,914136,Courier_C,1,0.2426,1,1,0
ORD000092580,2026-08-21 04:40:36,622.29,3,Footwear,0.0,COD,79.0,CUST005199,157,4,0,763562,Courier_A,1,0.042,1,3,0
ORD000090790,2026-08-17 18:00:38,1935.9,1,Apparel,16.14,COD,79.0,CUST013809,161,8,0,610234,Courier_B,3,0.1047,2,3,0
ORD000098642,2026-09-01 12:18:46,347.98,2,Home,11.84,Net Banking,0.0,CUST004073,103,4,0,962688,Courier_D,3,0.1494,1,1,1
ORD000085360,2026-08-07 14:12:33,391.75,1,Footwear,9.5,COD,99.0,CUST001942,256,4,0,632716,Courier_D,2,0.1355,5,1,0
ORD000099127,2026-09-02 09:01:41,389.44,4,Electronics,0.0,COD,79.0,CUST012623,229,1,0,216808,Courier_B,3,0.1958,3,1,0
ORD000087358,2026-08-11 09:53:34,772.4,1,Footwear,13.16,COD,29.0,CUST003815,542,6,1,568632,Courier_A,3,0.1469,1,1,1
ORD000092951,2026-08-21 20:00:41,535.63,1,Footwear,6.19,COD,39.0,CUST007969,174,2,0,131194,Courier_A,2,0.2168,1,1,0
ORD000087322,2026-08-11 07:28:58,481.55,1,Apparel,5.55,COD,59.0,CUST025033,520,6,1,195440,Courier_A,2,0.3887,1,1,1
ORD000089408,2026-08-15 04:52:31,241.5,2,Beauty,31.41,UPI,0.0,CUST019047,889,3,1,971281,Courier_A,3,0.0394,2,3,1
ORD000092508,2026-08-21 01:37:10,748.16,2,Apparel,0.0,COD,49.0,CUST014186,250,1,0,113112,Courier_E,3,0.0677,1,1,1
ORD000099662,2026-09-03 08:49:21,770.62,2,Electronics,26.39,Credit Card,0.0,CUST021305,148,2,0,136130,Courier_E,2,0.2318,2,1,0
ORD000097539,2026-08-30 09:44:54,2573.09,2,Electronics,0.0,UPI,0.0,CUST003036,1381,2,0,630731,Courier_D,2,0.1338,1,17,0
ORD000089016,2026-08-14 11:48:52,569.56,1,Footwear,0.0,COD,49.0,CUST018025,573,5,0,425339,Courier_A,1,0.2922,5,1,0
ORD000099279,2026-09-02 15:16:45,727.14,4,Apparel,8.63,COD,49.0,CUST007806,648,4,1,209578,Courier_D,1,0.3403,1,1,0
ORD000091668,2026-08-19 12:42:49,257.27,2,Footwear,0.0,COD,49.0,CUST025418,132,1,0,638422,Courier_A,3,0.2578,1,2,0
ORD000099619,2026-09-03 06:55:08,491.56,2,Apparel,0.0,COD,29.0,CUST003362,697,3,0,194699,Courier_D,1,0.1856,1,3,1
ORD000088996,2026-08-14 10:54:52,195.64,1,Beauty,0.0,UPI,0.0,CUST021116,539,3,1,429344,Courier_B,2,0.1515,1,1,0
ORD000090904,2026-08-17 23:16:17,110.19,1,Apparel,5.28,UPI,0.0,CUST002561,390,5,0,262513,Courier_B,1,0.4339,5,1,0
ORD000099812,2026-09-03 15:20:03,931.77,4,Apparel,0.0,Credit Card,0.0,CUST017320,155,1,0,177611,Courier_A,3,0.2712,1,1,0
ORD000099317,2026-09-02 17:14:52,1010.13,1,Beauty,27.39,COD,49.0,CUST022116,149,4,1,860537,Courier_E,2,0.2223,1,1,0
ORD000098148,2026-08-31 13:43:44,534.17,3,Home,9.83,UPI,0.0,CUST001714,203,6,0,418734,Courier_D,2,0.1067,0,1,0
ORD000090966,2026-08-18 01:41:38,803.54,4,Footwear,10.88,COD,49.0,CUST019812,169,2,0,804118,Courier_D,3,0.3272,4,3,1
ORD000086828,2026-08-10 09:32:17,296.13,2,Electronics,3.66,Credit Card,0.0,CUST025074,281,4,0,128700,Courier_C,3,0.2843,0,1,0
ORD000092038,2026-08-20 04:20:50,1555.67,3,Apparel,0.0,Credit Card,0.0,CUST012653,163,5,1,726938,Courier_D,3,0.1149,0,1,0
ORD000088725,2026-08-13 21:52:36,671.44,2,Jewelry,0.0,COD,39.0,CUST002289,773,5,0,500693,Courier_A,1,0.0742,0,1,0
ORD000092984,2026-08-21 21:48:36,256.64,2,Footwear,41.67,COD,39.0,CUST002189,553,6,1,745821,Courier_A,2,0.4197,1,3,1
ORD000095272,2026-08-26 06:13:53,292.09,5,Beauty,38.32,COD,59.0,CUST008947,253,6,0,666744,Courier_C,2,0.0062,7,1,1
ORD000099950,2026-09-03 21:40:13,1465.09,2,Electronics,8.91,UPI,0.0,CUST017687,620,3,0,964105,Courier_C,2,0.2968,0,5,0
ORD000085189,2026-08-07 05:57:35,126.13,3,Beauty,0.0,UPI,0.0,CUST012047,173,1,0,105856,Courier_C,2,0.2626,0,1,0
ORD000086082,2026-08-08 23:48:25,1172.36,1,Footwear,0.0,UPI,0.0,CUST024597,44,3,0,880310,Courier_B,3,0.2157,0,1,0
ORD000091888,2026-08-19 21:44:14,1362.02,1,Home,15.43,COD,49.0,CUST015774,75,1,0,974275,Courier_B,3,0.0944,1,1,0
ORD000098945,2026-09-02 01:07:46,391.33,1,Apparel,17.11,COD,39.0,CUST024284,189,6,0,494711,Courier_B,3,0.4612,0,1,1
ORD000099397,2026-09-02 20:44:41,1208.17,4,Electronics,0.0,COD,49.0,CUST000845,232,2,0,847491,Courier_A,1,0.2604,0,1,0
ORD000096136,2026-08-27 19:53:22,609.77,2,Electronics,6.07,Debit Card,0.0,CUST018890,1735,3,0,488082,Courier_B,1,0.2371,0,1,0
ORD000089693,2026-08-15 16:53:40,1381.19,1,Apparel,33.66,COD,79.0,CUST003136,68,1,0,820754,Courier_B,2,0.3256,1,1,1
ORD000087975,2026-08-12 12:51:01,1599.16,1,Beauty,12.83,COD,39.0,CUST012176,129,4,1,711151,Courier_A,1,0.1353,0,4,0
ORD000085455,2026-08-07 19:05:35,1368.07,2,Apparel,30.14,UPI,0.0,CUST019688,51,5,1,995659,Courier_E,2,0.6769,1,1,0
ORD000092097,2026-08-20 06:35:32,952.92,3,Beauty,15.3,COD,39.0,CUST029781,221,1,1,504905,Courier_C,3,0.1741,2,3,0
ORD000099224,2026-09-02 12:59:55,593.97,1,Footwear,24.58,COD,59.0,CUST009372,46,2,0,438636,Courier_E,2,0.2904,0,1,0
ORD000089980,2026-08-16 06:07:27,798.86,2,Electronics,0.0,UPI,0.0,CUST009326,92,4,0,667890,Courier_A,1,0.1658,1,1,0
ORD000088399,2026-08-13 07:31:43,1647.08,2,Footwear,37.19,COD,59.0,CUST024635,101,4,0,782085,Courier_D,2,0.3724,1,5,0
ORD000089482,2026-08-15 08:13:12,1137.24,2,Jewelry,24.01,COD,39.0,CUST025066,595,6,0,371116,Courier_A,1,0.2142,2,2,0
ORD000086734,2026-08-10 05:41:17,838.62,1,Electronics,0.0,Debit Card,0.0,CUST016901,178,5,0,386699,Courier_C,1,0.1998,2,1,0
ORD000095077,2026-08-25 20:57:30,147.7,1,Jewelry,0.0,Debit Card,0.0,CUST017803,277,3,0,192985,Courier_A,3,0.2934,3,11,0
ORD000089681,2026-08-15 16:26:43,1227.33,3,Footwear,9.34,COD,49.0,CUST017460,123,4,1,467888,Courier_A,3,0.2935,3,9,0
ORD000088281,2026-08-13 01:40:57,384.66,1,Footwear,17.43,UPI,0.0,CUST017689,452,2,0,282095,Courier_A,2,0.1071,3,2,0
ORD000098807,2026-09-01 18:44:41,400.64,1,Apparel,19.7,UPI,0.0,CUST009348,62,5,0,498642,Courier_C,2,0.4501,2,1,0
ORD000095118,2026-08-25 22:48:31,450.05,1,Apparel,0.0,Debit Card,0.0,CUST004028,42,2,0,183949,Courier_C,3,0.1858,2,1,0
ORD000094830,2026-08-25 08:57:41,669.21,2,Apparel,15.19,COD,49.0,CUST003136,68,3,0,566643,Courier_D,1,0.2093,0,20,0
ORD000098383,2026-09-01 00:20:37,576.96,1,Home,5.05,COD,49.0,CUST009609,620,1,0,442609,Courier_A,2,0.2205,4,1,1
ORD000086910,2026-08-10 13:14:30,1239.99,2,Footwear,20.38,COD,29.0,CUST023149,276,4,0,762648,Courier_A,2,0.1257,1,1,0
ORD000090969,2026-08-18 01:50:30,617.49,1,Electronics,0.0,UPI,0.0,CUST019720,58,0,0,225738,Courier_A,2,0.0988,2,1,0
ORD000092989,2026-08-21 22:05:09,647.6,1,Home,18.64,COD,49.0,CUST007551,393,2,0,355903,Courier_D,2,0.0552,1,1,0
ORD000096426,2026-08-28 07:58:52,1093.83,3,Footwear,0.0,UPI,0.0,CUST021103,162,3,1,106619,Courier_A,2,0.1804,2,1,0
ORD000095532,2026-08-26 17:40:11,668.17,1,Home,21.19,COD,49.0,CUST015635,419,3,1,670928,Courier_B,2,0.2569,0,1,1
ORD000099554,2026-09-03 04:18:15,1481.19,5,Footwear,0.0,COD,20.0,CUST012662,139,3,0,608344,Courier_B,3,0.0,0,1,0
ORD000087819,2026-08-12 07:06:09,451.4,2,Beauty,0.0,UPI,0.0,CUST025485,60,1,0,516468,Courier_C,2,0.1424,1,2,0
ORD000096014,2026-08-27 14:40:56,670.87,2,Footwear,0.0,COD,79.0,CUST029211,234,5,0,942045,Courier_A,3,0.2595,0,1,1
ORD000099833,2026-09-03 16:16:42,279.86,4,Electronics,0.0,UPI,0.0,CUST024036,114,5,0,254111,Courier_A,2,0.0315,0,1,0
ORD000088540,2026-08-13 14:07:31,1918.45,3,Electronics,17.87,COD,39.0,CUST025111,214,2,0,248546,Courier_E,2,0.107,2,1,1
ORD000099702,2026-09-03 10:45:21,200.62,2,Beauty,10.86,UPI,0.0,CUST014444,281,2,0,887116,Courier_D,2,0.2467,2,1,0
ORD000091954,2026-08-20 00:41:37,965.52,1,Apparel,13.37,UPI,0.0,CUST001377,374,3,1,515463,Courier_A,2,0.0873,4,1,0
ORD000093531,2026-08-22 22:14:03,343.7,1,Home,0.0,Debit Card,0.0,CUST000398,1360,4,0,645986,Courier_D,1,0.3068,1,1,0
ORD000098765,2026-09-01 16:58:36,395.99,2,Electronics,19.59,Net Banking,0.0,CUST017891,136,4,1,744635,Courier_C,2,0.4837,2,1,1
ORD000087659,2026-08-11 23:39:54,398.06,4,Apparel,0.0,Debit Card,0.0,CUST015449,71,4,0,242120,Courier_D,1,0.2152,3,5,0
ORD000096574,2026-08-28 14:05:55,445.91,3,Electronics,0.0,COD,29.0,CUST003145,211,4,0,424590,Courier_A,2,0.2962,1,1,1
ORD000091197,2026-08-18 12:58:21,189.96,4,Electronics,29.46,COD,99.0,CUST018102,190,4,0,149830,Courier_B,1,0.1047,0,1,0
ORD000092067,2026-08-20 05:21:47,709.85,2,Jewelry,0.0,UPI,0.0,CUST009326,92,3,1,516339,Courier_A,3,0.3572,2,1,0
ORD000089241,2026-08-14 21:37:41,750.14,2,Electronics,0.0,Credit Card,0.0,CUST020570,717,5,0,725085,Courier_A,2,0.2106,3,2,0
ORD000086496,2026-08-09 19:15:19,3514.49,2,Apparel,34.06,COD,79.0,CUST005200,91,8,0,887116,Courier_A,2,0.2108,1,1,0
ORD000099516,2026-09-03 02:47:34,1205.02,2,Footwear,0.0,COD,59.0,CUST016093,98,3,0,854070,Courier_C,1,0.0943,1,1,0
ORD000095540,2026-08-26 17:53:29,122.38,3,Apparel,23.84,UPI,0.0,CUST014931,203,2,0,486138,Courier_A,2,0.1942,2,5,0
ORD000093521,2026-08-22 21:47:46,633.2,1,Home,18.1,Credit Card,0.0,CUST025805,1197,5,2,744761,Courier_A,3,0.0201,0,1,0
ORD000087055,2026-08-10 19:32:06,320.61,4,Apparel,19.66,UPI,0.0,CUST014163,432,1,0,120506,Courier_B,3,0.1751,0,1,0
ORD000099652,2026-09-03 08:26:43,1069.64,3,Jewelry,20.37,Credit Card,0.0,CUST017659,203,4,1,279737,Courier_A,2,0.3513,4,4,0
ORD000093095,2026-08-22 03:05:17,501.96,2,Apparel,0.0,COD,39.0,CUST010157,71,5,0,262513,Courier_B,1,0.4355,1,1,0
ORD000085489,2026-08-07 20:39:14,950.17,4,Apparel,2.3,COD,39.0,CUST023381,0,0,0,756766,Courier_A,3,0.0382,1,3,0
ORD000091411,2026-08-18 23:12:29,713.5,1,Footwear,0.0,COD,39.0,CUST027027,101,2,0,939425,Courier_A,2,0.1002,3,1,0
ORD000090889,2026-08-17 22:14:34,443.4,2,Footwear,0.0,UPI,0.0,CUST001363,497,1,1,250136,Courier_C,1,0.208,1,1,0
ORD000087427,2026-08-11 12:43:32,458.46,2,Apparel,11.03,COD,49.0,CUST007867,729,6,3,699053,Courier_A,3,0.1375,2,2,0
ORD000094306,2026-08-24 10:26:00,431.32,2,Apparel,0.0,UPI,0.0,CUST019012,157,5,0,717194,Courier_B,3,0.2135,2,1,0
ORD000089522,2026-08-15 10:07:54,1260.54,3,Apparel,27.24,COD,29.0,CUST027885,208,3,0,962688,Courier_B,3,0.1233,0,1,0
ORD000095615,2026-08-26 21:22:14,632.28,2,Beauty,17.13,UPI,0.0,CUST014763,130,3,0,172737,Courier_A,2,0.1373,1,4,0
ORD000092645,2026-08-21 07:45:08,259.18,2,Apparel,22.63,COD,39.0,CUST017441,0,0,0,468940,Courier_E,1,0.3566,2,1,1
ORD000098669,2026-09-01 13:31:07,975.89,2,Home,3.32,COD,29.0,CUST026059,210,4,0,583754,Courier_A,2,0.1792,1,1,0
ORD000086890,2026-08-10 12:13:06,1432.37,3,Jewelry,0.0,Credit Card,0.0,CUST023038,50,3,0,642490,Courier_B,1,0.1025,2,1,0
ORD000097803,2026-08-30 22:41:24,735.91,4,Apparel,13.43,COD,29.0,CUST006333,352,1,0,554088,Courier_D,2,0.0844,1,1,0
ORD000098933,2026-09-02 00:29:44,1193.94,1,Electronics,16.95,Credit Card,0.0,CUST006973,144,6,0,794791,Courier_A,1,0.375,1,1,0
ORD000092730,2026-08-21 11:36:56,250.71,1,Electronics,10.08,UPI,0.0,CUST022441,1017,2,0,140390,Courier_C,1,0.2288,1,1,0
ORD000087140,2026-08-10 23:08:58,1118.32,1,Apparel,28.54,COD,39.0,CUST002195,559,2,0,686576,Courier_C,1,0.3447,3,4,1
ORD000089094,2026-08-14 15:25:43,356.37,2,Electronics,0.0,COD,29.0,CUST002517,129,2,0,602801,Courier_E,3,0.2742,4,3,0
ORD000086932,2026-08-10 14:22:01,1170.42,3,Apparel,0.0,COD,59.0,CUST029032,296,4,0,467924,Courier_A,3,0.1428,2,19,0
ORD000090091,2026-08-16 11:34:49,288.53,1,Beauty,8.32,Net Banking,0.0,CUST014761,34,2,0,983619,Courier_C,1,0.2112,2,5,0
ORD000085539,2026-08-07 23:27:58,1186.91,2,Jewelry,8.41,COD,39.0,CUST002232,112,3,0,550528,Courier_C,3,0.0963,2,1,1
ORD000085460,2026-08-07 19:19:47,587.78,3,Electronics,0.0,UPI,0.0,CUST016615,742,2,0,341690,Courier_D,2,0.1307,1,2,0
ORD000096009,2026-08-27 14:35:16,486.91,3,Home,0.0,COD,39.0,CUST019923,48,5,0,675360,Courier_D,2,0.0057,3,5,0
ORD000096438,2026-08-28 08:13:09,195.29,1,Apparel,14.3,COD,79.0,CUST006203,49,3,0,787831,Courier_A,2,0.1722,1,1,0
ORD000085883,2026-08-08 15:26:40,375.89,1,Electronics,0.0,COD,39.0,CUST005864,1456,5,0,761450,Courier_A,2,0.4505,2,1,0
ORD000088959,2026-08-14 08:31:07,1465.76,2,Footwear,28.65,COD,39.0,CUST020769,507,3,0,805419,Courier_A,1,0.0841,5,1,0
ORD000086644,2026-08-10 01:51:53,715.18,1,Electronics,0.0,UPI,0.0,CUST019182,515,3,0,599375,Courier_A,2,0.101,1,1,0
ORD000090139,2026-08-16 13:19:05,914.81,1,Beauty,33.01,Debit Card,0.0,CUST019890,1144,4,1,557486,Courier_B,2,0.0,2,1,0
ORD000088290,2026-08-13 01:58:32,3460.98,1,Electronics,26.25,Credit Card,0.0,CUST025346,244,3,0,583754,Courier_B,2,0.1139,5,4,0
ORD000093179,2026-08-22 07:12:23,1384.16,1,Beauty,11.81,COD,79.0,CUST021575,90,3,0,508791,Courier_E,3,0.2418,1,1,0
ORD000087438,2026-08-11 13:35:54,1349.92,1,Apparel,25.61,Debit Card,0.0,CUST014109,163,3,0,805607,Courier_A,1,0.1683,2,1,0
ORD000085048,2026-08-06 23:55:55,1633.02,1,Electronics,11.56,COD,49.0,CUST015256,102,2,0,895645,Courier_A,2,0.2698,2,1,0
ORD000097153,2026-08-29 15:53:18,778.9,2,Apparel,16.29,UPI,0.0,CUST004615,2072,4,0,974063,Courier_B,2,0.2486,1,1,0
ORD000099095,2026-09-02 07:56:29,601.93,2,Jewelry,2.7,UPI,0.0,CUST000409,275,6,0,664100,Courier_E,2,0.2045,0,1,0
ORD000095495,2026-08-26 16:10:49,568.45,1,Apparel,13.11,Debit Card,0.0,CUST007249,104,5,0,180236,Courier_E,2,0.0006,1,1,0
ORD000097463,2026-08-30 06:30:28,339.55,6,Home,0.0,COD,29.0,CUST007344,2727,2,0,550369,Courier_A,2,0.1906,2,1,0
ORD000099135,2026-09-02 09:31:04,369.61,3,Footwear,0.0,COD,39.0,CUST028032,135,6,0,717340,Courier_A,1,0.5248,0,1,1
ORD000099602,2026-09-03 06:09:34,1267.18,1,Beauty,41.21,Net Banking,0.0,CUST016822,362,1,0,905920,Courier_A,2,0.1006,3,1,0
ORD000094569,2026-08-24 21:38:41,284.48,3,Home,0.0,COD,39.0,CUST005799,243,6,1,329012,Courier_C,3,0.16,1,3,0
ORD000090461,2026-08-17 03:03:15,331.61,3,Apparel,26.33,Debit Card,0.0,CUST026061,212,1,0,306555,Courier_A,3,0.3023,1,1,1
ORD000090523,2026-08-17 06:02:05,380.1,1,Home,9.99,COD,99.0,CUST009927,19,4,0,966251,Courier_B,1,0.1049,0,1,0
ORD000093309,2026-08-22 13:05:50,679.1,2,Footwear,0.0,COD,29.0,CUST013575,201,5,0,202299,Courier_C,3,0.0651,2,5,0
ORD000086816,2026-08-10 08:45:09,242.93,2,Apparel,0.0,UPI,0.0,CUST022515,595,7,1,629455,Courier_C,2,0.3519,1,1,0
ORD000087699,2026-08-12 01:48:21,435.22,3,Apparel,0.0,Credit Card,0.0,CUST011137,285,2,0,806683,Courier_A,2,0.1829,0,3,1
ORD000093814,2026-08-23 10:34:04,356.81,1,Apparel,28.16,Credit Card,0.0,CUST006521,142,6,0,670233,Courier_A,3,0.1617,1,1,0
ORD000091355,2026-08-18 20:59:06,890.53,1,Home,0.2,UPI,0.0,CUST001843,266,8,0,781551,Courier_C,2,0.1993,0,1,0
ORD000096420,2026-08-28 07:51:21,566.45,2,Home,0.0,UPI,0.0,CUST004747,0,0,0,937852,Courier_D,2,0.1942,3,3,0
ORD000093642,2026-08-23 02:42:55,1962.84,1,Electronics,0.0,COD,59.0,CUST002095,60,2,0,254111,Courier_E,2,0.0673,1,1,0
ORD000089290,2026-08-14 23:40:50,529.98,4,Footwear,0.0,COD,20.0,CUST007713,994,2,0,177411,Courier_E,2,0.3821,2,2,1
ORD000088881,2026-08-14 05:05:14,371.95,1,Apparel,1.16,UPI,0.0,CUST007821,63,3,0,619405,Courier_A,2,0.2461,0,1,0
ORD000088930,2026-08-14 06:57:53,810.4,4,Apparel,0.0,COD,29.0,CUST028342,94,3,0,971281,Courier_A,3,0.0706,3,1,1
ORD000088390,2026-08-13 07:04:02,1816.87,2,Footwear,19.14,UPI,0.0,CUST005121,457,2,0,494711,Courier_A,3,0.4619,0,1,0
ORD000087498,2026-08-11 16:15:34,488.5,1,Home,15.71,UPI,0.0,CUST012072,142,5,1,144307,Courier_C,2,0.1637,0,1,0
ORD000086619,2026-08-10 00:14:12,762.93,2,Footwear,5.81,COD,39.0,CUST029855,391,6,0,496735,Courier_B,2,0.0928,1,1,0
ORD000088343,2026-08-13 04:50:25,1683.84,2,Apparel,17.04,Credit Card,0.0,CUST001392,0,0,0,880310,Courier_B,3,0.1919,4,1,1
ORD000098747,2026-09-01 16:09:42,768.29,1,Beauty,0.0,Debit Card,0.0,CUST012582,491,5,0,794791,Courier_E,1,0.4384,2,1,0
ORD000087575,2026-08-11 19:34:46,688.57,1,Electronics,0.0,UPI,0.0,CUST007254,290,3,0,113112,Courier_A,3,0.0681,2,1,0
ORD000087329,2026-08-11 08:08:11,386.82,1,Electronics,0.0,COD,29.0,CUST015328,145,5,0,215098,Courier_B,3,0.0077,1,1,1
ORD000098983,2026-09-02 02:43:54,455.12,1,Jewelry,5.51,Net Banking,0.0,CUST017719,826,5,0,808680,Courier_A,2,0.3372,3,2,0
ORD000099528,2026-09-03 03:08:30,459.46,3,Electronics,0.0,COD,59.0,CUST018961,152,3,0,620174,Courier_A,2,0.0493,1,1,0
ORD000090393,2026-08-17 00:08:16,666.16,2,Jewelry,0.0,COD,49.0,CUST012617,212,2,0,552806,Courier_A,2,0.4008,1,1,0
ORD000091104,2026-08-18 08:35:06,801.24,1,Home,23.88,COD,39.0,CUST023822,60,4,1,654615,Courier_C,3,0.0841,0,1,0
ORD000099818,2026-09-03 15:36:33,68.66,3,Beauty,15.63,COD,49.0,CUST022413,1475,3,0,837709,Courier_A,2,0.1881,0,1,0
ORD000096995,2026-08-29 08:39:06,848.93,1,Beauty,7.53,COD,99.0,CUST008731,198,4,1,734020,Courier_C,3,0.116,1,1,0
ORD000089709,2026-08-15 17:17:30,934.5,1,Jewelry,0.0,COD,59.0,CUST020026,148,0,0,415774,Courier_D,3,0.2253,0,1,1
ORD000095755,2026-08-27 03:42:45,1355.15,2,Apparel,18.09,COD,99.0,CUST019643,218,3,0,734020,Courier_B,3,0.1626,1,1,0
ORD000092327,2026-08-20 17:42:09,223.85,3,Home,0.0,COD,59.0,CUST002784,40,6,1,112534,Courier_B,2,0.1123,1,10,1
ORD000092766,2026-08-21 13:13:00,187.67,4,Beauty,28.33,UPI,0.0,CUST007200,54,3,0,847491,Courier_B,1,0.2437,2,1,0
ORD000094377,2026-08-24 13:13:37,393.02,3,Apparel,22.1,COD,29.0,CUST017935,143,4,0,369772,Courier_D,3,0.2219,2,1,0
ORD000085849,2026-08-08 13:27:26,250.63,2,Footwear,9.31,COD,49.0,CUST014949,158,2,0,504905,Courier_D,3,0.1962,0,1,0
ORD000094021,2026-08-23 21:20:38,2351.04,1,Apparel,4.98,UPI,0.0,CUST015379,857,3,0,800045,Courier_C,3,0.0,2,1,0
ORD000089197,2026-08-14 19:39:42,931.12,3,Beauty,0.0,COD,39.0,CUST005634,96,2,1,189971,Courier_A,1,0.2537,6,1,0
ORD000092326,2026-08-20 17:39:22,87.48,1,Apparel,0.0,COD,39.0,CUST025987,106,3,0,853052,Courier_D,1,0.4439,2,1,1
ORD000092886,2026-08-21 18:00:40,532.15,1,Apparel,0.0,COD,49.0,CUST028382,208,3,1,939425,Courier_B,2,0.1123,2,1,0
ORD000087940,2026-08-12 11:48:28,219.59,5,Electronics,19.01,Debit Card,0.0,CUST024413,324,4,0,392938,Courier_A,1,0.2224,1,4,0
ORD000098460,2026-09-01 04:02:34,1046.5,4,Footwear,0.0,UPI,0.0,CUST007684,213,4,0,136130,Courier_A,2,0.2364,1,1,0
ORD000092197,2026-08-20 11:50:14,485.05,3,Footwear,0.0,Credit Card,0.0,CUST017119,135,0,0,103940,Courier_C,1,0.12,0,1,0
ORD000093670,2026-08-23 03:50:50,1174.17,1,Jewelry,0.0,COD,59.0,CUST012134,501,2,0,966726,Courier_B,3,0.3733,0,1,0
ORD000093980,2026-08-23 19:27:15,630.36,2,Jewelry,0.0,COD,29.0,CUST009202,160,7,0,355903,Courier_A,2,0.0476,1,1,1
ORD000085144,2026-08-07 04:28:51,420.23,3,Electronics,0.0,Debit Card,0.0,CUST004793,368,6,0,329012,Courier_C,3,0.1602,1,12,0
ORD000095690,2026-08-27 00:30:37,88.14,1,Home,0.0,COD,29.0,CUST003004,369,1,0,579494,Courier_A,2,0.0928,3,1,0
ORD000096126,2026-08-27 19:23:19,642.59,2,Apparel,0.0,COD,20.0,CUST021225,820,3,0,622669,Courier_A,3,0.1718,0,10,1
ORD000092051,2026-08-20 05:04:28,1075.45,3,Apparel,12.57,COD,49.0,CUST018653,584,5,0,570241,Courier_C,1,0.1097,2,2,0
ORD000089946,2026-08-16 04:35:54,2138.4,2,Electronics,0.0,UPI,0.0,CUST022167,162,5,0,368724,Courier_D,1,0.5503,0,1,0
ORD000095512,2026-08-26 16:44:26,1680.56,3,Electronics,0.0,UPI,0.0,CUST026899,68,1,0,174397,Courier_C,2,0.0651,0,5,0
ORD000087171,2026-08-11 00:10:20,610.82,3,Beauty,16.94,COD,59.0,CUST003430,1046,1,0,563896,Courier_B,1,0.2042,1,5,0
ORD000085294,2026-08-07 11:14:48,193.29,4,Electronics,0.0,Debit Card,0.0,CUST000380,1764,2,0,496735,Courier_C,2,0.0377,1,1,0
ORD000098728,2026-09-01 15:39:44,558.29,2,Electronics,9.42,COD,59.0,CUST020165,37,4,0,839684,Courier_E,1,0.227,1,4,1
ORD000099423,2026-09-02 22:01:51,590.52,1,Footwear,8.75,UPI,0.0,CUST014413,59,2,0,801215,Courier_B,2,0.054,2,1,0
ORD000097841,2026-08-31 00:04:47,864.64,3,Footwear,0.0,COD,39.0,CUST008324,857,5,1,728214,Courier_B,1,0.2475,1,1,0
ORD000087640,2026-08-11 22:36:32,1316.64,4,Electronics,19.01,COD,49.0,CUST017977,84,7,2,216367,Courier_A,2,0.1947,1,2,0
ORD000095448,2026-08-26 13:07:26,860.6,2,Beauty,0.0,UPI,0.0,CUST029918,144,3,0,183949,Courier_A,3,0.1876,2,1,0
ORD000092945,2026-08-21 19:53:31,2829.22,1,Electronics,0.0,Debit Card,0.0,CUST000057,255,4,0,218921,Courier_D,2,0.2945,2,3,1
ORD000086031,2026-08-08 21:22:01,373.42,2,Electronics,0.0,COD,20.0,CUST024874,469,2,1,837858,Courier_A,2,0.0627,1,1,1
ORD000089635,2026-08-15 14:34:41,252.56,2,Apparel,0.0,UPI,0.0,CUST004296,0,0,0,149830,Courier_E,1,0.1114,2,1,0
ORD000092385,2026-08-20 20:15:03,1138.0,1,Apparel,0.0,COD,49.0,CUST000012,156,4,1,622669,Courier_A,3,0.156,2,1,1
ORD000092738,2026-08-21 12:05:38,301.68,3,Apparel,18.57,COD,39.0,CUST013863,183,4,0,934886,Courier_A,1,0.1049,1,1,0
ORD000093375,2026-08-22 16:07:28,1302.34,1,Electronics,0.0,COD,79.0,CUST022706,48,5,1,131194,Courier_D,2,0.2015,1,1,1
ORD000093984,2026-08-23 19:34:33,1334.05,1,Home,0.0,COD,79.0,CUST026950,172,2,0,868770,Courier_A,2,0.0736,2,1,0
ORD000090223,2026-08-16 16:37:34,690.02,3,Footwear,0.0,COD,29.0,CUST019831,108,2,0,994635,Courier_E,1,0.2838,2,1,1
ORD000090849,2026-08-17 20:31:13,528.74,4,Footwear,6.61,COD,29.0,CUST021716,84,3,0,783187,Courier_A,2,0.2866,1,1,0
ORD000099114,2026-09-02 08:28:11,2182.29,2,Apparel,0.0,COD,39.0,CUST007864,188,5,0,931926,Courier_B,2,0.0631,0,1,1
ORD000095772,2026-08-27 04:28:24,355.84,3,Beauty,0.0,COD,39.0,CUST025553,240,2,0,578841,Courier_E,3,0.2839,1,1,0
ORD000099231,2026-09-02 13:05:18,212.7,1,Apparel,12.15,COD,49.0,CUST029167,82,1,0,942551,Courier_D,1,0.2827,1,5,1
ORD000096841,2026-08-29 01:35:09,914.25,3,Jewelry,26.61,UPI,0.0,CUST017153,392,3,0,400186,Courier_A,3,0.1997,1,1,0
ORD000098511,2026-09-01 06:13:40,1487.6,3,Electronics,22.58,Debit Card,0.0,CUST027222,0,0,0,341690,Courier_C,2,0.0769,3,1,1
ORD000086144,2026-08-09 02:32:47,253.37,4,Apparel,54.45,Credit Card,0.0,CUST004745,139,7,1,158414,Courier_C,1,0.0398,2,1,0
ORD000099252,2026-09-02 13:55:40,1495.18,1,Jewelry,11.02,Debit Card,0.0,CUST017519,183,8,0,670883,Courier_A,1,0.1178,2,4,0
ORD000097723,2026-08-30 19:08:00,1724.23,3,Electronics,0.0,COD,79.0,CUST021358,127,2,0,696858,Courier_E,3,0.1916,3,1,0
ORD000085040,2026-08-06 23:40:00,433.18,2,Footwear,6.14,UPI,0.0,CUST023039,116,6,1,802647,Courier_D,2,0.0848,0,4,1
ORD000092356,2026-08-20 18:58:11,428.73,1,Footwear,0.0,Credit Card,0.0,CUST011942,797,2,0,371186,Courier_E,2,0.1688,0,1,0
ORD000099020,2026-09-02 04:12:01,528.52,1,Apparel,18.89,COD,79.0,CUST000607,62,5,0,897111,Courier_A,3,0.266,4,4,0
ORD000099115,2026-09-02 08:31:08,676.47,3,Apparel,0.0,COD,39.0,CUST023880,319,2,0,175901,Courier_B,1,0.3828,2,1,1
ORD000096738,2026-08-28 21:38:31,1935.68,2,Apparel,17.2,Debit Card,0.0,CUST010073,309,2,0,688461,Courier_B,3,0.1334,1,2,1
ORD000092924,2026-08-21 19:05:01,2270.05,2,Electronics,9.21,Credit Card,0.0,CUST001062,579,5,0,781551,Courier_B,2,0.1581,0,1,0
ORD000089510,2026-08-15 09:40:37,160.46,2,Apparel,12.1,COD,59.0,CUST005775,116,6,0,411928,Courier_A,2,0.2599,2,1,0
ORD000088059,2026-08-12 16:03:14,391.83,1,Apparel,0.0,COD,79.0,CUST023769,145,2,0,962762,Courier_A,2,0.3397,1,1,0
ORD000093764,2026-08-23 07:53:20,596.98,2,Beauty,0.0,COD,49.0,CUST004007,245,1,0,788240,Courier_A,1,0.1026,1,5,0
ORD000090704,2026-08-17 13:52:30,196.61,3,Footwear,0.0,Credit Card,0.0,CUST004801,429,8,0,793158,Courier_D,1,0.1988,1,1,0
ORD000088228,2026-08-12 23:26:02,769.3,1,Beauty,26.05,COD,49.0,CUST029325,35,2,0,248546,Courier_B,2,0.2801,0,1,0
ORD000096866,2026-08-29 02:31:50,845.47,2,Footwear,0.0,Credit Card,0.0,CUST008498,614,2,0,314662,Courier_C,1,0.1593,2,1,0
ORD000099824,2026-09-03 15:48:30,502.62,3,Apparel,0.0,UPI,0.0,CUST001671,240,4,1,384588,Courier_B,3,0.1083,1,5,0
ORD000098994,2026-09-02 03:13:53,665.62,1,Apparel,36.89,UPI,0.0,CUST015112,916,2,0,834514,Courier_B,3,0.2148,2,1,0
ORD000087834,2026-08-12 07:36:01,970.18,2,Home,0.0,COD,29.0,CUST007886,502,2,0,903532,Courier_B,1,0.1224,2,1,0
ORD000092594,2026-08-21 05:20:46,578.4,7,Electronics,16.52,COD,29.0,CUST001196,44,5,0,738553,Courier_A,3,0.1421,0,1,0
ORD000088690,2026-08-13 20:35:47,723.46,3,Home,19.19,COD,39.0,CUST007940,75,4,0,738553,Courier_A,3,0.1553,3,1,1
ORD000088243,2026-08-13 00:08:11,422.85,3,Apparel,0.0,Net Banking,0.0,CUST020254,387,1,0,371751,Courier_C,1,0.0794,0,5,0
ORD000087133,2026-08-10 22:52:36,277.58,2,Electronics,0.0,UPI,0.0,CUST009984,43,3,0,543108,Courier_B,2,0.2221,2,5,0
ORD000096680,2026-08-28 19:11:39,1191.41,3,Electronics,0.0,Debit Card,0.0,CUST015811,667,3,0,702215,Courier_A,3,0.0868,2,1,0
ORD000089651,2026-08-15 15:05:16,1494.06,3,Apparel,14.62,COD,99.0,CUST006707,225,2,0,942283,Courier_B,3,0.2701,1,3,0
ORD000092171,2026-08-20 10:09:03,89.3,2,Apparel,0.0,UPI,0.0,CUST017275,228,3,0,908295,Courier_B,1,0.2131,3,1,0
ORD000093345,2026-08-22 14:59:41,550.69,2,Home,27.07,Credit Card,0.0,CUST020998,188,3,0,798962,Courier_E,1,0.4193,0,5,0
ORD000085924,2026-08-08 17:34:42,1146.94,1,Beauty,0.0,COD,49.0,CUST001197,182,6,0,585787,Courier_D,1,0.1035,2,2,0
ORD000094123,2026-08-24 01:43:12,172.47,1,Footwear,0.0,UPI,0.0,CUST022127,322,7,0,756766,Courier_A,3,0.0392,1,1,0
ORD000089788,2026-08-15 20:54:14,395.0,2,Electronics,0.0,COD,29.0,CUST016018,160,4,0,786081,Courier_A,3,0.3028,1,1,0
ORD000092485,2026-08-21 00:54:27,483.36,2,Beauty,12.93,COD,49.0,CUST014965,865,5,0,831901,Courier_A,2,0.0295,1,1,0
ORD000090635,2026-08-17 10:59:28,507.29,2,Home,13.16,COD,59.0,CUST004000,63,2,0,275250,Courier_B,2,0.2069,4,1,1
ORD000093097,2026-08-22 03:18:55,478.29,3,Apparel,0.0,Debit Card,0.0,CUST018285,2358,2,1,880523,Courier_E,3,0.0286,2,1,0
ORD000092446,2026-08-20 23:04:43,740.11,2,Electronics,42.78,COD,49.0,CUST026950,172,2,0,383787,Courier_B,2,0.2036,2,1,0
ORD000093419,2026-08-22 18:15:23,2144.4,2,Beauty,0.0,Credit Card,0.0,CUST021974,45,4,0,490092,Courier_A,3,0.0929,1,1,0
ORD000093830,2026-08-23 11:36:58,428.86,4,Electronics,21.24,COD,59.0,CUST016673,191,6,0,823499,Courier_C,1,0.0323,5,1,0
ORD000091966,2026-08-20 01:03:05,321.0,2,Beauty,0.0,Net Banking,0.0,CUST027093,142,1,0,312071,Courier_A,1,0.1447,2,1,0
ORD000098581,2026-09-01 09:35:11,495.93,1,Beauty,16.57,Credit Card,0.0,CUST008162,202,4,0,686412,Courier_C,1,0.1108,0,5,0
ORD000096918,2026-08-29 04:55:19,4988.31,1,Apparel,19.47,COD,79.0,CUST024812,572,5,0,429344,Courier_B,2,0.1602,2,1,1
ORD000088208,2026-08-12 22:39:06,306.15,2,Jewelry,26.29,Credit Card,0.0,CUST005844,1050,1,0,553849,Courier_A,2,0.1497,4,3,0
ORD000093971,2026-08-23 18:55:49,801.85,1,Electronics,0.0,UPI,0.0,CUST010906,13,1,0,488273,Courier_B,1,0.2793,2,3,0
ORD000086055,2026-08-08 22:26:03,378.18,1,Beauty,0.0,COD,79.0,CUST007981,117,1,0,276672,Courier_E,1,0.1534,3,1,0
ORD000098512,2026-09-01 06:21:55,2656.77,3,Footwear,0.0,COD,99.0,CUST022801,259,2,0,951351,Courier_C,2,0.0358,2,5,1
ORD000091472,2026-08-19 02:42:55,1027.47,1,Apparel,18.67,UPI,0.0,CUST028211,156,5,0,523573,Courier_A,1,0.1659,1,1,0
ORD000097365,2026-08-30 01:47:54,737.28,2,Electronics,0.0,Credit Card,0.0,CUST013747,133,3,0,745821,Courier_A,2,0.4043,6,14,1
ORD000098339,2026-08-31 22:54:12,318.09,3,Apparel,0.0,Debit Card,0.0,CUST026559,365,1,0,761154,Courier_B,1,0.1172,3,1,0
ORD000085629,2026-08-08 03:34:48,428.67,1,Home,0.0,COD,39.0,CUST025541,772,4,0,909819,Courier_C,2,0.1133,2,2,0
ORD000086423,2026-08-09 14:53:18,224.0,2,Footwear,0.0,UPI,0.0,CUST017107,129,5,0,515308,Courier_B,3,0.1579,3,5,1
ORD000092756,2026-08-21 12:51:56,566.56,3,Beauty,23.61,UPI,0.0,CUST025253,750,6,1,653198,Courier_D,2,0.2845,1,1,0
ORD000097571,2026-08-30 11:06:43,204.89,2,Apparel,16.85,UPI,0.0,CUST012901,128,3,0,903532,Courier_C,1,0.0741,2,1,0
ORD000087635,2026-08-11 22:25:23,468.79,1,Jewelry,17.41,COD,49.0,CUST018666,292,5,0,547541,Courier_C,3,0.1365,1,1,0
ORD000088091,2026-08-12 17:17:33,828.89,3,Electronics,22.72,Credit Card,0.0,CUST006371,97,3,0,716918,Courier_A,3,0.0968,3,1,0
ORD000096340,2026-08-28 04:50:04,747.79,2,Apparel,0.0,Credit Card,0.0,CUST012450,64,5,0,608288,Courier_A,3,0.0828,1,4,0
ORD000085239,2026-08-07 08:23:48,734.29,1,Jewelry,30.49,COD,20.0,CUST001074,394,3,1,258986,Courier_A,3,0.083,1,2,0
ORD000087120,2026-08-10 22:22:05,476.88,3,Apparel,0.0,UPI,0.0,CUST014080,1024,1,0,265163,Courier_B,2,0.0,2,3,0
ORD000085928,2026-08-08 17:44:49,2038.17,4,Apparel,0.0,COD,39.0,CUST010692,867,6,0,396628,Courier_A,2,0.1295,2,2,1
ORD000087149,2026-08-10 23:25:04,246.73,1,Home,0.0,COD,20.0,CUST014814,327,5,0,209703,Courier_B,3,0.2906,2,1,0
ORD000087964,2026-08-12 12:33:59,1504.24,2,Home,4.43,Debit Card,0.0,CUST001765,131,4,0,712536,Courier_A,3,0.1364,1,17,0
ORD000085348,2026-08-07 13:42:23,602.0,2,Apparel,33.97,UPI,0.0,CUST002491,388,1,0,876950,Courier_A,3,0.0792,3,1,0
ORD000099402,2026-09-02 20:50:53,466.86,3,Apparel,0.0,Net Banking,0.0,CUST007989,462,3,0,659264,Courier_B,2,0.2883,1,1,0
ORD000093461,2026-08-22 19:57:16,714.89,2,Apparel,21.39,COD,99.0,CUST000659,0,0,0,588166,Courier_C,2,0.107,2,2,0
ORD000095801,2026-08-27 05:44:54,1867.59,3,Home,26.81,Credit Card,0.0,CUST002101,162,4,0,223623,Courier_B,3,0.0913,0,5,0
ORD000098231,2026-08-31 18:04:06,402.66,2,Apparel,0.0,Net Banking,0.0,CUST023494,214,1,0,182540,Courier_E,3,0.2274,1,4,0
ORD000093648,2026-08-23 02:53:21,679.75,3,Apparel,0.0,COD,79.0,CUST028593,1329,2,0,728214,Courier_A,1,0.2686,3,1,0
ORD000088122,2026-08-12 18:45:36,425.03,2,Home,13.02,Net Banking,0.0,CUST017695,730,4,0,587634,Courier_B,1,0.2646,3,1,0
ORD000097835,2026-08-30 23:56:31,429.81,2,Home,0.0,UPI,0.0,CUST001105,1625,3,0,971812,Courier_A,1,0.1192,0,2,0
ORD000091713,2026-08-19 15:15:04,252.25,1,Apparel,0.0,Credit Card,0.0,CUST026651,517,8,0,306555,Courier_E,3,0.3669,0,1,0
ORD000096477,2026-08-28 09:52:53,258.38,1,Footwear,0.0,COD,29.0,CUST014633,1360,3,0,214719,Courier_B,2,0.2753,2,1,0
ORD000096831,2026-08-29 01:03:42,373.21,4,Electronics,32.51,COD,39.0,CUST021223,379,2,0,263224,Courier_A,2,0.383,2,1,0
ORD000096110,2026-08-27 18:46:51,650.75,3,Beauty,3.88,COD,39.0,CUST022811,303,2,0,226229,Courier_C,3,0.0,2,1,0
ORD000094043,2026-08-23 22:21:35,483.72,1,Apparel,39.73,UPI,0.0,CUST009840,196,2,0,919427,Courier_E,1,0.1471,2,1,0
ORD000095092,2026-08-25 21:38:57,386.14,4,Apparel,28.5,COD,59.0,CUST005035,362,3,0,594225,Courier_A,1,0.0,0,1,0
ORD000093746,2026-08-23 07:21:24,1663.91,1,Electronics,26.68,COD,29.0,CUST005694,110,2,1,497993,Courier_A,2,0.1953,0,1,0
ORD000090589,2026-08-17 08:41:44,287.37,1,Footwear,25.59,UPI,0.0,CUST015515,0,0,0,385326,Courier_C,2,0.2009,1,1,0
ORD000088969,2026-08-14 09:06:44,3900.07,1,Apparel,0.0,Credit Card,0.0,CUST023987,235,5,0,885352,Courier_E,1,0.1041,1,1,0
ORD000088774,2026-08-14 00:05:01,402.06,1,Apparel,9.11,COD,79.0,CUST019339,0,0,0,184063,Courier_B,3,0.1198,3,1,1
ORD000093191,2026-08-22 07:41:15,271.56,1,Jewelry,0.0,UPI,0.0,CUST019787,183,5,0,666934,Courier_D,3,0.0845,0,1,0
ORD000088336,2026-08-13 04:36:57,757.17,3,Apparel,0.0,COD,39.0,CUST013426,129,4,0,895645,Courier_A,2,0.2643,2,5,0
ORD000094764,2026-08-25 06:24:35,273.99,1,Electronics,33.95,Net Banking,0.0,CUST001564,306,2,0,597561,Courier_E,2,0.094,2,1,0
ORD000085951,2026-08-08 18:22:38,341.02,4,Jewelry,46.67,COD,29.0,CUST016042,323,3,0,628444,Courier_C,3,0.1637,5,1,0
ORD000088242,2026-08-13 00:04:05,276.3,5,Electronics,0.0,COD,59.0,CUST021546,357,3,0,523573,Courier_A,1,0.2143,0,1,0
ORD000089126,2026-08-14 16:40:12,245.12,3,Electronics,0.0,Debit Card,0.0,CUST022102,381,1,0,937947,Courier_A,3,0.2624,3,4,0
ORD000089416,2026-08-15 05:14:20,225.32,2,Footwear,4.4,UPI,0.0,CUST029967,223,6,1,415774,Courier_A,3,0.1847,1,1,0
ORD000091013,2026-08-18 03:51:35,435.44,2,Electronics,25.09,COD,49.0,CUST005488,258,4,0,834514,Courier_D,3,0.2137,0,4,0
ORD000099371,2026-09-02 19:35:23,380.09,2,Beauty,0.0,Net Banking,0.0,CUST019617,1891,6,0,690537,Courier_E,3,0.3651,1,1,0
ORD000089266,2026-08-14 22:39:03,157.28,1,Footwear,0.0,COD,39.0,CUST020736,351,3,0,932843,Courier_B,2,0.1461,1,1,0
ORD000088407,2026-08-13 08:05:55,383.06,3,Apparel,0.0,Credit Card,0.0,CUST013170,453,2,0,801962,Courier_D,3,0.2471,0,2,0
ORD000095868,2026-08-27 08:58:35,355.14,4,Apparel,0.0,UPI,0.0,CUST014097,132,5,0,849763,Courier_B,1,0.4641,0,1,0
ORD000086331,2026-08-09 11:39:59,953.08,4,Home,13.31,Credit Card,0.0,CUST006672,1922,3,0,494711,Courier_B,3,0.4688,0,1,0
ORD000089771,2026-08-15 20:13:47,474.44,4,Electronics,13.35,UPI,0.0,CUST002022,41,2,0,215176,Courier_B,3,0.3645,3,1,0
ORD000091459,2026-08-19 01:53:19,218.93,2,Footwear,10.02,COD,39.0,CUST006659,346,4,0,139108,Courier_D,1,0.2134,2,1,0
ORD000089611,2026-08-15 13:53:47,938.87,2,Jewelry,17.31,Credit Card,0.0,CUST018282,550,4,2,763562,Courier_A,1,0.1032,1,3,1
ORD000088772,2026-08-14 00:02:49,2706.68,2,Apparel,34.94,UPI,0.0,CUST028547,512,4,1,717194,Courier_C,3,0.2011,3,1,1
ORD000092778,2026-08-21 13:37:32,225.06,2,Apparel,0.0,COD,39.0,CUST011987,376,3,1,244802,Courier_A,2,0.1259,2,1,0
ORD000095896,2026-08-27 09:55:22,372.27,4,Beauty,26.0,COD,49.0,CUST020889,407,4,0,119435,Courier_A,2,0.1317,0,5,0
ORD000093040,2026-08-22 00:50:00,340.98,2,Footwear,0.0,Debit Card,0.0,CUST001821,444,6,3,159870,Courier_A,2,0.392,3,1,0
ORD000085209,2026-08-07 07:16:04,878.84,6,Electronics,0.0,COD,39.0,CUST020018,22,6,0,461780,Courier_C,3,0.1895,2,19,0
ORD000089435,2026-08-15 06:08:20,215.91,2,Jewelry,0.0,COD,29.0,CUST015043,80,4,0,964105,Courier_C,2,0.3069,0,1,0
ORD000090100,2026-08-16 11:58:32,1320.23,2,Electronics,38.42,UPI,0.0,CUST023236,0,0,0,501971,Courier_C,2,0.277,2,1,1
ORD000097358,2026-08-30 01:34:52,781.23,3,Apparel,4.94,UPI,0.0,CUST028655,582,0,0,934214,Courier_C,2,0.2595,1,11,0
ORD000099498,2026-09-03 01:52:50,133.83,3,Apparel,20.27,UPI,0.0,CUST015567,92,1,0,388393,Courier_D,2,0.1148,1,1,0
ORD000095782,2026-08-27 05:03:05,288.53,3,Electronics,0.0,Debit Card,0.0,CUST014551,27,4,0,398177,Courier_C,3,0.3815,3,1,0
ORD000089215,2026-08-14 20:40:12,435.45,3,Jewelry,0.0,Debit Card,0.0,CUST017475,491,2,0,726938,Courier_B,3,0.0997,1,1,0
ORD000090641,2026-08-17 11:07:35,1178.6,2,Footwear,12.97,COD,49.0,CUST010220,2699,3,1,721746,Courier_B,1,0.085,3,1,1
ORD000097606,2026-08-30 13:02:43,906.69,4,Beauty,16.06,Debit Card,0.0,CUST023369,570,4,1,185515,Courier_A,2,0.0994,2,1,0
ORD000098862,2026-09-01 21:10:01,830.61,2,Home,0.0,UPI,0.0,CUST000686,249,2,0,871634,Courier_C,3,0.1744,1,1,0
ORD000098873,2026-09-01 21:34:32,146.97,3,Apparel,37.33,Net Banking,0.0,CUST012446,379,2,0,371751,Courier_D,1,0.0768,1,1,0
ORD000094543,2026-08-24 20:25:48,3023.33,1,Apparel,42.12,COD,39.0,CUST019963,756,5,1,248039,Courier_D,2,0.1679,1,1,0
ORD000095863,2026-08-27 08:43:53,449.9,1,Electronics,6.78,UPI,0.0,CUST009004,359,2,0,240201,Courier_B,1,0.1109,1,5,0
ORD000094007,2026-08-23 20:37:39,185.31,3,Apparel,0.0,Net Banking,0.0,CUST002086,61,1,0,529908,Courier_D,1,0.2764,0,2,0
ORD000099622,2026-09-03 07:01:20,1046.52,4,Apparel,11.57,COD,49.0,CUST025617,92,8,0,300933,Courier_C,2,0.1914,6,1,0
ORD000088393,2026-08-13 07:07:41,253.79,2,Apparel,13.15,UPI,0.0,CUST020677,689,1,0,737806,Courier_D,3,0.0418,2,14,1
ORD000098780,2026-09-01 17:35:35,2311.26,2,Electronics,0.0,COD,49.0,CUST005565,125,3,0,119023,Courier_C,1,0.0157,1,1,0
ORD000096987,2026-08-29 08:14:03,1602.88,3,Electronics,0.0,UPI,0.0,CUST024931,0,0,0,529908,Courier_A,1,0.2206,0,1,0
ORD000091011,2026-08-18 03:44:43,715.26,2,Footwear,24.54,Debit Card,0.0,CUST008627,1242,2,0,400584,Courier_B,3,0.3033,3,1,0
ORD000085394,2026-08-07 16:28:42,705.87,3,Electronics,0.0,Credit Card,0.0,CUST018866,130,2,1,476634,Courier_D,2,0.1589,2,3,0
ORD000089840,2026-08-15 23:36:03,495.04,2,Apparel,0.0,COD,49.0,CUST012065,507,4,2,545658,Courier_B,3,0.2084,2,1,0
ORD000092852,2026-08-21 16:47:19,639.87,1,Electronics,0.0,COD,59.0,CUST012873,303,3,0,698997,Courier_C,2,0.1625,1,1,1
ORD000086956,2026-08-10 15:45:40,3533.6,3,Beauty,0.0,COD,29.0,CUST017241,0,0,0,463515,Courier_B,2,0.4883,2,2,1
ORD000094328,2026-08-24 11:29:38,235.2,1,Electronics,0.0,UPI,0.0,CUST017523,777,4,0,974275,Courier_D,3,0.0868,2,3,0
ORD000097006,2026-08-29 09:10:51,247.62,1,Apparel,2.31,UPI,0.0,CUST001487,165,4,0,276672,Courier_B,1,0.1162,1,1,0
ORD000090769,2026-08-17 17:24:39,274.89,3,Footwear,6.65,Debit Card,0.0,CUST010614,471,3,0,314695,Courier_D,1,0.0051,2,1,0
ORD000086704,2026-08-10 04:22:14,503.51,3,Electronics,0.0,COD,39.0,CUST010010,125,5,0,519606,Courier_A,2,0.0755,0,1,0
ORD000086983,2026-08-10 16:50:26,459.2,1,Electronics,0.0,COD,49.0,CUST015307,268,4,0,512665,Courier_B,3,0.075,2,2,0
ORD000099883,2026-09-03 18:24:24,914.35,2,Apparel,9.2,COD,59.0,CUST029245,106,5,0,971812,Courier_A,1,0.1505,4,1,0
ORD000090459,2026-08-17 02:43:24,4257.38,2,Apparel,16.28,UPI,0.0,CUST018000,673,4,0,492669,Courier_C,2,0.077,1,1,0
ORD000093573,2026-08-23 00:07:42,1653.2,1,Apparel,0.0,COD,29.0,CUST002345,97,3,0,696209,Courier_C,2,0.1908,1,1,0
ORD000093846,2026-08-23 12:26:36,721.82,3,Apparel,20.21,COD,49.0,CUST018604,0,0,0,756766,Courier_E,3,0.0068,0,4,0
ORD000092338,2026-08-20 18:21:03,247.81,1,Electronics,0.0,COD,49.0,CUST011554,560,4,0,703529,Courier_C,1,0.1105,3,1,1
ORD000094396,2026-08-24 13:57:15,491.13,1,Footwear,19.88,UPI,0.0,CUST028063,420,1,0,408428,Courier_C,3,0.2368,2,1,0
ORD000092840,2026-08-21 16:11:43,846.04,1,Jewelry,0.0,Debit Card,0.0,CUST004139,349,2,0,385326,Courier_C,2,0.2047,2,1,0
ORD000087492,2026-08-11 16:02:32,95.87,1,Electronics,6.84,UPI,0.0,CUST026640,168,7,0,981214,Courier_D,3,0.2919,0,1,0
ORD000089785,2026-08-15 20:48:10,649.43,3,Apparel,0.0,COD,59.0,CUST014547,504,1,0,611363,Courier_B,3,0.1167,0,3,0
ORD000097373,2026-08-30 02:18:06,948.85,2,Apparel,0.0,COD,79.0,CUST015707,86,4,0,172737,Courier_C,2,0.2482,0,2,1
ORD000088482,2026-08-13 11:31:51,981.93,1,Apparel,0.0,COD,20.0,CUST008470,680,0,0,820754,Courier_D,2,0.2878,0,4,0
ORD000094489,2026-08-24 18:03:40,702.96,1,Apparel,25.45,UPI,0.0,CUST017805,201,4,1,339071,Courier_C,2,0.1443,2,5,0
ORD000088843,2026-08-14 03:27:25,568.15,4,Apparel,13.79,Credit Card,0.0,CUST022969,75,2,0,997140,Courier_B,1,0.283,2,1,0
ORD000090626,2026-08-17 10:42:08,257.64,1,Beauty,3.17,COD,49.0,CUST002139,150,2,0,543108,Courier_B,2,0.1792,1,1,0
ORD000093217,2026-08-22 08:40:26,349.21,3,Apparel,0.0,UPI,0.0,CUST001436,296,3,0,815371,Courier_B,2,0.1658,3,15,0
ORD000099952,2026-09-03 21:44:35,548.44,1,Beauty,42.8,COD,59.0,CUST029306,78,2,0,750176,Courier_C,2,0.083,2,1,0
ORD000093844,2026-08-23 12:16:21,123.14,3,Electronics,0.0,COD,20.0,CUST021510,400,5,0,628425,Courier_A,3,0.0563,0,1,0
ORD000093973,2026-08-23 19:08:28,71.64,2,Apparel,0.0,COD,49.0,CUST007885,88,3,0,154996,Courier_B,2,0.1681,2,1,0
ORD000089835,2026-08-15 23:20:45,120.04,1,Electronics,31.9,Net Banking,0.0,CUST007636,0,0,0,737806,Courier_E,3,0.0748,0,2,0
ORD000089793,2026-08-15 21:07:15,840.94,1,Apparel,0.0,Credit Card,0.0,CUST009761,45,4,0,781167,Courier_A,2,0.266,1,1,1
ORD000089905,2026-08-16 02:25:06,212.96,1,Electronics,0.0,COD,39.0,CUST019448,33,1,1,815371,Courier_C,2,0.213,0,1,0
ORD000091520,2026-08-19 05:09:16,344.98,1,Electronics,24.22,UPI,0.0,CUST015205,139,6,1,225693,Courier_B,2,0.2158,1,1,0
ORD000086554,2026-08-09 21:43:54,655.09,1,Apparel,6.77,Credit Card,0.0,CUST003486,41,5,3,654970,Courier_C,3,0.1494,0,1,0
ORD000094700,2026-08-25 03:49:11,1318.99,3,Beauty,0.0,Net Banking,0.0,CUST004618,357,2,0,344803,Courier_B,2,0.2103,4,1,0
ORD000088616,2026-08-13 17:05:11,695.6,2,Electronics,27.33,UPI,0.0,CUST023738,429,6,1,329012,Courier_A,3,0.0782,3,1,0
ORD000093768,2026-08-23 08:01:40,850.33,1,Jewelry,1.86,COD,20.0,CUST014873,0,0,0,905920,Courier_C,2,0.1075,1,1,1
ORD000086234,2026-08-09 07:00:40,712.58,4,Footwear,9.32,UPI,0.0,CUST024841,309,2,0,777635,Courier_A,3,0.105,0,1,0
ORD000095145,2026-08-26 00:16:23,510.82,3,Home,0.0,UPI,0.0,CUST022043,676,1,0,138111,Courier_B,2,0.1493,0,1,0
ORD000088215,2026-08-12 23:02:15,423.22,2,Beauty,0.0,COD,79.0,CUST004619,108,3,0,159870,Courier_B,2,0.4165,6,1,1
ORD000097720,2026-08-30 18:56:31,144.11,1,Apparel,14.52,UPI,0.0,CUST017356,2523,4,0,433068,Courier_A,2,0.2837,2,5,0
ORD000089714,2026-08-15 17:40:44,395.11,2,Apparel,15.3,UPI,0.0,CUST023591,331,7,0,378752,Courier_A,1,0.0772,0,2,0
ORD000093956,2026-08-23 18:12:55,862.87,2,Electronics,0.0,COD,39.0,CUST009215,137,4,0,995659,Courier_D,2,0.6114,0,1,1
ORD000089541,2026-08-15 10:58:59,772.02,4,Apparel,12.17,Credit Card,0.0,CUST001472,159,4,1,864201,Courier_C,1,0.097,0,1,0
ORD000095116,2026-08-25 22:38:08,332.42,4,Footwear,6.95,UPI,0.0,CUST025247,270,7,0,214719,Courier_D,2,0.2744,3,5,1
ORD000092876,2026-08-21 17:36:16,789.09,3,Beauty,0.0,COD,49.0,CUST028348,35,4,1,815371,Courier_D,2,0.1923,2,4,0
ORD000095752,2026-08-27 03:40:31,277.75,3,Apparel,20.7,COD,39.0,CUST016846,148,1,0,374219,Courier_A,3,0.1747,3,1,0
ORD000094614,2026-08-24 23:33:36,156.49,2,Home,0.0,Credit Card,0.0,CUST019405,42,1,0,140279,Courier_D,2,0.257,2,1,1
ORD000086406,2026-08-09 14:33:48,2064.42,5,Apparel,0.0,UPI,0.0,CUST017306,712,6,0,733081,Courier_A,3,0.1455,0,1,0
ORD000085406,2026-08-07 16:58:29,566.57,4,Beauty,19.32,COD,39.0,CUST015786,28,3,0,146484,Courier_B,3,0.1878,4,1,0
ORD000087735,2026-08-12 03:20:03,657.0,4,Beauty,0.0,COD,59.0,CUST019741,496,3,0,932843,Courier_A,2,0.1801,0,1,0
ORD000086268,2026-08-09 08:36:08,192.94,1,Apparel,0.0,COD,59.0,CUST010819,509,2,0,837709,Courier_B,2,0.2433,3,3,1
ORD000094020,2026-08-23 21:20:35,302.07,3,Apparel,16.59,UPI,0.0,CUST012237,111,4,0,163173,Courier_A,2,0.1552,1,1,0
ORD000095541,2026-08-26 18:00:48,1131.77,2,Footwear,2.19,COD,29.0,CUST007127,167,2,0,315385,Courier_C,3,0.3595,2,5,1
ORD000087023,2026-08-10 18:31:33,245.79,5,Apparel,0.0,COD,39.0,CUST021330,151,6,0,359971,Courier_B,2,0.0555,0,1,0
ORD000086627,2026-08-10 00:44:24,468.59,5,Footwear,2.24,COD,39.0,CUST014435,374,3,0,907465,Courier_A,2,0.1079,2,1,0
ORD000085332,2026-08-07 13:00:31,484.36,2,Home,0.0,UPI,0.0,CUST022721,399,2,0,952372,Courier_C,1,0.2884,1,1,0
ORD000090907,2026-08-17 23:23:27,3439.88,3,Electronics,0.0,COD,39.0,CUST022145,69,2,0,641395,Courier_A,2,0.3212,3,19,1
ORD000088269,2026-08-13 01:09:30,760.74,3,Electronics,0.0,COD,39.0,CUST006351,52,4,0,773540,Courier_D,3,0.1912,0,1,0
ORD000097537,2026-08-30 09:40:02,524.86,3,Beauty,4.32,Net Banking,0.0,CUST011263,286,2,1,227041,Courier_A,1,0.1915,0,3,1
ORD000090794,2026-08-17 18:12:55,461.94,1,Apparel,0.0,Credit Card,0.0,CUST009855,50,4,0,615126,Courier_A,1,0.0417,1,1,0
ORD000089883,2026-08-16 01:24:50,405.14,3,Home,0.0,Credit Card,0.0,CUST007145,115,2,0,823251,Courier_D,1,0.2078,2,3,0
ORD000094997,2026-08-25 16:53:30,302.34,2,Apparel,15.13,UPI,0.0,CUST022689,189,2,1,636120,Courier_B,1,0.1018,0,1,1
ORD000086764,2026-08-10 06:44:25,825.33,3,Footwear,15.04,COD,49.0,CUST015454,183,6,1,348656,Courier_A,2,0.2577,2,1,1
ORD000097056,2026-08-29 11:20:54,347.38,1,Footwear,0.0,Credit Card,0.0,CUST005801,669,1,0,469380,Courier_B,3,0.045,2,2,0
ORD000090593,2026-08-17 08:54:28,926.48,3,Home,18.47,UPI,0.0,CUST012295,851,2,0,893042,Courier_C,2,0.0339,2,1,0
ORD000096919,2026-08-29 04:58:12,999.2,3,Jewelry,37.05,COD,39.0,CUST014999,311,2,0,248546,Courier_A,2,0.1844,0,1,0
ORD000095318,2026-08-26 08:22:12,3399.69,3,Home,0.0,Credit Card,0.0,CUST009858,549,2,0,806986,Courier_A,2,0.0728,2,19,0
ORD000098822,2026-09-01 19:13:16,2042.35,1,Beauty,2.36,Credit Card,0.0,CUST011513,867,8,1,670883,Courier_D,1,0.1256,2,1,0
ORD000091930,2026-08-19 23:34:15,2683.21,1,Home,21.57,COD,79.0,CUST016133,96,2,0,895645,Courier_C,2,0.2876,1,1,1
ORD000091653,2026-08-19 11:54:23,827.14,2,Apparel,14.38,UPI,0.0,CUST002005,189,4,1,843085,Courier_B,2,0.1737,0,1,0
ORD000096809,2026-08-29 00:07:45,1737.42,2,Footwear,12.04,COD,20.0,CUST004771,60,7,1,789391,Courier_D,3,0.1565,1,1,0
ORD000095101,2026-08-25 21:58:13,170.64,2,Electronics,0.0,COD,20.0,CUST027316,93,0,0,323441,Courier_D,1,0.2143,2,1,1
ORD000096191,2026-08-27 21:59:25,324.37,3,Electronics,0.0,UPI,0.0,CUST002545,542,1,0,463515,Courier_C,2,0.5022,1,1,0
ORD000089540,2026-08-15 10:58:53,465.82,2,Electronics,18.6,Net Banking,0.0,CUST012418,1072,6,0,729178,Courier_E,3,0.0122,0,1,1
ORD000090985,2026-08-18 02:10:35,2061.69,1,Footwear,23.1,UPI,0.0,CUST020574,762,2,0,843122,Courier_B,2,0.2339,0,20,1
ORD000085171,2026-08-07 05:14:08,468.29,1,Electronics,0.0,UPI,0.0,CUST024248,302,4,0,912018,Courier_A,1,0.2664,1,1,0
ORD000092272,2026-08-20 15:31:48,694.88,2,Electronics,0.0,COD,39.0,CUST026580,0,0,0,194699,Courier_A,1,0.0936,0,1,1
ORD000097386,2026-08-30 03:02:01,340.57,2,Home,0.0,COD,49.0,CUST009372,46,2,0,411928,Courier_B,2,0.2373,3,1,1
ORD000089144,2026-08-14 17:31:19,2712.32,1,Electronics,17.45,COD,79.0,CUST009553,0,0,0,249457,Courier_C,1,0.1884,1,5,0
ORD000097366,2026-08-30 01:49:19,548.05,4,Apparel,28.38,UPI,0.0,CUST011852,1004,6,0,194699,Courier_C,1,0.1218,0,1,0
ORD000091217,2026-08-18 13:43:24,512.44,3,Electronics,0.0,UPI,0.0,CUST003486,41,4,0,932843,Courier_A,2,0.16,1,1,0
ORD000097131,2026-08-29 14:47:18,323.91,2,Electronics,0.0,UPI,0.0,CUST002610,108,6,0,263224,Courier_D,2,0.342,0,1,0
ORD000086607,2026-08-09 23:45:03,357.56,2,Footwear,0.0,UPI,0.0,CUST002994,250,5,1,470612,Courier_A,3,0.2321,0,1,0
ORD000089984,2026-08-16 06:19:50,1067.22,3,Apparel,32.55,COD,39.0,CUST020235,45,5,3,566643,Courier_E,1,0.1859,3,1,0
ORD000088599,2026-08-13 16:15:13,734.47,2,Footwear,0.0,COD,49.0,CUST005797,186,3,0,231485,Courier_E,1,0.2951,1,1,0
ORD000098421,2026-09-01 02:24:57,781.44,3,Electronics,0.0,UPI,0.0,CUST017775,47,7,0,461780,Courier_C,3,0.2318,1,1,0
ORD000085374,2026-08-07 15:17:07,574.17,3,Apparel,38.42,COD,49.0,CUST003693,3650,1,0,218848,Courier_A,2,0.2097,0,4,1
ORD000088705,2026-08-13 21:10:20,557.2,2,Home,0.0,UPI,0.0,CUST026810,208,4,0,253407,Courier_B,3,0.2907,0,19,0
ORD000089625,2026-08-15 14:19:47,1506.93,1,Electronics,32.84,UPI,0.0,CUST003044,275,3,0,637499,Courier_E,1,0.0521,2,5,0
ORD000094264,2026-08-24 08:15:43,781.32,2,Electronics,21.15,COD,29.0,CUST005314,237,4,0,374219,Courier_C,3,0.2288,2,1,0
ORD000098583,2026-09-01 09:38:42,898.99,2,Jewelry,0.0,COD,39.0,CUST009068,831,3,0,929214,Courier_A,1,0.1895,1,1,0
ORD000087033,2026-08-10 18:51:27,1549.73,1,Apparel,10.53,Credit Card,0.0,CUST014435,374,4,1,581702,Courier_A,2,0.1958,1,2,0
ORD000086718,2026-08-10 05:15:58,945.04,2,Footwear,47.5,COD,79.0,CUST021966,42,4,0,554360,Courier_B,2,0.1748,2,3,0
ORD000099994,2026-09-03 23:48:25,326.51,3,Electronics,0.0,UPI,0.0,CUST019059,1402,0,0,444894,Courier_A,1,0.0719,1,1,0
ORD000098868,2026-09-01 21:19:30,1482.39,1,Apparel,0.0,COD,39.0,CUST015878,918,3,1,558329,Courier_A,2,0.1279,4,5,0
ORD000097008,2026-08-29 09:12:39,340.34,2,Apparel,25.45,UPI,0.0,CUST015710,151,5,0,184063,Courier_B,3,0.1769,0,3,0
ORD000093382,2026-08-22 16:17:30,692.19,2,Jewelry,0.0,Credit Card,0.0,CUST019425,507,3,0,485092,Courier_A,3,0.3621,0,1,0
ORD000089759,2026-08-15 19:25:22,673.08,2,Beauty,0.0,COD,29.0,CUST007194,1140,4,1,411928,Courier_B,2,0.2483,1,1,0
ORD000086683,2026-08-10 03:23:07,194.94,4,Apparel,0.0,COD,59.0,CUST027251,60,5,0,430264,Courier_B,2,0.0698,1,3,0
ORD000092369,2026-08-20 19:33:20,812.86,3,Jewelry,0.0,Credit Card,0.0,CUST005409,146,2,0,500693,Courier_D,1,0.0912,2,4,1
ORD000085035,2026-08-06 23:25:51,496.69,3,Footwear,42.12,UPI,0.0,CUST014967,321,1,0,752908,Courier_B,2,0.3398,0,1,1
ORD000090878,2026-08-17 21:53:00,312.39,3,Beauty,0.0,COD,59.0,CUST017629,156,3,0,856258,Courier_B,2,0.2686,1,1,0
ORD000098903,2026-09-01 23:03:24,480.55,2,Electronics,19.34,COD,49.0,CUST025568,289,5,0,149044,Courier_E,1,0.0619,0,1,1
ORD000087520,2026-08-11 17:12:31,779.13,2,Footwear,0.0,Net Banking,0.0,CUST020754,179,6,0,630731,Courier_D,2,0.1425,2,1,0
ORD000085554,2026-08-08 00:08:23,341.43,1,Apparel,3.44,UPI,0.0,CUST010704,89,4,0,696209,Courier_B,2,0.1557,3,1,1
ORD000087005,2026-08-10 17:42:31,99.19,2,Footwear,37.55,Debit Card,0.0,CUST021610,94,2,0,196023,Courier_C,3,0.2021,4,1,0
ORD000092243,2026-08-20 14:16:19,1148.18,2,Footwear,20.93,COD,49.0,CUST011954,349,1,0,611363,Courier_A,3,0.0882,2,4,0
ORD000091685,2026-08-19 13:49:45,120.18,3,Footwear,0.0,COD,39.0,CUST013264,173,4,0,670693,Courier_E,1,0.2782,3,1,1
ORD000088634,2026-08-13 17:54:20,2033.41,4,Footwear,35.28,UPI,0.0,CUST003430,1046,2,0,239673,Courier_B,3,0.2574,0,2,0
ORD000088738,2026-08-13 22:36:13,358.02,2,Beauty,29.13,COD,99.0,CUST022740,112,7,0,687100,Courier_C,2,0.1671,3,3,0
ORD000096854,2026-08-29 02:11:49,1021.38,3,Apparel,11.69,Net Banking,0.0,CUST014094,341,5,0,975263,Courier_C,3,0.2605,2,3,0
ORD000093597,2026-08-23 01:12:02,546.15,1,Electronics,0.0,UPI,0.0,CUST026072,261,4,0,645241,Courier_C,3,0.1636,2,3,0
ORD000097750,2026-08-30 20:29:15,1446.8,2,Footwear,31.15,Debit Card,0.0,CUST014094,341,5,0,353929,Courier_E,2,0.3646,0,19,0
ORD000092788,2026-08-21 13:49:25,232.72,2,Apparel,0.0,COD,59.0,CUST015680,62,6,0,638422,Courier_D,3,0.2669,0,1,1
ORD000090568,2026-08-17 08:08:50,1915.68,3,Beauty,0.0,UPI,0.0,CUST002142,309,2,0,814732,Courier_C,2,0.1719,2,1,0
ORD000091941,2026-08-20 00:14:48,1542.3,1,Apparel,40.99,COD,29.0,CUST016569,361,6,0,764214,Courier_A,1,0.1361,4,1,0
ORD000089064,2026-08-14 13:50:07,315.29,5,Electronics,0.0,Credit Card,0.0,CUST022879,74,2,0,257097,Courier_B,2,0.0584,1,1,0
ORD000097207,2026-08-29 18:37:16,114.21,1,Apparel,0.0,COD,20.0,CUST027982,137,4,0,401813,Courier_A,2,0.2598,4,1,1
ORD000087494,2026-08-11 16:08:31,298.56,2,Apparel,31.21,COD,49.0,CUST012325,3013,4,0,146484,Courier_C,3,0.1477,3,4,1
ORD000094036,2026-08-23 22:09:09,2382.3,4,Footwear,0.0,COD,29.0,CUST020449,1085,3,0,184960,Courier_A,3,0.2797,1,1,0
ORD000085589,2026-08-08 01:52:33,2542.92,1,Footwear,7.1,COD,39.0,CUST012685,69,3,1,384136,Courier_C,1,0.1384,0,1,1
ORD000096487,2026-08-28 10:21:54,785.94,1,Apparel,0.0,COD,29.0,CUST015442,110,4,0,806683,Courier_B,2,0.2153,1,1,0
ORD000095875,2026-08-27 09:14:24,726.55,5,Electronics,0.0,COD,79.0,CUST020357,0,0,0,790359,Courier_D,3,0.2333,2,1,1
ORD000089066,2026-08-14 13:54:38,640.34,2,Electronics,0.0,COD,39.0,CUST024205,429,4,1,172737,Courier_B,2,0.1963,2,1,0
ORD000085142,2026-08-07 04:27:00,1349.63,2,Home,0.0,COD,49.0,CUST027710,1566,4,0,933359,Courier_A,2,0.117,0,1,0
ORD000089428,2026-08-15 05:47:08,540.73,3,Electronics,0.0,COD,39.0,CUST008165,1067,6,0,300933,Courier_B,2,0.1861,2,4,1
ORD000092551,2026-08-21 03:22:55,591.8,3,Home,12.9,UPI,0.0,CUST023088,199,3,0,320359,Courier_E,1,0.416,2,1,0
ORD000097146,2026-08-29 15:38:18,517.1,2,Apparel,27.11,COD,49.0,CUST029679,234,4,0,189971,Courier_D,1,0.3333,2,1,0
ORD000092224,2026-08-20 13:29:10,842.18,1,Electronics,0.0,Debit Card,0.0,CUST016246,951,6,0,561464,Courier_C,2,0.2092,0,1,0
ORD000090061,2026-08-16 10:09:48,466.18,2,Beauty,16.79,UPI,0.0,CUST019406,234,3,0,932843,Courier_E,2,0.1614,2,1,0
ORD000086645,2026-08-10 01:52:07,1848.72,2,Apparel,0.0,UPI,0.0,CUST005031,139,2,0,160837,Courier_A,3,0.0347,0,1,0
ORD000097065,2026-08-29 11:42:25,386.33,3,Apparel,0.0,COD,39.0,CUST016109,532,2,0,962006,Courier_E,3,0.1191,0,1,0
ORD000086454,2026-08-09 17:12:01,290.76,2,Jewelry,46.13,COD,59.0,CUST027999,268,1,0,868770,Courier_B,2,0.0494,0,4,0
ORD000087921,2026-08-12 11:09:04,347.49,2,Home,0.0,COD,39.0,CUST015495,3376,1,0,218848,Courier_C,2,0.2598,0,1,0
ORD000085381,2026-08-07 15:46:20,677.07,2,Electronics,24.94,UPI,0.0,CUST009707,2114,4,0,441755,Courier_B,1,0.1595,0,5,0
ORD000086944,2026-08-10 15:05:53,582.03,4,Beauty,13.45,COD,39.0,CUST008009,77,11,0,325332,Courier_C,2,0.3797,0,1,0
ORD000087372,2026-08-11 10:15:44,1382.55,2,Jewelry,0.0,COD,29.0,CUST025632,45,3,0,371116,Courier_D,1,0.208,3,1,0
ORD000089480,2026-08-15 08:11:38,193.63,3,Home,8.38,COD,59.0,CUST017296,283,3,0,343810,Courier_E,3,0.2967,3,3,0
ORD000085753,2026-08-08 09:32:49,399.95,2,Home,0.0,Credit Card,0.0,CUST020646,72,1,0,158414,Courier_B,1,0.09,3,1,1
ORD000092996,2026-08-21 22:20:13,296.92,1,Electronics,0.0,COD,59.0,CUST012159,64,4,0,908295,Courier_D,1,0.2669,1,1,1
ORD000096753,2026-08-28 22:15:21,1047.95,4,Apparel,18.86,Debit Card,0.0,CUST025532,917,5,0,222847,Courier_A,2,0.3191,7,1,0
ORD000094179,2026-08-24 04:22:49,811.7,1,Electronics,0.0,COD,39.0,CUST006971,95,7,1,670233,Courier_E,3,0.1781,0,2,0
ORD000085100,2026-08-07 02:13:28,1488.7,1,Beauty,6.46,COD,59.0,CUST005384,167,2,0,509880,Courier_B,1,0.2047,3,4,1
ORD000089034,2026-08-14 12:25:01,943.91,2,Beauty,9.69,COD,49.0,CUST023451,0,0,0,204309,Courier_A,2,0.0,1,1,0
ORD000097535,2026-08-30 09:37:59,618.22,3,Footwear,33.57,COD,99.0,CUST019397,100,3,0,985541,Courier_A,2,0.143,1,1,0
ORD000085431,2026-08-07 17:57:58,301.84,2,Beauty,11.21,UPI,0.0,CUST008004,822,7,0,889948,Courier_C,2,0.0934,2,1,0
ORD000099454,2026-09-02 23:36:30,811.01,1,Home,0.0,UPI,0.0,CUST020194,366,5,0,527694,Courier_C,3,0.0567,3,1,0
ORD000092087,2026-08-20 06:10:48,315.36,1,Apparel,0.0,UPI,0.0,CUST026517,250,0,0,421903,Courier_A,2,0.0,3,1,0
ORD000087877,2026-08-12 09:19:25,806.27,2,Apparel,0.0,Credit Card,0.0,CUST010212,361,8,0,823251,Courier_D,1,0.1754,1,1,0
ORD000088529,2026-08-13 13:26:49,328.45,3,Footwear,18.06,UPI,0.0,CUST006569,261,4,0,146744,Courier_D,3,0.1213,2,1,0
ORD000086741,2026-08-10 05:56:46,525.63,2,Beauty,34.24,Net Banking,0.0,CUST023804,56,4,0,250136,Courier_A,1,0.2096,4,1,0
ORD000091066,2026-08-18 06:35:11,302.63,6,Home,0.0,COD,39.0,CUST025159,1353,2,0,427679,Courier_A,1,0.166,1,1,1
ORD000094667,2026-08-25 01:57:56,668.98,1,Beauty,4.72,UPI,0.0,CUST023954,273,5,0,454090,Courier_A,3,0.3477,2,1,0
ORD000086394,2026-08-09 13:51:57,254.69,2,Beauty,26.75,COD,39.0,CUST007450,181,2,0,516528,Courier_A,1,0.0862,0,1,0
ORD000091671,2026-08-19 12:52:04,330.25,2,Beauty,0.0,Credit Card,0.0,CUST025361,820,1,0,355464,Courier_D,2,0.0391,1,1,0
ORD000092893,2026-08-21 18:10:20,1225.08,2,Apparel,37.13,COD,29.0,CUST000777,1484,6,0,557486,Courier_D,2,0.0613,0,1,0
ORD000089567,2026-08-15 11:52:58,536.59,4,Beauty,25.84,Credit Card,0.0,CUST018822,24,2,1,103940,Courier_C,1,0.1629,2,1,0
ORD000097418,2026-08-30 04:24:07,723.73,1,Beauty,16.96,Credit Card,0.0,CUST014301,143,1,0,729178,Courier_B,3,0.0476,1,1,0
ORD000090486,2026-08-17 04:06:29,130.25,4,Electronics,0.0,COD,29.0,CUST002470,648,5,0,211308,Courier_B,2,0.0788,2,5,0
ORD000090121,2026-08-16 12:30:02,2219.69,1,Beauty,23.94,Credit Card,0.0,CUST009467,274,3,0,684370,Courier_D,1,0.2312,2,1,0
ORD000099541,2026-09-03 03:50:10,305.9,1,Electronics,5.92,Net Banking,0.0,CUST029693,2452,1,0,794324,Courier_D,1,0.0913,1,4,0
ORD000086765,2026-08-10 06:45:19,1565.23,2,Electronics,17.56,COD,49.0,CUST015264,561,2,0,263224,Courier_A,2,0.3357,0,1,0
ORD000097699,2026-08-30 17:46:18,598.05,3,Electronics,0.0,UPI,0.0,CUST020268,1236,4,0,189971,Courier_A,1,0.2623,1,1,0
ORD000087046,2026-08-10 19:13:17,402.31,3,Beauty,32.87,UPI,0.0,CUST025685,1279,3,0,261232,Courier_C,3,0.1684,0,5,0
ORD000085122,2026-08-07 03:26:50,607.17,3,Apparel,19.66,COD,49.0,CUST000442,156,3,0,672511,Courier_B,2,0.1933,1,1,0
ORD000095926,2026-08-27 11:13:44,406.37,3,Apparel,0.0,COD,99.0,CUST022380,108,2,0,607529,Courier_C,2,0.3961,4,1,0
ORD000098278,2026-08-31 20:13:12,949.77,4,Apparel,43.35,COD,39.0,CUST014081,127,7,0,275250,Courier_A,2,0.1969,2,1,0
ORD000096835,2026-08-29 01:07:45,134.01,3,Jewelry,0.0,UPI,0.0,CUST002548,592,4,0,325332,Courier_B,2,0.2895,1,1,0
ORD000099727,2026-09-03 11:52:08,353.66,3,Apparel,0.0,UPI,0.0,CUST029929,284,3,0,185715,Courier_B,2,0.0576,1,1,0
ORD000096381,2026-08-28 06:17:42,1618.21,3,Electronics,0.0,UPI,0.0,CUST005949,228,4,0,489282,Courier_A,3,0.0902,2,5,0
ORD000098912,2026-09-01 23:38:04,906.68,3,Footwear,0.0,COD,29.0,CUST000622,207,3,0,806986,Courier_A,2,0.1316,1,2,0
ORD000089821,2026-08-15 22:47:15,1126.89,4,Footwear,46.21,UPI,0.0,CUST022827,62,2,0,175936,Courier_A,2,0.0589,0,1,0
ORD000088035,2026-08-12 15:17:17,2049.78,1,Apparel,0.0,COD,79.0,CUST003582,882,7,1,670928,Courier_D,2,0.2627,0,5,0
ORD000087204,2026-08-11 02:08:32,192.96,2,Electronics,0.0,UPI,0.0,CUST014707,302,1,0,151500,Courier_A,1,0.1479,1,1,0
ORD000085301,2026-08-07 11:40:06,300.01,2,Apparel,0.0,UPI,0.0,CUST020464,131,5,0,229964,Courier_A,2,0.2352,1,1,0
ORD000090959,2026-08-18 01:28:46,499.98,1,Footwear,0.0,COD,29.0,CUST023347,165,4,0,202299,Courier_B,3,0.0411,0,1,0
ORD000092883,2026-08-21 17:57:24,1412.78,3,Jewelry,0.0,COD,49.0,CUST022116,149,4,1,696461,Courier_A,1,0.1135,0,1,0
ORD000098846,2026-09-01 20:18:04,1483.27,3,Beauty,7.48,Net Banking,0.0,CUST017278,802,4,0,907465,Courier_C,2,0.0651,0,1,0
ORD000096097,2026-08-27 18:13:00,328.23,2,Beauty,36.65,UPI,0.0,CUST005180,1009,4,0,353006,Courier_B,3,0.0633,2,1,0
ORD000096397,2026-08-28 07:07:40,790.11,2,Electronics,14.72,Credit Card,0.0,CUST028579,307,3,2,463515,Courier_A,2,0.55,1,1,1
ORD000095266,2026-08-26 05:45:04,1033.41,2,Apparel,0.94,COD,59.0,CUST019834,269,2,0,762648,Courier_E,2,0.1556,4,1,1
ORD000092661,2026-08-21 08:39:31,206.36,1,Apparel,0.0,COD,59.0,CUST007026,201,6,0,427055,Courier_E,3,0.0445,1,5,0
ORD000092761,2026-08-21 13:01:49,107.63,3,Apparel,3.21,COD,79.0,CUST009232,1017,2,0,726518,Courier_A,2,0.2428,1,1,0
ORD000092505,2026-08-21 01:32:33,1736.12,2,Apparel,0.0,COD,29.0,CUST016853,128,8,2,357643,Courier_D,2,0.3544,3,1,0
ORD000089942,2026-08-16 04:29:43,378.4,2,Apparel,1.36,COD,39.0,CUST006003,109,2,0,122576,Courier_B,2,0.2556,2,1,1
ORD000086543,2026-08-09 21:03:11,411.32,2,Electronics,13.57,COD,49.0,CUST026523,249,5,0,957720,Courier_B,3,0.139,0,1,0
ORD000092340,2026-08-20 18:28:51,535.49,1,Electronics,0.0,Credit Card,0.0,CUST026527,156,4,0,891113,Courier_B,2,0.2596,3,1,0
ORD000097161,2026-08-29 16:16:06,2182.11,2,Beauty,0.0,UPI,0.0,CUST008844,0,0,0,248546,Courier_C,2,0.27,2,1,0
ORD000088924,2026-08-14 06:47:48,458.16,1,Footwear,0.0,UPI,0.0,CUST025636,340,5,0,126094,Courier_E,3,0.1735,1,4,0
ORD000090111,2026-08-16 12:12:12,168.16,2,Apparel,0.0,COD,79.0,CUST015151,660,5,0,642033,Courier_C,1,0.1754,4,1,0
ORD000095002,2026-08-25 17:09:58,430.85,1,Apparel,21.71,Debit Card,0.0,CUST021877,257,7,0,265163,Courier_A,2,0.0453,2,10,1
ORD000094565,2026-08-24 21:30:27,906.07,1,Home,0.0,Credit Card,0.0,CUST003340,85,1,0,180236,Courier_B,2,0.0,3,1,1
ORD000088097,2026-08-12 17:37:21,450.11,2,Footwear,0.0,COD,20.0,CUST009508,176,3,0,263224,Courier_B,2,0.4396,5,1,1
ORD000088923,2026-08-14 06:44:06,1523.14,1,Beauty,32.73,Debit Card,0.0,CUST023917,1230,2,2,953933,Courier_B,3,0.1389,2,1,0
ORD000085123,2026-08-07 03:29:47,1471.58,1,Beauty,0.0,COD,49.0,CUST004069,0,0,0,287382,Courier_E,1,0.0325,1,2,1
ORD000088231,2026-08-12 23:31:34,362.58,2,Jewelry,20.4,UPI,0.0,CUST007799,134,1,0,802647,Courier_B,2,0.0696,1,1,0
ORD000087978,2026-08-12 12:54:38,143.89,1,Apparel,0.0,UPI,0.0,CUST003063,749,4,0,597740,Courier_D,1,0.3246,1,1,0
ORD000089258,2026-08-14 22:15:51,159.43,2,Electronics,0.0,Credit Card,0.0,CUST011158,225,2,0,486138,Courier_D,2,0.2031,4,1,0
ORD000098623,2026-09-01 11:39:26,849.8,2,Footwear,2.39,COD,49.0,CUST005495,0,0,0,934886,Courier_B,1,0.1272,0,3,1
ORD000095142,2026-08-26 00:12:17,872.6,2,Footwear,0.0,COD,39.0,CUST013762,621,5,0,939425,Courier_D,2,0.1196,1,1,0
ORD000095408,2026-08-26 11:38:47,2006.99,2,Electronics,6.85,UPI,0.0,CUST007131,199,4,0,806683,Courier_C,2,0.1616,1,6,0
ORD000094574,2026-08-24 21:51:47,297.41,2,Footwear,0.0,COD,49.0,CUST007077,106,3,0,562598,Courier_E,3,0.04,2,1,1
ORD000090616,2026-08-17 10:08:27,240.03,1,Footwear,20.88,Credit Card,0.0,CUST015417,448,6,0,248900,Courier_B,1,0.2077,1,3,0
ORD000095701,2026-08-27 01:05:19,729.37,1,Apparel,0.0,Credit Card,0.0,CUST023131,122,7,0,636916,Courier_C,1,0.1216,1,1,0
ORD000099834,2026-09-03 16:18:48,508.47,2,Footwear,0.0,UPI,0.0,CUST012128,0,0,0,375123,Courier_C,2,0.0169,4,12,0
ORD000099124,2026-09-02 08:53:37,665.64,2,Footwear,0.0,Credit Card,0.0,CUST000379,1244,4,0,512665,Courier_A,3,0.075,0,1,1
ORD000085476,2026-08-07 20:18:34,1065.61,2,Beauty,0.0,COD,79.0,CUST021549,799,4,0,368795,Courier_B,1,0.2226,0,1,0
ORD000094150,2026-08-24 03:12:02,1400.41,3,Apparel,17.12,COD,49.0,CUST002134,235,2,0,899817,Courier_A,2,0.5087,2,1,0
ORD000088328,2026-08-13 04:07:41,1360.02,3,Apparel,16.15,COD,49.0,CUST009221,52,5,0,430264,Courier_D,2,0.053,0,1,0
ORD000088346,2026-08-13 04:52:25,2477.76,1,Beauty,28.02,Debit Card,0.0,CUST014224,188,2,1,762495,Courier_A,1,0.0622,1,1,0
ORD000089325,2026-08-15 01:07:57,921.03,3,Electronics,0.0,UPI,0.0,CUST010458,72,5,0,221043,Courier_A,2,0.208,1,1,0
ORD000094213,2026-08-24 06:12:59,221.48,2,Home,0.0,Debit Card,0.0,CUST011583,160,1,0,642490,Courier_B,1,0.1142,0,1,0
ORD000090043,2026-08-16 09:11:16,397.74,1,Apparel,25.34,UPI,0.0,CUST025240,248,3,0,253407,Courier_B,3,0.2395,2,1,0
ORD000089935,2026-08-16 03:56:50,522.77,5,Home,4.75,COD,39.0,CUST011417,226,2,0,768338,Courier_C,1,0.2336,3,1,0
ORD000089670,2026-08-15 15:56:22,1193.16,2,Apparel,0.0,COD,49.0,CUST012529,448,1,0,218562,Courier_B,2,0.0499,1,1,0
ORD000090514,2026-08-17 05:39:59,644.12,3,Apparel,0.0,COD,39.0,CUST010739,150,6,0,856071,Courier_E,2,0.1534,2,11,0
ORD000089191,2026-08-14 19:31:19,914.34,3,Electronics,19.28,COD,59.0,CUST012778,832,3,0,853073,Courier_E,3,0.3598,3,1,1
ORD000097211,2026-08-29 18:57:50,593.55,2,Apparel,45.51,COD,49.0,CUST013204,284,2,0,955861,Courier_E,3,0.1417,0,1,0
ORD000097839,2026-08-31 00:01:08,300.95,1,Footwear,0.0,COD,59.0,CUST023451,0,0,0,358988,Courier_A,3,0.0665,0,2,1
ORD000098531,2026-09-01 07:21:29,1049.78,1,Electronics,0.0,UPI,0.0,CUST012494,58,4,1,971809,Courier_A,2,0.2089,2,1,0
ORD000087340,2026-08-11 08:28:01,390.29,1,Jewelry,0.0,UPI,0.0,CUST001806,44,7,0,496735,Courier_C,2,0.0665,0,1,0
ORD000095310,2026-08-26 07:50:48,244.65,1,Electronics,0.0,Credit Card,0.0,CUST011028,489,7,1,210406,Courier_B,1,0.2621,1,1,0
ORD000093380,2026-08-22 16:13:25,1048.28,1,Apparel,28.88,UPI,0.0,CUST005525,247,4,1,764258,Courier_A,3,0.2425,1,1,0
ORD000088054,2026-08-12 15:56:02,945.16,1,Apparel,0.0,UPI,0.0,CUST001754,1110,4,0,703930,Courier_B,1,0.1558,2,5,0
ORD000092216,2026-08-20 13:06:30,390.7,2,Beauty,3.73,UPI,0.0,CUST025615,263,2,1,237862,Courier_C,1,0.1422,2,1,1
ORD000086060,2026-08-08 22:40:36,553.11,3,Apparel,24.61,UPI,0.0,CUST019575,145,4,0,602801,Courier_C,3,0.2822,1,1,0
ORD000098840,2026-09-01 19:54:21,693.36,1,Footwear,14.39,COD,39.0,CUST029952,0,0,0,937852,Courier_A,2,0.1427,2,1,1
ORD000093845,2026-08-23 12:22:30,495.84,1,Apparel,0.0,Credit Card,0.0,CUST003939,112,5,0,933359,Courier_C,2,0.1514,1,2,0
ORD000087363,2026-08-11 09:56:19,1202.43,2,Apparel,9.11,UPI,0.0,CUST019070,146,5,0,436057,Courier_B,2,0.0721,2,1,1
ORD000098426,2026-09-01 02:41:01,389.0,2,Home,0.0,Credit Card,0.0,CUST001571,436,4,0,609182,Courier_D,2,0.1023,1,1,0
ORD000088486,2026-08-13 11:37:02,1304.81,1,Beauty,0.0,Debit Card,0.0,CUST029614,1159,3,0,678850,Courier_A,1,0.2885,1,1,0
ORD000087236,2026-08-11 03:42:43,231.37,2,Home,16.41,COD,29.0,CUST011235,836,2,1,438636,Courier_E,2,0.2638,1,1,1
ORD000098919,2026-09-01 23:56:18,2947.72,3,Jewelry,0.0,Net Banking,0.0,CUST028594,0,0,0,615198,Courier_C,2,0.0928,3,3,1
ORD000089843,2026-08-15 23:44:00,1775.53,3,Footwear,1.44,Credit Card,0.0,CUST021090,451,4,0,792986,Courier_A,1,0.243,2,1,1
ORD000089582,2026-08-15 12:34:52,364.76,2,Beauty,0.0,Net Banking,0.0,CUST023027,92,3,0,392938,Courier_D,1,0.1847,4,20,0
ORD000097409,2026-08-30 04:07:31,678.33,1,Apparel,14.63,COD,49.0,CUST000177,41,2,0,370685,Courier_B,2,0.2207,3,1,1
ORD000085194,2026-08-07 06:08:12,273.9,1,Apparel,6.08,UPI,0.0,CUST027522,717,4,1,418734,Courier_A,2,0.0538,3,1,0
ORD000086568,2026-08-09 22:12:22,1172.84,2,Electronics,18.8,UPI,0.0,CUST029698,478,3,0,512600,Courier_E,1,0.1791,1,1,0
ORD000091428,2026-08-18 23:56:39,498.66,1,Beauty,0.0,COD,59.0,CUST017484,624,3,0,673226,Courier_A,3,0.1481,1,1,0
ORD000085071,2026-08-07 00:50:13,322.97,3,Jewelry,15.61,Credit Card,0.0,CUST022772,421,2,0,533723,Courier_A,2,0.1598,2,1,0
ORD000096234,2026-08-27 23:44:16,803.8,3,Jewelry,18.18,COD,20.0,CUST020736,351,3,0,195440,Courier_A,2,0.4317,0,2,0
ORD000085052,2026-08-07 00:06:38,734.18,3,Home,0.0,COD,29.0,CUST012369,186,3,0,341690,Courier_D,2,0.092,2,1,0
ORD000098044,2026-08-31 09:35:50,1975.45,2,Home,0.0,COD,29.0,CUST019070,146,6,0,842688,Courier_C,2,0.3249,1,1,0
ORD000095328,2026-08-26 08:57:44,336.36,1,Apparel,21.91,UPI,0.0,CUST010076,92,3,0,982079,Courier_A,3,0.2844,0,1,0
ORD000097477,2026-08-30 07:07:47,214.35,2,Footwear,15.65,COD,59.0,CUST015990,1020,4,0,264116,Courier_A,3,0.249,2,1,0
ORD000090978,2026-08-18 02:00:21,1538.56,3,Beauty,0.0,COD,79.0,CUST029180,209,8,0,902174,Courier_B,3,0.3008,1,1,1
ORD000085420,2026-08-07 17:30:02,868.08,1,Apparel,20.55,UPI,0.0,CUST021251,476,3,0,653198,Courier_B,2,0.2651,0,1,0
ORD000094793,2026-08-25 07:39:39,506.36,3,Jewelry,25.77,Debit Card,0.0,CUST009256,974,2,0,905920,Courier_C,2,0.13,3,5,0
ORD000099963,2026-09-03 22:32:50,714.07,2,Electronics,0.0,UPI,0.0,CUST008342,766,2,0,292941,Courier_D,1,0.2246,2,1,1
ORD000085770,2026-08-08 10:23:49,3066.69,6,Home,28.73,COD,29.0,CUST008045,3650,3,0,928381,Courier_A,3,0.2673,2,1,1
ORD000097508,2026-08-30 08:35:09,50.0,4,Beauty,30.66,COD,79.0,CUST006386,170,5,0,653198,Courier_A,2,0.2492,1,1,1
ORD000085905,2026-08-08 16:54:07,648.42,1,Apparel,0.0,UPI,0.0,CUST026412,613,2,0,277274,Courier_D,2,0.1075,2,4,0
ORD000088387,2026-08-13 06:55:44,178.52,2,Home,25.84,COD,39.0,CUST000623,565,4,1,750843,Courier_A,2,0.1733,1,9,0
ORD000092134,2026-08-20 08:27:56,339.8,2,Beauty,16.61,UPI,0.0,CUST012688,225,6,0,750843,Courier_C,2,0.1158,0,1,1
ORD000091169,2026-08-18 11:33:21,563.27,1,Home,0.0,UPI,0.0,CUST007602,301,5,0,549078,Courier_C,1,0.2148,1,1,0
ORD000090901,2026-08-17 23:01:47,1151.04,1,Apparel,0.0,Credit Card,0.0,CUST029517,337,4,1,542798,Courier_C,1,0.3238,3,1,0
ORD000097171,2026-08-29 16:56:35,417.21,3,Apparel,0.58,COD,59.0,CUST015864,47,5,0,132452,Courier_C,2,0.0849,4,1,0
ORD000093330,2026-08-22 14:03:31,419.71,2,Electronics,0.0,Credit Card,0.0,CUST019120,109,3,0,568336,Courier_A,3,0.0872,2,3,0
ORD000087698,2026-08-12 01:48:13,547.76,1,Apparel,14.91,UPI,0.0,CUST027529,110,3,0,922291,Courier_C,2,0.2998,1,1,0
ORD000088425,2026-08-13 08:50:54,256.8,2,Electronics,45.54,Net Banking,0.0,CUST002500,171,3,0,108917,Courier_A,2,0.1916,2,5,0
ORD000096290,2026-08-28 02:10:39,554.56,1,Apparel,15.76,UPI,0.0,CUST022311,65,3,0,728214,Courier_A,1,0.2382,0,4,0
ORD000099888,2026-09-03 18:46:18,242.7,1,Electronics,0.0,COD,49.0,CUST012437,44,6,0,195250,Courier_A,1,0.4674,0,1,0
ORD000092012,2026-08-20 03:22:24,818.9,3,Home,0.0,Debit Card,0.0,CUST004941,1953,5,0,602801,Courier_A,3,0.3054,0,1,0
ORD000087905,2026-08-12 10:23:58,122.31,5,Apparel,0.0,UPI,0.0,CUST018156,112,3,0,609182,Courier_B,2,0.1683,3,1,0
ORD000093965,2026-08-23 18:42:07,332.9,3,Apparel,0.0,COD,49.0,CUST025306,436,6,0,664100,Courier_C,2,0.1978,2,1,1
ORD000087610,2026-08-11 20:55:00,3558.64,3,Electronics,0.0,COD,49.0,CUST015481,329,1,0,509880,Courier_B,1,0.1946,0,1,0
ORD000086789,2026-08-10 07:51:57,1131.72,1,Home,0.0,UPI,0.0,CUST007916,2009,2,0,801962,Courier_B,3,0.2768,0,1,0
ORD000093854,2026-08-23 12:42:39,1257.32,2,Electronics,0.0,COD,59.0,CUST000084,697,4,0,666934,Courier_B,3,0.0493,1,5,1
ORD000086787,2026-08-10 07:49:50,384.74,1,Apparel,0.0,COD,59.0,CUST014392,194,2,0,329012,Courier_B,3,0.1787,1,6,0
ORD000098619,2026-09-01 11:32:18,121.31,1,Jewelry,36.98,Debit Card,0.0,CUST012815,280,6,1,261232,Courier_D,3,0.1273,2,1,0
ORD000086514,2026-08-09 20:05:39,1561.57,3,Beauty,20.49,Credit Card,0.0,CUST021080,258,4,0,128700,Courier_E,3,0.3001,1,1,0
ORD000094084,2026-08-24 00:12:32,1296.98,3,Beauty,4.43,COD,59.0,CUST013282,195,1,0,964105,Courier_B,2,0.3155,1,1,0
ORD000089884,2026-08-16 01:28:54,164.88,2,Jewelry,0.0,UPI,0.0,CUST026811,26,2,1,684370,Courier_D,1,0.312,0,4,0
ORD000090724,2026-08-17 14:57:21,668.3,3,Beauty,0.0,Debit Card,0.0,CUST013760,105,3,1,138889,Courier_E,1,0.2884,0,1,0
ORD000095172,2026-08-26 01:15:40,700.62,1,Footwear,0.0,UPI,0.0,CUST028624,455,2,0,800259,Courier_E,2,0.0845,3,1,0
ORD000087533,2026-08-11 17:53:07,491.25,2,Home,0.0,COD,49.0,CUST012565,204,4,0,184666,Courier_A,3,0.1146,1,1,0
ORD000091322,2026-08-18 19:13:57,363.32,1,Jewelry,29.45,COD,39.0,CUST016679,73,4,0,191461,Courier_C,3,0.3328,0,4,0
ORD000098836,2026-09-01 19:47:37,1858.83,3,Apparel,0.0,UPI,0.0,CUST003408,544,5,0,734020,Courier_B,3,0.114,2,4,0
ORD000087235,2026-08-11 03:40:59,1056.12,2,Jewelry,0.0,COD,49.0,CUST002290,371,3,0,218562,Courier_C,2,0.1528,1,1,0
ORD000093425,2026-08-22 18:32:26,1447.84,1,Electronics,15.13,Credit Card,0.0,CUST025030,534,3,0,343810,Courier_D,3,0.2626,1,1,0
ORD000095953,2026-08-27 12:16:25,1468.79,2,Apparel,0.0,Credit Card,0.0,CUST011067,125,4,0,602801,Courier_E,3,0.2686,2,1,0
ORD000087956,2026-08-12 12:17:25,1707.56,3,Beauty,0.0,UPI,0.0,CUST003943,113,3,1,804849,Courier_D,1,0.3579,1,1,0
ORD000095178,2026-08-26 01:32:13,1912.49,2,Apparel,5.6,COD,29.0,CUST026574,368,4,0,382189,Courier_A,1,0.1091,1,3,1
ORD000093591,2026-08-23 01:00:11,209.79,1,Home,36.01,COD,49.0,CUST003796,107,3,0,104773,Courier_B,1,0.1498,1,1,0
ORD000088878,2026-08-14 04:59:38,1078.7,4,Beauty,22.57,COD,59.0,CUST003640,540,1,0,427679,Courier_B,1,0.1595,1,1,0
ORD000090138,2026-08-16 13:18:56,2519.77,1,Home,0.0,COD,39.0,CUST002325,355,3,0,468940,Courier_C,1,0.3014,1,2,0
ORD000087987,2026-08-12 13:11:06,888.19,1,Apparel,23.27,COD,39.0,CUST015416,811,2,0,799198,Courier_E,3,0.2745,2,1,0
ORD000097424,2026-08-30 04:36:10,1899.85,3,Electronics,15.59,UPI,0.0,CUST012183,2340,4,0,790359,Courier_B,3,0.3116,0,1,0
ORD000091420,2026-08-18 23:40:52,536.41,3,Beauty,0.0,Credit Card,0.0,CUST000852,202,2,0,561398,Courier_A,3,0.2299,0,5,1
ORD000094562,2026-08-24 21:21:32,1708.61,3,Footwear,0.0,Credit Card,0.0,CUST003322,142,4,2,264557,Courier_D,2,0.177,0,2,0
ORD000093487,2026-08-22 20:44:16,798.97,3,Home,20.27,UPI,0.0,CUST027266,157,4,0,678850,Courier_A,1,0.2602,0,10,0
ORD000099917,2026-09-03 20:03:49,288.37,2,Electronics,0.0,UPI,0.0,CUST014386,2398,3,1,129133,Courier_A,2,0.2625,0,1,0
ORD000096972,2026-08-29 07:33:48,1389.92,1,Beauty,12.64,COD,59.0,CUST018514,235,3,1,827382,Courier_E,2,0.3216,2,1,0
ORD000092832,2026-08-21 15:47:04,680.54,3,Electronics,5.25,COD,29.0,CUST002178,58,4,1,225738,Courier_E,2,0.069,3,1,0
ORD000090216,2026-08-16 16:18:37,1609.1,4,Electronics,21.06,UPI,0.0,CUST009041,368,6,1,926740,Courier_E,1,0.128,0,1,0
ORD000087930,2026-08-12 11:28:18,404.25,1,Footwear,0.0,COD,79.0,CUST010250,73,2,0,383787,Courier_C,2,0.3173,2,1,0
ORD000097945,2026-08-31 04:30:43,1199.96,6,Beauty,0.0,COD,79.0,CUST004982,120,6,1,683142,Courier_D,3,0.0897,2,1,0
ORD000098350,2026-08-31 23:16:24,204.02,5,Apparel,9.97,COD,79.0,CUST019893,828,6,0,113112,Courier_A,3,0.0392,1,1,1
ORD000090836,2026-08-17 19:42:07,1133.83,2,Jewelry,12.4,COD,39.0,CUST018137,365,3,0,966251,Courier_A,1,0.1166,2,1,1
ORD000088638,2026-08-13 18:03:03,743.75,3,Beauty,0.0,UPI,0.0,CUST009304,9,5,0,699053,Courier_B,3,0.0661,1,5,1
ORD000093807,2026-08-23 10:11:06,743.38,4,Apparel,0.0,COD,49.0,CUST015303,0,0,0,185515,Courier_B,2,0.1292,3,5,1
ORD000099439,2026-09-02 22:45:58,429.34,2,Beauty,0.0,UPI,0.0,CUST011523,108,3,1,660873,Courier_B,1,0.1558,3,1,1
ORD000093910,2026-08-23 15:51:55,447.97,1,Beauty,0.0,COD,39.0,CUST005638,127,2,0,544221,Courier_B,2,0.2103,3,1,0
ORD000099689,2026-09-03 10:10:29,410.37,4,Footwear,0.0,COD,79.0,CUST005249,219,0,0,860537,Courier_C,2,0.2026,1,1,0
ORD000089485,2026-08-15 08:21:09,434.7,3,Home,11.92,UPI,0.0,CUST001692,1127,1,0,436577,Courier_B,2,0.1336,1,1,0
ORD000086419,2026-08-09 14:47:19,221.48,2,Beauty,31.37,UPI,0.0,CUST025382,0,0,0,756541,Courier_A,1,0.1043,2,2,0
ORD000095568,2026-08-26 19:24:37,1487.09,2,Apparel,19.24,Credit Card,0.0,CUST000658,191,8,0,992549,Courier_C,2,0.2473,1,5,0
ORD000086379,2026-08-09 13:18:01,115.99,2,Jewelry,34.9,COD,59.0,CUST013671,0,0,0,860304,Courier_C,3,0.1525,2,1,0
ORD000095515,2026-08-26 16:52:43,1283.99,2,Footwear,0.0,COD,39.0,CUST027456,829,2,0,470612,Courier_A,3,0.2394,2,1,0
ORD000085645,2026-08-08 04:31:17,332.69,2,Footwear,5.99,COD,39.0,CUST019040,182,5,0,598590,Courier_A,2,0.2874,2,1,1
ORD000094308,2026-08-24 10:33:26,240.44,1,Electronics,10.68,COD,49.0,CUST025041,386,5,0,401813,Courier_E,2,0.2465,0,1,0
ORD000092939,2026-08-21 19:40:43,258.98,1,Electronics,0.0,Net Banking,0.0,CUST016380,80,3,0,795787,Courier_E,3,0.1896,3,1,0
ORD000098834,2026-09-01 19:43:13,515.38,2,Beauty,0.0,UPI,0.0,CUST003926,15,1,0,725085,Courier_E,2,0.2324,0,4,0
ORD000093499,2026-08-22 21:08:48,497.65,1,Apparel,0.0,Credit Card,0.0,CUST017550,220,7,1,206604,Courier_B,1,0.0303,0,1,0
ORD000097797,2026-08-30 22:33:24,1135.72,3,Jewelry,0.0,COD,79.0,CUST018548,225,4,0,600859,Courier_D,3,0.0803,4,18,0
ORD000093208,2026-08-22 08:18:13,767.16,1,Footwear,0.0,COD,29.0,CUST012968,216,4,1,411928,Courier_E,2,0.2763,0,1,0
ORD000088838,2026-08-14 03:05:58,420.33,1,Apparel,28.19,Credit Card,0.0,CUST012656,281,3,0,306555,Courier_B,3,0.2848,2,1,0
ORD000091655,2026-08-19 12:05:27,416.24,1,Footwear,0.0,Debit Card,0.0,CUST027793,3650,4,0,697324,Courier_A,2,0.0717,0,1,0
ORD000089213,2026-08-14 20:31:26,200.42,2,Footwear,0.0,Credit Card,0.0,CUST012741,782,7,0,384588,Courier_C,3,0.0785,2,4,0
ORD000091483,2026-08-19 03:04:30,405.01,2,Home,0.0,Debit Card,0.0,CUST024423,1748,8,0,269261,Courier_B,3,0.0015,2,1,0
ORD000099686,2026-09-03 10:04:36,693.69,2,Apparel,12.43,COD,39.0,CUST028709,92,4,0,369772,Courier_C,3,0.2925,0,1,1
ORD000086978,2026-08-10 16:38:15,531.54,1,Electronics,14.65,UPI,0.0,CUST008336,215,3,0,282095,Courier_D,2,0.0895,2,3,0
ORD000088490,2026-08-13 11:44:42,411.18,3,Apparel,0.0,COD,79.0,CUST025520,571,5,0,912018,Courier_C,1,0.2382,1,1,0
ORD000085029,2026-08-06 23:19:13,1419.29,1,Beauty,15.48,Net Banking,0.0,CUST026843,214,3,0,404777,Courier_C,2,0.3081,2,1,0
ORD000087869,2026-08-12 09:03:15,856.9,1,Footwear,0.0,Debit Card,0.0,CUST010378,190,1,0,371674,Courier_E,3,0.2294,4,18,0
ORD000088396,2026-08-13 07:21:36,762.06,4,Home,21.61,COD,29.0,CUST004804,378,3,1,969091,Courier_A,3,0.2574,1,1,0
ORD000094615,2026-08-24 23:37:40,545.45,3,Footwear,11.83,COD,59.0,CUST020492,29,4,0,226126,Courier_A,2,0.1851,0,3,0
ORD000086282,2026-08-09 09:24:32,484.98,4,Home,6.0,COD,39.0,CUST025361,820,1,0,660873,Courier_C,1,0.1701,0,2,0
ORD000085471,2026-08-07 20:06:59,1642.66,1,Beauty,0.0,UPI,0.0,CUST024699,835,4,0,815497,Courier_C,2,0.3513,1,4,0
ORD000087381,2026-08-11 10:28:58,1199.13,3,Home,16.17,COD,49.0,CUST021456,561,2,0,529908,Courier_D,1,0.2122,1,1,0
ORD000092280,2026-08-20 15:51:03,592.45,4,Apparel,0.0,UPI,0.0,CUST017303,82,6,0,359241,Courier_B,2,0.2105,1,4,0
ORD000089630,2026-08-15 14:26:20,582.36,3,Electronics,0.0,COD,29.0,CUST022538,402,5,0,295857,Courier_D,1,0.2516,2,2,0
ORD000098949,2026-09-02 01:14:36,683.95,4,Apparel,0.0,COD,99.0,CUST005759,1270,4,0,609182,Courier_D,2,0.1221,2,1,0
ORD000099101,2026-09-02 08:05:12,404.46,2,Apparel,11.73,UPI,0.0,CUST012712,169,1,0,424619,Courier_B,2,0.2853,3,1,0
ORD000090879,2026-08-17 21:55:01,1186.49,1,Electronics,0.0,Net Banking,0.0,CUST009915,326,4,0,239673,Courier_B,3,0.2477,1,1,0
ORD000087309,2026-08-11 07:05:12,466.0,3,Apparel,44.79,COD,99.0,CUST007235,26,3,0,750843,Courier_C,2,0.1907,2,2,0
ORD000085202,2026-08-07 06:44:09,443.26,2,Electronics,24.55,Credit Card,0.0,CUST025267,127,2,0,379153,Courier_C,2,0.2422,4,1,0
ORD000092059,2026-08-20 05:12:24,2912.09,2,Electronics,14.2,UPI,0.0,CUST005350,199,3,1,599375,Courier_A,2,0.1193,2,1,0
ORD000091202,2026-08-18 13:08:31,559.56,2,Apparel,0.0,COD,39.0,CUST014587,0,0,0,374219,Courier_D,3,0.1689,0,1,1
ORD000088362,2026-08-13 05:44:06,1351.36,3,Beauty,21.14,COD,99.0,CUST016529,321,3,0,864344,Courier_A,1,0.0919,0,5,0
ORD000097555,2026-08-30 10:34:26,377.91,3,Electronics,14.52,Credit Card,0.0,CUST018935,379,4,0,607529,Courier_A,2,0.4032,4,1,0
ORD000097518,2026-08-30 08:52:35,218.69,1,Apparel,23.43,UPI,0.0,CUST011444,233,4,0,827382,Courier_B,2,0.278,2,3,1
ORD000089812,2026-08-15 22:29:39,445.68,1,Beauty,0.0,COD,39.0,CUST018423,122,2,0,175901,Courier_D,1,0.3709,1,1,1
ORD000093055,2026-08-22 01:29:39,1562.37,2,Beauty,18.13,Debit Card,0.0,CUST012282,879,1,0,240201,Courier_A,1,0.0954,4,1,0
ORD000099782,2026-09-03 13:44:29,365.64,6,Home,24.48,UPI,0.0,CUST021845,19,2,0,378752,Courier_A,1,0.0793,1,2,0
ORD000095215,2026-08-26 03:34:02,304.81,1,Electronics,14.4,Debit Card,0.0,CUST000642,254,1,0,801630,Courier_A,2,0.1525,3,2,0
ORD000086865,2026-08-10 11:12:55,760.97,1,Footwear,0.0,COD,49.0,CUST017587,0,0,0,494006,Courier_D,3,0.2097,2,1,1
ORD000098271,2026-08-31 19:57:21,888.19,3,Beauty,20.73,Net Banking,0.0,CUST012802,747,5,0,823673,Courier_C,3,0.0889,2,1,0
ORD000098797,2026-09-01 18:20:44,329.08,2,Home,0.0,UPI,0.0,CUST013564,301,3,0,215098,Courier_B,3,0.0,2,1,0
ORD000086475,2026-08-09 18:01:12,556.85,3,Apparel,0.0,COD,49.0,CUST014311,816,4,0,698930,Courier_B,1,0.4354,4,1,1
ORD000093744,2026-08-23 07:15:40,335.79,1,Apparel,0.0,Credit Card,0.0,CUST027296,0,0,0,451758,Courier_C,3,0.2167,3,1,1
ORD000086247,2026-08-09 07:39:50,2762.45,4,Apparel,0.0,COD,59.0,CUST025471,408,3,0,670883,Courier_B,1,0.0925,0,1,0
ORD000086291,2026-08-09 09:53:36,946.48,2,Apparel,16.94,Debit Card,0.0,CUST025868,1544,5,0,962006,Courier_A,3,0.1324,1,1,0
ORD000085793,2026-08-08 11:09:00,1500.1,1,Apparel,0.0,UPI,0.0,CUST017498,24,2,0,670928,Courier_A,2,0.2805,1,1,0
ORD000095346,2026-08-26 09:28:01,894.52,5,Apparel,0.0,Credit Card,0.0,CUST025715,2030,5,0,400584,Courier_B,3,0.2634,1,1,1
ORD000088017,2026-08-12 14:35:42,669.91,2,Electronics,0.0,Credit Card,0.0,CUST018940,207,3,2,553849,Courier_E,2,0.1204,1,3,0
ORD000085305,2026-08-07 11:55:21,5681.59,4,Beauty,26.98,COD,79.0,CUST000177,41,3,0,577420,Courier_A,3,0.2681,1,1,0
ORD000091102,2026-08-18 08:20:33,182.41,2,Apparel,0.0,UPI,0.0,CUST026494,186,1,0,209578,Courier_E,1,0.2461,2,1,0
ORD000096605,2026-08-28 15:42:45,946.28,1,Home,25.63,COD,59.0,CUST004060,29,3,2,895645,Courier_B,2,0.2619,1,1,1
ORD000090313,2026-08-16 20:34:02,378.35,2,Footwear,0.0,COD,39.0,CUST001834,160,4,0,371116,Courier_C,1,0.152,1,5,0
ORD000085347,2026-08-07 13:40:03,1319.5,4,Electronics,35.56,COD,29.0,CUST013079,210,4,0,509843,Courier_A,1,0.211,1,1,0
ORD000095793,2026-08-27 05:34:44,1131.24,1,Apparel,10.81,UPI,0.0,CUST021283,71,4,0,841804,Courier_B,2,0.282,2,2,0
ORD000095994,2026-08-27 14:10:46,403.57,2,Beauty,4.98,UPI,0.0,CUST000165,233,3,0,312650,Courier_E,1,0.1234,2,1,0
ORD000095567,2026-08-26 19:22:55,266.89,2,Beauty,0.0,UPI,0.0,CUST014458,90,3,0,926740,Courier_A,1,0.1,0,2,0
ORD000099200,2026-09-02 12:13:22,661.28,3,Electronics,22.97,COD,29.0,CUST010405,0,0,0,929407,Courier_B,1,0.1537,1,3,0
ORD000098798,2026-09-01 18:22:15,758.76,2,Home,0.0,COD,39.0,CUST009747,455,2,0,699053,Courier_E,3,0.1416,3,1,0
ORD000098951,2026-09-02 01:23:06,193.61,1,Apparel,0.0,COD,49.0,CUST002464,1145,2,0,654364,Courier_B,2,0.0075,0,2,0
ORD000087147,2026-08-10 23:20:27,644.56,1,Electronics,9.96,UPI,0.0,CUST014784,396,2,0,279683,Courier_A,3,0.3692,3,1,0
ORD000092737,2026-08-21 12:01:19,1727.48,1,Apparel,6.99,UPI,0.0,CUST008499,930,4,0,598248,Courier_E,1,0.0805,3,1,1
ORD000087198,2026-08-11 01:41:34,1644.57,1,Beauty,0.0,UPI,0.0,CUST013443,697,3,0,670693,Courier_A,1,0.3206,2,3,0
ORD000096880,2026-08-29 03:16:25,683.3,2,Home,13.16,Debit Card,0.0,CUST018570,438,2,0,186676,Courier_A,1,0.2159,0,10,0
ORD000095236,2026-08-26 04:21:17,931.21,1,Footwear,0.0,UPI,0.0,CUST019676,154,4,1,820298,Courier_B,2,0.4427,1,5,0
ORD000088042,2026-08-12 15:25:39,3149.08,2,Electronics,38.94,COD,39.0,CUST022865,473,7,0,257536,Courier_D,2,0.2353,0,1,0
ORD000092660,2026-08-21 08:35:42,296.29,3,Beauty,0.0,COD,59.0,CUST016750,651,1,0,388496,Courier_A,3,0.1489,3,4,1
ORD000088111,2026-08-12 18:06:16,817.77,1,Jewelry,0.0,UPI,0.0,CUST011312,93,1,0,761074,Courier_A,2,0.143,2,1,1
ORD000091996,2026-08-20 02:22:50,1957.23,3,Footwear,0.0,UPI,0.0,CUST010394,169,4,0,522293,Courier_B,2,0.4605,2,1,0
ORD000097918,2026-08-31 03:09:34,745.14,2,Home,16.72,COD,49.0,CUST018480,227,2,0,127709,Courier_B,2,0.2598,1,1,1
ORD000087188,2026-08-11 01:10:05,2492.76,2,Home,28.78,Net Banking,0.0,CUST008145,164,3,1,611363,Courier_B,3,0.2174,1,1,0
ORD000095723,2026-08-27 02:06:48,901.55,4,Electronics,0.0,UPI,0.0,CUST019181,230,3,0,907465,Courier_D,2,0.1271,1,1,1
ORD000099254,2026-09-02 13:56:59,361.85,1,Electronics,11.67,Credit Card,0.0,CUST011685,230,2,0,330200,Courier_C,3,0.2087,0,1,0
ORD000092606,2026-08-21 05:58:34,455.12,2,Beauty,0.0,COD,59.0,CUST026108,513,8,0,513724,Courier_D,2,0.4017,2,1,0
ORD000095611,2026-08-26 21:11:08,1141.15,4,Jewelry,0.0,COD,20.0,CUST020342,225,1,0,713629,Courier_B,3,0.1514,0,1,0
ORD000092821,2026-08-21 15:25:50,403.55,1,Apparel,0.0,UPI,0.0,CUST022217,178,6,1,734020,Courier_C,3,0.1541,0,3,0
ORD000088234,2026-08-12 23:39:54,2329.26,2,Home,0.0,COD,59.0,CUST017123,162,9,1,784274,Courier_A,1,0.2806,0,1,1
ORD000093219,2026-08-22 08:48:17,622.08,1,Footwear,12.29,UPI,0.0,CUST024863,187,4,1,654364,Courier_B,2,0.1351,3,1,0
ORD000097564,2026-08-30 10:54:18,872.54,1,Apparel,1.62,Net Banking,0.0,CUST002504,274,4,1,813189,Courier_A,3,0.2373,1,1,0
ORD000099632,2026-09-03 07:41:34,306.25,1,Electronics,11.17,COD,59.0,CUST010738,206,4,0,746966,Courier_B,3,0.183,1,1,1
ORD000097022,2026-08-29 09:56:39,827.13,1,Home,0.0,COD,39.0,CUST005863,503,2,1,870294,Courier_A,1,0.2604,4,1,0
ORD000093920,2026-08-23 16:40:17,2612.02,3,Electronics,23.94,COD,79.0,CUST025573,120,4,1,360723,Courier_A,2,0.2124,3,8,0
ORD000090146,2026-08-16 13:37:39,1286.2,3,Home,6.42,COD,59.0,CUST011164,215,5,0,379153,Courier_D,2,0.1637,3,3,1
ORD000092116,2026-08-20 07:37:01,643.67,2,Home,0.0,UPI,0.0,CUST029882,911,2,0,465917,Courier_B,1,0.0495,3,1,0
ORD000090402,2026-08-17 00:41:26,2246.14,2,Apparel,0.0,COD,49.0,CUST022260,1244,1,0,323441,Courier_E,1,0.2526,0,1,0
ORD000093464,2026-08-22 20:09:41,1889.76,4,Jewelry,2.31,Debit Card,0.0,CUST001228,289,4,0,104886,Courier_A,1,0.1452,0,3,0
ORD000091131,2026-08-18 10:05:02,1272.53,2,Beauty,17.15,Net Banking,0.0,CUST027053,150,1,0,783187,Courier_C,2,0.3321,0,1,0
ORD000099682,2026-09-03 09:53:22,330.76,1,Electronics,6.96,COD,49.0,CUST021240,505,0,0,530251,Courier_A,1,0.1543,1,2,0
ORD000087564,2026-08-11 19:16:58,343.25,3,Electronics,0.0,UPI,0.0,CUST014137,97,1,0,983619,Courier_B,1,0.1611,3,1,0
ORD000097279,2026-08-29 21:48:32,486.2,4,Footwear,20.0,UPI,0.0,CUST024615,87,5,1,809484,Courier_B,1,0.0889,3,1,0
ORD000085998,2026-08-08 20:17:32,3006.42,5,Apparel,0.0,COD,29.0,CUST009336,824,7,0,807527,Courier_B,1,0.3029,3,1,0
ORD000097355,2026-08-30 01:27:32,612.98,3,Apparel,43.68,UPI,0.0,CUST021879,146,2,0,914136,Courier_A,1,0.293,0,1,0
ORD000086491,2026-08-09 19:06:02,348.81,1,Footwear,0.0,Debit Card,0.0,CUST028168,17,4,0,671138,Courier_A,2,0.1493,1,2,0
ORD000096616,2026-08-28 16:07:03,637.25,3,Apparel,41.24,Credit Card,0.0,CUST007918,55,4,0,325332,Courier_A,2,0.3799,3,1,0
ORD000090433,2026-08-17 01:51:58,339.22,1,Jewelry,8.53,UPI,0.0,CUST009965,497,4,0,781551,Courier_A,2,0.1776,4,3,0
ORD000090397,2026-08-17 00:25:03,544.06,3,Jewelry,16.02,COD,49.0,CUST010443,98,3,0,457597,Courier_B,1,0.2709,2,1,0
ORD000094622,2026-08-25 00:06:00,268.47,4,Electronics,0.0,COD,59.0,CUST006288,203,3,0,997140,Courier_D,1,0.2496,0,1,0
ORD000096064,2026-08-27 16:37:41,201.37,1,Footwear,6.53,COD,20.0,CUST015059,126,5,0,202341,Courier_B,1,0.105,1,2,0
ORD000091911,2026-08-19 22:54:02,440.98,1,Beauty,7.7,COD,49.0,CUST007225,811,5,0,768338,Courier_B,1,0.2066,0,1,0
ORD000087109,2026-08-10 22:01:39,1407.1,2,Home,31.41,UPI,0.0,CUST006064,71,9,0,186089,Courier_C,1,0.2768,2,1,0
ORD000087480,2026-08-11 15:36:02,1319.88,3,Home,7.24,COD,39.0,CUST026390,71,5,0,590119,Courier_B,3,0.0646,1,1,0
ORD000096981,2026-08-29 07:46:23,423.02,1,Apparel,0.0,UPI,0.0,CUST027351,982,1,0,615198,Courier_D,2,0.0615,1,1,0
ORD000087333,2026-08-11 08:15:39,398.66,4,Jewelry,20.02,COD,49.0,CUST029733,61,5,0,791259,Courier_B,2,0.039,2,1,1
ORD000093906,2026-08-23 15:45:20,2087.67,2,Home,16.4,Debit Card,0.0,CUST024042,234,3,0,309225,Courier_A,1,0.0892,1,1,0
ORD000088489,2026-08-13 11:40:09,233.47,2,Apparel,24.76,UPI,0.0,CUST009618,1156,2,0,981895,Courier_E,1,0.0712,4,5,0
ORD000099510,2026-09-03 02:31:55,318.56,3,Jewelry,10.63,Credit Card,0.0,CUST007056,0,0,0,429634,Courier_A,1,0.0809,2,1,0
ORD000096978,2026-08-29 07:43:48,234.11,1,Apparel,30.36,COD,39.0,CUST003139,238,6,0,380844,Courier_D,3,0.2269,1,15,0
ORD000094494,2026-08-24 18:18:29,631.16,4,Apparel,26.69,COD,99.0,CUST018419,385,8,0,161063,Courier_A,3,0.1029,0,5,1
ORD000088119,2026-08-12 18:38:58,497.24,4,Apparel,0.0,Credit Card,0.0,CUST011497,389,4,0,837858,Courier_B,2,0.0541,0,2,0
ORD000091134,2026-08-18 10:16:34,520.65,2,Electronics,0.0,Net Banking,0.0,CUST024625,0,0,0,178914,Courier_A,2,0.1939,1,1,1
ORD000088426,2026-08-13 08:55:02,552.52,1,Apparel,0.0,Debit Card,0.0,CUST011447,179,4,0,794324,Courier_D,1,0.1005,1,15,0
ORD000096167,2026-08-27 21:01:42,465.77,3,Footwear,37.62,COD,49.0,CUST006717,291,4,1,257536,Courier_E,2,0.2842,3,1,1
ORD000099802,2026-09-03 14:42:21,890.72,2,Electronics,0.0,COD,49.0,CUST020436,424,3,0,315792,Courier_C,2,0.1977,2,1,0
ORD000091510,2026-08-19 04:40:49,1119.35,1,Apparel,0.0,UPI,0.0,CUST018812,72,3,0,729799,Courier_B,1,0.5596,5,1,0
ORD000098491,2026-09-01 05:22:33,287.74,4,Home,14.82,COD,49.0,CUST008654,397,3,0,933359,Courier_B,2,0.1279,4,1,0
ORD000086600,2026-08-09 23:36:05,60.39,1,Electronics,0.0,UPI,0.0,CUST018945,110,3,0,573736,Courier_A,1,0.288,2,4,0
ORD000095930,2026-08-27 11:28:57,803.03,1,Home,17.7,COD,49.0,CUST021732,593,4,0,396628,Courier_D,2,0.0872,1,4,1
ORD000094607,2026-08-24 23:14:38,1847.02,1,Apparel,32.81,COD,49.0,CUST003554,35,4,0,588665,Courier_A,3,0.0185,1,1,0
ORD000091494,2026-08-19 03:27:31,641.18,1,Apparel,0.0,UPI,0.0,CUST023659,3152,1,0,265163,Courier_B,2,0.0034,1,1,0
ORD000089751,2026-08-15 19:11:59,932.26,2,Footwear,0.0,UPI,0.0,CUST007841,265,7,0,848275,Courier_B,2,0.0673,3,1,0
ORD000093721,2026-08-23 06:21:59,1726.13,1,Apparel,0.0,COD,59.0,CUST014935,168,3,0,184063,Courier_B,3,0.1306,2,1,0
ORD000089823,2026-08-15 22:50:40,733.59,2,Electronics,0.0,UPI,0.0,CUST004460,67,6,1,728214,Courier_A,1,0.248,2,1,0
ORD000086238,2026-08-09 07:12:40,1135.72,1,Electronics,0.0,COD,79.0,CUST016013,148,4,0,140279,Courier_A,2,0.1971,0,1,1
ORD000089895,2026-08-16 02:06:52,2130.42,2,Apparel,0.0,Credit Card,0.0,CUST010557,575,8,2,625244,Courier_A,3,0.0427,1,1,1
ORD000088516,2026-08-13 12:45:29,689.23,4,Electronics,16.28,COD,39.0,CUST023652,240,3,1,216367,Courier_D,2,0.1324,2,1,0
ORD000091333,2026-08-18 19:49:09,421.58,2,Electronics,24.98,Debit Card,0.0,CUST019517,1008,4,0,823251,Courier_D,1,0.2098,1,1,0
ORD000093571,2026-08-23 00:05:45,224.18,1,Footwear,42.72,Debit Card,0.0,CUST018140,61,5,0,932843,Courier_A,2,0.2144,0,1,0
ORD000094653,2026-08-25 01:33:04,857.52,3,Beauty,0.0,COD,29.0,CUST000822,898,3,0,321653,Courier_E,3,0.3147,1,2,1
ORD000096302,2026-08-28 02:55:13,174.36,1,Jewelry,61.26,Credit Card,0.0,CUST002038,635,5,0,192985,Courier_B,3,0.2393,4,2,0
ORD000089534,2026-08-15 10:46:03,445.98,2,Beauty,0.0,COD,39.0,CUST018227,1122,5,0,757288,Courier_E,2,0.3119,1,1,0
ORD000092409,2026-08-20 21:24:41,462.44,2,Electronics,10.53,Net Banking,0.0,CUST016757,123,5,1,714101,Courier_A,2,0.2618,2,4,0
ORD000097285,2026-08-29 22:02:40,329.45,2,Electronics,26.82,COD,29.0,CUST022826,499,3,0,897111,Courier_D,3,0.2073,4,1,0
ORD000097728,2026-08-30 19:21:42,426.19,1,Footwear,26.97,COD,39.0,CUST028298,967,4,1,490071,Courier_D,3,0.1897,1,3,1
ORD000093082,2026-08-22 02:40:00,461.78,1,Footwear,0.0,UPI,0.0,CUST028779,172,2,0,962006,Courier_A,3,0.1523,0,2,0
ORD000097916,2026-08-31 03:04:55,416.96,2,Beauty,0.0,Debit Card,0.0,CUST001339,663,5,0,508282,Courier_B,3,0.1374,0,4,0
ORD000094342,2026-08-24 11:57:47,386.13,1,Apparel,16.71,UPI,0.0,CUST017694,600,4,3,931973,Courier_A,3,0.2819,3,1,1
ORD000089110,2026-08-14 16:02:26,262.55,2,Beauty,48.04,COD,29.0,CUST023098,401,6,0,787831,Courier_B,2,0.1455,3,11,0
ORD000089660,2026-08-15 15:33:34,1120.11,2,Electronics,35.54,Debit Card,0.0,CUST022190,622,2,0,861511,Courier_D,3,0.2822,2,1,0
ORD000097032,2026-08-29 10:21:40,279.17,2,Footwear,0.0,COD,49.0,CUST029195,102,2,1,269261,Courier_E,3,0.0988,2,1,0
ORD000093645,2026-08-23 02:47:27,1121.3,1,Home,0.0,COD,99.0,CUST004818,446,5,1,558329,Courier_D,2,0.0965,2,1,0
ORD000088776,2026-08-14 00:14:25,215.32,4,Footwear,17.24,COD,29.0,CUST026098,165,3,0,168637,Courier_D,2,0.1905,3,1,0
ORD000085198,2026-08-07 06:20:10,364.21,3,Electronics,26.26,COD,49.0,CUST021134,337,2,0,593374,Courier_A,2,0.2061,0,16,0
ORD000092061,2026-08-20 05:16:43,501.18,1,Electronics,0.0,COD,59.0,CUST029734,135,1,0,989986,Courier_A,1,0.1025,1,1,0
ORD000095227,2026-08-26 04:05:41,1008.11,2,Beauty,0.0,UPI,0.0,CUST029000,126,3,0,619405,Courier_B,2,0.2195,1,1,1
ORD000085478,2026-08-07 20:22:34,2988.39,1,Home,0.0,UPI,0.0,CUST004442,450,4,0,380844,Courier_C,3,0.2515,0,1,1
ORD000089527,2026-08-15 10:33:54,1216.78,1,Apparel,0.0,UPI,0.0,CUST020938,47,5,0,744635,Courier_C,2,0.4135,4,1,0
ORD000095140,2026-08-25 23:59:04,381.77,1,Footwear,11.16,COD,29.0,CUST017271,153,2,0,802087,Courier_C,2,0.3003,3,1,0
ORD000092900,2026-08-21 18:23:24,627.33,2,Apparel,17.88,Debit Card,0.0,CUST023361,120,4,0,303027,Courier_D,1,0.1483,1,3,0
ORD000085084,2026-08-07 01:22:55,283.62,2,Apparel,0.0,COD,59.0,CUST019255,277,1,0,848713,Courier_D,3,0.3443,2,1,0
ORD000095386,2026-08-26 10:56:34,383.13,1,Apparel,18.55,COD,59.0,CUST017957,178,3,0,465408,Courier_C,2,0.0221,1,1,0
ORD000097381,2026-08-30 02:43:11,234.56,1,Footwear,7.53,UPI,0.0,CUST011138,106,2,1,504976,Courier_D,1,0.1062,0,4,0
ORD000098040,2026-08-31 09:27:46,461.18,1,Electronics,16.46,COD,39.0,CUST017864,352,3,0,622669,Courier_A,3,0.1859,2,1,0
ORD000094414,2026-08-24 14:53:44,1298.89,2,Footwear,0.0,COD,59.0,CUST000715,1194,2,0,488082,Courier_D,1,0.2533,0,1,0
ORD000086596,2026-08-09 23:29:57,234.54,4,Electronics,0.0,UPI,0.0,CUST025591,499,6,0,757288,Courier_E,2,0.2609,1,5,1
ORD000097960,2026-08-31 05:01:26,604.57,1,Home,0.0,Credit Card,0.0,CUST021036,153,5,0,939425,Courier_E,2,0.1135,1,1,0
ORD000092074,2026-08-20 05:41:21,587.54,2,Home,0.0,COD,59.0,CUST028369,252,2,0,540156,Courier_D,2,0.1746,1,1,0
ORD000096707,2026-08-28 20:13:11,1170.43,1,Electronics,0.0,Credit Card,0.0,CUST027720,1237,5,0,659264,Courier_C,2,0.2578,3,3,0
ORD000095489,2026-08-26 15:56:17,322.45,2,Home,0.0,Debit Card,0.0,CUST029479,1278,3,0,140390,Courier_A,1,0.1309,1,1,0
ORD000093162,2026-08-22 06:20:58,1596.44,1,Beauty,9.13,COD,39.0,CUST017963,229,4,0,587093,Courier_B,3,0.2065,3,2,1
ORD000086790,2026-08-10 07:54:54,260.85,1,Beauty,13.94,Net Banking,0.0,CUST015290,89,4,0,842688,Courier_B,2,0.3582,2,1,0
ORD000093182,2026-08-22 07:17:23,1286.78,1,Footwear,30.84,UPI,0.0,CUST001893,57,4,0,541284,Courier_C,2,0.1417,1,15,0
ORD000087540,2026-08-11 18:10:26,425.12,2,Apparel,0.0,UPI,0.0,CUST014740,157,3,0,526706,Courier_A,2,0.334,0,1,1
ORD000092841,2026-08-21 16:15:16,651.86,2,Apparel,32.27,UPI,0.0,CUST004905,306,4,0,180236,Courier_B,2,0.0531,0,1,0
ORD000097980,2026-08-31 05:55:33,760.74,3,Apparel,12.3,COD,49.0,CUST017766,194,2,0,628425,Courier_B,3,0.0181,1,5,1
ORD000090299,2026-08-16 19:53:35,1290.33,3,Apparel,0.0,COD,39.0,CUST022269,122,2,0,598248,Courier_A,1,0.0881,0,1,0
ORD000097747,2026-08-30 20:18:55,6174.63,2,Footwear,36.29,COD,20.0,CUST003726,237,3,0,108917,Courier_C,2,0.2131,2,2,1
ORD000088295,2026-08-13 02:15:08,372.59,1,Footwear,0.0,UPI,0.0,CUST021807,1233,4,0,181431,Courier_B,1,0.0739,4,1,0
ORD000099273,2026-09-02 15:05:44,235.34,2,Footwear,0.0,COD,79.0,CUST021879,146,2,0,282330,Courier_C,2,0.4184,1,1,1
ORD000087885,2026-08-12 09:42:23,1175.52,3,Apparel,0.0,UPI,0.0,CUST006104,277,4,0,107065,Courier_B,3,0.1361,2,1,0
ORD000086705,2026-08-10 04:24:33,1358.93,1,Apparel,0.0,COD,39.0,CUST004283,12,3,0,371674,Courier_A,3,0.2487,2,1,1
ORD000085816,2026-08-08 12:11:36,1790.28,1,Footwear,32.24,COD,49.0,CUST016292,487,0,0,764665,Courier_A,3,0.1384,1,1,0
ORD000098151,2026-08-31 13:59:14,773.24,3,Beauty,0.0,Net Banking,0.0,CUST006595,460,3,0,885352,Courier_B,1,0.0607,4,5,0
ORD000099967,2026-09-03 22:42:52,2056.31,1,Jewelry,22.43,UPI,0.0,CUST018645,366,4,0,823556,Courier_D,2,0.1981,1,1,0
ORD000099116,2026-09-02 08:35:11,396.96,2,Apparel,0.0,COD,49.0,CUST000602,51,8,0,570217,Courier_B,1,0.0781,3,2,1
ORD000091897,2026-08-19 22:17:33,338.52,2,Apparel,10.62,Credit Card,0.0,CUST000290,60,3,0,914384,Courier_A,2,0.3923,5,1,0
ORD000092966,2026-08-21 20:57:35,3212.87,1,Electronics,0.0,COD,49.0,CUST008953,331,5,0,279683,Courier_D,3,0.3761,0,5,0
ORD000085654,2026-08-08 04:56:10,1017.02,1,Electronics,0.0,Credit Card,0.0,CUST026289,351,3,1,622523,Courier_B,1,0.1928,2,4,0
ORD000085584,2026-08-08 01:40:29,932.46,2,Electronics,0.0,COD,39.0,CUST021316,175,3,0,195758,Courier_C,3,0.1518,1,3,0
ORD000091364,2026-08-18 21:16:25,1428.21,1,Apparel,0.0,UPI,0.0,CUST027523,926,1,0,312071,Courier_A,1,0.1587,5,1,0
ORD000088854,2026-08-14 03:58:10,334.81,3,Beauty,25.49,COD,49.0,CUST016364,90,3,0,672388,Courier_A,3,0.1788,0,2,0
ORD000088797,2026-08-14 01:09:19,2134.89,2,Apparel,23.66,UPI,0.0,CUST000498,61,2,0,847515,Courier_A,1,0.1713,2,1,0
ORD000095518,2026-08-26 16:55:48,136.23,2,Apparel,18.94,COD,99.0,CUST024914,114,3,0,442609,Courier_C,2,0.1607,0,1,0
ORD000089656,2026-08-15 15:27:42,777.02,1,Apparel,0.0,COD,49.0,CUST015904,462,5,1,513724,Courier_A,2,0.3956,3,10,0
ORD000090385,2026-08-16 23:34:13,587.63,3,Beauty,26.69,COD,29.0,CUST011662,121,4,1,807606,Courier_A,3,0.159,2,1,0
ORD000093921,2026-08-23 16:48:20,959.29,1,Beauty,0.0,Credit Card,0.0,CUST028842,875,2,0,856258,Courier_B,2,0.2526,2,5,0
ORD000098318,2026-08-31 21:57:22,792.12,2,Jewelry,18.15,Net Banking,0.0,CUST012441,352,2,0,889948,Courier_A,2,0.1418,0,1,1
ORD000094817,2026-08-25 08:21:00,851.58,3,Apparel,8.28,COD,29.0,CUST013693,0,0,0,699053,Courier_A,3,0.0869,2,1,1
ORD000089872,2026-08-16 00:46:52,178.35,1,Electronics,0.0,COD,29.0,CUST000550,132,3,0,654409,Courier_A,1,0.0603,1,1,0
ORD000095517,2026-08-26 16:54:44,1791.26,1,Footwear,32.96,COD,39.0,CUST023244,157,4,0,582249,Courier_B,1,0.1419,4,1,0
ORD000087205,2026-08-11 02:15:48,329.1,1,Footwear,11.0,COD,29.0,CUST001257,103,2,0,614147,Courier_B,2,0.194,1,1,0
ORD000096703,2026-08-28 20:07:49,3729.35,3,Electronics,21.12,UPI,0.0,CUST026189,89,4,0,868770,Courier_A,2,0.0059,2,1,0
ORD000088773,2026-08-14 00:04:00,971.81,2,Apparel,17.59,COD,49.0,CUST000002,73,6,1,953548,Courier_E,3,0.0602,4,2,0
ORD000086653,2026-08-10 02:05:17,2354.64,2,Electronics,0.0,COD,99.0,CUST017025,155,5,0,602801,Courier_D,3,0.2342,1,1,0
ORD000088967,2026-08-14 09:01:25,391.2,3,Home,2.86,COD,59.0,CUST000599,171,1,1,989986,Courier_B,1,0.059,0,5,1
ORD000099599,2026-09-03 05:56:36,2974.33,1,Electronics,12.07,COD,39.0,CUST025448,357,2,0,565788,Courier_D,1,0.1984,2,1,0
ORD000094210,2026-08-24 06:03:04,285.2,2,Apparel,0.0,COD,49.0,CUST005334,478,1,0,297200,Courier_B,3,0.0971,1,1,1
ORD000095377,2026-08-26 10:39:46,636.87,2,Electronics,33.54,COD,20.0,CUST020558,160,3,0,946473,Courier_B,1,0.3427,2,3,0
ORD000087499,2026-08-11 16:16:24,590.09,1,Home,38.51,COD,39.0,CUST003316,58,5,0,670693,Courier_B,1,0.2792,2,1,0
ORD000096113,2026-08-27 18:57:07,172.48,1,Electronics,17.05,Credit Card,0.0,CUST019527,1072,3,0,476547,Courier_A,3,0.083,2,5,0
ORD000095241,2026-08-26 04:49:25,1210.7,1,Footwear,25.28,UPI,0.0,CUST007064,122,4,1,800259,Courier_B,2,0.0762,1,2,0
ORD000097271,2026-08-29 21:24:20,1143.21,7,Jewelry,21.74,COD,49.0,CUST018671,1353,3,0,672715,Courier_B,2,0.2559,1,1,0
ORD000093311,2026-08-22 13:11:40,1700.12,2,Beauty,19.62,Net Banking,0.0,CUST028774,479,1,0,500693,Courier_E,1,0.0444,2,18,0
ORD000094041,2026-08-23 22:18:56,592.02,3,Jewelry,0.0,COD,20.0,CUST011437,0,0,0,645241,Courier_E,3,0.0815,0,2,1
ORD000085428,2026-08-07 17:53:01,509.39,2,Apparel,0.0,COD,39.0,CUST017005,287,2,0,918349,Courier_A,3,0.1475,2,13,1
ORD000087143,2026-08-10 23:18:12,860.64,4,Jewelry,37.95,COD,49.0,CUST026413,51,2,1,475091,Courier_D,1,0.0612,1,1,0
ORD000094725,2026-08-25 04:47:06,1108.58,2,Apparel,0.0,COD,29.0,CUST021875,112,4,0,902957,Courier_E,2,0.0598,1,1,1
ORD000096358,2026-08-28 05:36:27,390.89,2,Electronics,0.0,UPI,0.0,CUST015309,53,1,0,744635,Courier_C,2,0.4049,0,1,0
ORD000089703,2026-08-15 17:10:40,612.12,2,Footwear,28.74,Credit Card,0.0,CUST024896,447,8,0,971241,Courier_B,2,0.3394,0,1,0
ORD000099596,2026-09-03 05:50:08,345.06,1,Electronics,0.0,UPI,0.0,CUST016642,317,5,0,265163,Courier_D,2,0.0278,0,1,0
ORD000094472,2026-08-24 17:11:49,993.45,2,Beauty,0.0,COD,39.0,CUST026702,157,3,0,429344,Courier_B,2,0.1343,3,1,1
ORD000099987,2026-09-03 23:43:18,2478.82,3,Electronics,5.56,UPI,0.0,CUST015546,88,3,0,494711,Courier_C,3,0.4634,2,1,0
ORD000091209,2026-08-18 13:27:13,660.73,2,Apparel,11.01,Credit Card,0.0,CUST004606,75,3,0,652761,Courier_D,1,0.2008,3,3,0
ORD000098411,2026-09-01 02:01:36,611.39,1,Apparel,0.0,COD,59.0,CUST016952,1040,1,0,367081,Courier_D,2,0.1918,1,1,0
ORD000091354,2026-08-18 20:51:54,1845.8,1,Beauty,0.0,COD,29.0,CUST012181,440,3,0,236956,Courier_D,1,0.0,1,2,0
ORD000087145,2026-08-10 23:19:47,1393.42,1,Beauty,18.2,COD,39.0,CUST013788,90,2,0,743457,Courier_A,2,0.1656,1,1,0
ORD000088867,2026-08-14 04:26:16,647.0,3,Apparel,0.0,UPI,0.0,CUST010977,83,1,0,622527,Courier_A,1,0.3378,1,1,0
ORD000094855,2026-08-25 09:55:04,226.42,3,Beauty,7.0,COD,59.0,CUST005118,97,4,1,398177,Courier_A,3,0.3377,3,3,0
ORD000096941,2026-08-29 06:02:32,1063.7,2,Footwear,12.97,Debit Card,0.0,CUST006519,233,2,0,396628,Courier_B,2,0.0694,1,1,1
ORD000098414,2026-09-01 02:05:14,1126.48,2,Beauty,24.49,COD,79.0,CUST009951,273,4,1,547541,Courier_A,3,0.21,0,1,0
ORD000096535,2026-08-28 12:34:13,961.32,1,Beauty,13.53,COD,59.0,CUST022754,206,3,0,821214,Courier_A,1,0.2235,1,1,0
ORD000085704,2026-08-08 07:11:39,90.98,1,Footwear,0.0,UPI,0.0,CUST001233,1558,1,0,622523,Courier_E,1,0.1818,4,1,0
ORD000096230,2026-08-27 23:24:19,80.26,2,Beauty,0.0,UPI,0.0,CUST014140,2122,3,0,587093,Courier_C,3,0.236,0,1,0
ORD000086099,2026-08-09 00:26:22,368.54,3,Beauty,17.53,UPI,0.0,CUST028555,150,2,0,339714,Courier_A,2,0.071,1,1,0
ORD000098542,2026-09-01 07:34:22,818.4,4,Electronics,1.02,COD,49.0,CUST009439,511,0,0,693028,Courier_A,1,0.2449,2,3,1
ORD000087713,2026-08-12 02:39:49,176.3,2,Apparel,40.18,COD,39.0,CUST015309,53,3,0,507886,Courier_D,2,0.1018,2,1,0
ORD000096400,2026-08-28 07:16:03,1713.1,2,Jewelry,10.36,Credit Card,0.0,CUST017500,545,6,0,670537,Courier_D,2,0.2125,4,1,0
ORD000088745,2026-08-13 23:01:59,2074.54,3,Beauty,0.0,COD,59.0,CUST029381,0,0,0,310345,Courier_A,1,0.2036,2,1,0
ORD000095184,2026-08-26 01:57:05,228.93,1,Electronics,28.09,Credit Card,0.0,CUST029951,49,4,0,494553,Courier_D,3,0.1013,0,1,0
ORD000097185,2026-08-29 17:36:49,296.35,2,Beauty,0.0,COD,29.0,CUST008315,437,3,0,750843,Courier_B,2,0.2002,1,1,1
ORD000099268,2026-09-02 14:53:50,191.23,3,Footwear,0.0,Debit Card,0.0,CUST021384,187,2,0,165195,Courier_C,1,0.3402,1,1,0
ORD000085768,2026-08-08 10:19:38,411.8,2,Footwear,13.45,COD,49.0,CUST016661,43,2,0,225182,Courier_E,3,0.1324,1,1,0
ORD000092126,2026-08-20 07:55:31,412.6,1,Footwear,30.91,COD,59.0,CUST005918,274,4,0,570736,Courier_B,3,0.0802,1,1,0
ORD000088795,2026-08-14 01:05:57,81.34,2,Apparel,0.0,UPI,0.0,CUST011766,383,4,0,750599,Courier_D,3,0.0847,0,1,0
ORD000096868,2026-08-29 02:45:16,174.97,2,Apparel,11.64,UPI,0.0,CUST011865,665,4,0,516468,Courier_B,2,0.1639,2,1,0
ORD000092719,2026-08-21 10:53:00,1102.63,1,Home,0.0,Net Banking,0.0,CUST003152,384,2,0,509843,Courier_C,1,0.1891,1,2,0
ORD000099352,2026-09-02 18:46:08,909.76,1,Electronics,1.87,Net Banking,0.0,CUST008403,205,1,0,734020,Courier_A,3,0.1228,2,1,0
ORD000085611,2026-08-08 02:41:32,595.96,2,Footwear,0.0,COD,59.0,CUST002750,143,3,1,514284,Courier_B,1,0.3164,2,18,0
ORD000097528,2026-08-30 09:17:37,478.9,4,Footwear,27.02,Credit Card,0.0,CUST024895,252,0,0,475043,Courier_E,1,0.0449,2,1,0
ORD000090167,2026-08-16 14:17:21,266.02,3,Apparel,19.34,COD,49.0,CUST002069,103,2,0,942304,Courier_A,3,0.2348,0,5,1
ORD000088056,2026-08-12 15:56:51,135.61,3,Electronics,0.0,UPI,0.0,CUST017437,271,7,0,622523,Courier_C,1,0.1239,2,1,0
ORD000089804,2026-08-15 21:58:07,523.39,2,Apparel,24.21,UPI,0.0,CUST005339,495,4,0,582249,Courier_A,1,0.2188,0,1,0
ORD000090921,2026-08-17 23:51:38,230.2,2,Apparel,17.65,COD,99.0,CUST023558,205,5,0,597740,Courier_A,1,0.3213,0,1,0
ORD000089131,2026-08-14 17:06:31,1364.09,2,Apparel,0.0,Credit Card,0.0,CUST028983,1748,0,0,822429,Courier_B,2,0.1307,0,3,1
ORD000089983,2026-08-16 06:13:59,294.22,1,Home,0.0,COD,29.0,CUST015838,463,4,0,561398,Courier_A,3,0.2152,0,1,0
ORD000091438,2026-08-19 00:22:56,156.19,3,Beauty,19.58,Credit Card,0.0,CUST017374,319,3,0,694046,Courier_A,1,0.1816,0,5,0
ORD000093750,2026-08-23 07:24:34,487.64,3,Home,0.0,COD,39.0,CUST008824,133,3,1,312879,Courier_B,1,0.0633,2,1,0
ORD000087460,2026-08-11 14:44:20,1255.91,3,Jewelry,17.73,UPI,0.0,CUST022776,635,3,0,120421,Courier_A,3,0.1296,2,4,0
ORD000086439,2026-08-09 15:52:04,875.45,1,Jewelry,0.0,UPI,0.0,CUST017653,19,3,0,976980,Courier_C,3,0.142,1,4,0
ORD000099046,2026-09-02 05:44:10,556.56,2,Electronics,19.72,Net Banking,0.0,CUST009662,214,7,0,263224,Courier_C,2,0.3862,1,1,0
ORD000098941,2026-09-02 01:04:01,347.29,1,Apparel,21.33,Net Banking,0.0,CUST015582,340,7,0,476501,Courier_B,2,0.2511,0,1,0
ORD000093115,2026-08-22 04:07:24,65.5,1,Beauty,22.74,COD,29.0,CUST017595,130,4,0,424619,Courier_D,2,0.2867,1,1,1
ORD000089358,2026-08-15 02:42:39,567.18,1,Electronics,0.0,COD,29.0,CUST029526,356,5,0,683142,Courier_C,3,0.0661,2,1,0
ORD000085494,2026-08-07 20:43:46,759.69,2,Apparel,13.15,Credit Card,0.0,CUST011102,171,4,0,181777,Courier_A,3,0.2785,1,4,0
ORD000091672,2026-08-19 12:54:46,5775.05,4,Footwear,0.0,UPI,0.0,CUST019961,428,3,1,152422,Courier_D,1,0.1202,0,1,0
ORD000091983,2026-08-20 01:28:06,1271.94,2,Beauty,34.01,COD,39.0,CUST007978,291,5,0,312967,Courier_C,2,0.2041,1,3,1
ORD000088908,2026-08-14 06:01:34,462.0,3,Beauty,0.0,Credit Card,0.0,CUST017257,564,0,0,209578,Courier_B,1,0.2921,3,3,0
ORD000096379,2026-08-28 06:12:30,449.12,1,Electronics,9.67,UPI,0.0,CUST026899,68,3,0,460687,Courier_A,2,0.2852,2,2,0
ORD000090034,2026-08-16 08:47:04,1033.0,1,Beauty,0.0,COD,49.0,CUST014916,53,1,1,962688,Courier_B,3,0.1079,2,1,0
ORD000093682,2026-08-23 04:43:17,1070.7,2,Home,46.38,COD,59.0,CUST023295,281,2,0,207289,Courier_C,1,0.126,1,1,0
ORD000097647,2026-08-30 15:04:56,448.01,2,Electronics,31.43,Debit Card,0.0,CUST007040,100,2,1,433581,Courier_A,2,0.3409,1,1,0
ORD000095240,2026-08-26 04:46:01,471.83,2,Home,0.0,COD,29.0,CUST015731,651,4,0,370685,Courier_A,2,0.187,3,1,1
ORD000098412,2026-09-01 02:02:40,356.02,2,Apparel,23.69,COD,49.0,CUST003187,169,3,0,951133,Courier_E,2,0.2779,4,1,1
ORD000087336,2026-08-11 08:25:31,370.19,1,Apparel,24.44,UPI,0.0,CUST007200,54,2,0,543559,Courier_B,1,0.116,1,1,0
ORD000087465,2026-08-11 14:54:54,188.83,1,Electronics,0.0,Credit Card,0.0,CUST029021,822,5,0,307037,Courier_A,1,0.0,1,3,0
ORD000094592,2026-08-24 22:35:44,162.24,2,Footwear,0.0,UPI,0.0,CUST017956,96,4,0,981895,Courier_E,1,0.1558,1,3,0
ORD000087108,2026-08-10 22:00:09,1514.26,1,Jewelry,7.37,Credit Card,0.0,CUST025612,36,4,0,934214,Courier_A,2,0.2397,4,4,0
ORD000098964,2026-09-02 01:53:14,266.73,2,Apparel,0.0,COD,49.0,CUST000595,249,2,1,815497,Courier_B,2,0.3728,1,1,1
ORD000087927,2026-08-12 11:25:52,1341.55,2,Footwear,0.0,COD,49.0,CUST029703,338,3,0,547190,Courier_D,2,0.6123,1,3,1
ORD000085607,2026-08-08 02:30:24,246.35,2,Home,0.0,COD,39.0,CUST025902,124,4,2,238180,Courier_C,3,0.1199,2,1,1
ORD000098587,2026-09-01 10:02:22,196.82,3,Jewelry,13.1,COD,49.0,CUST001922,139,4,0,597740,Courier_C,1,0.2744,2,11,0
ORD000091351,2026-08-18 20:45:39,781.1,2,Electronics,47.09,Credit Card,0.0,CUST016249,88,3,1,529908,Courier_A,1,0.2089,0,1,1
ORD000089050,2026-08-14 13:08:02,1205.69,2,Electronics,0.0,COD,39.0,CUST017354,354,3,2,488643,Courier_B,1,0.4209,2,4,1
ORD000091053,2026-08-18 05:54:42,977.7,2,Beauty,0.0,COD,99.0,CUST019091,159,3,0,753798,Courier_B,2,0.0579,2,1,0
ORD000087580,2026-08-11 19:51:06,530.13,2,Apparel,0.0,UPI,0.0,CUST006571,90,4,1,415774,Courier_B,3,0.1997,1,1,0
ORD000097898,2026-08-31 02:22:51,470.87,1,Beauty,11.68,UPI,0.0,CUST017636,577,3,0,992497,Courier_A,2,0.3592,1,1,0
ORD000092132,2026-08-20 08:24:28,537.45,3,Footwear,0.0,COD,39.0,CUST021044,478,6,0,981939,Courier_A,2,0.2887,0,1,0
ORD000087603,2026-08-11 20:44:38,553.08,3,Electronics,0.0,COD,59.0,CUST008429,266,2,0,865643,Courier_D,2,0.2602,2,1,0
ORD000087248,2026-08-11 04:20:37,1016.1,2,Footwear,17.92,Credit Card,0.0,CUST027682,272,2,0,820298,Courier_D,2,0.4558,2,4,0
ORD000088214,2026-08-12 22:57:24,504.36,1,Home,27.58,Credit Card,0.0,CUST012381,263,5,0,172737,Courier_B,2,0.2103,2,1,0
ORD000092968,2026-08-21 20:58:41,376.95,1,Footwear,0.0,COD,39.0,CUST000054,229,2,0,583754,Courier_C,2,0.1715,1,1,0
ORD000091756,2026-08-19 17:06:21,647.33,1,Beauty,0.0,UPI,0.0,CUST028091,82,4,0,444894,Courier_D,1,0.1235,1,4,0
ORD000095502,2026-08-26 16:28:26,405.93,1,Apparel,0.0,COD,39.0,CUST023240,105,5,1,258959,Courier_A,3,0.1823,0,1,0
ORD000093308,2026-08-22 13:04:20,701.98,1,Electronics,49.82,COD,49.0,CUST005909,235,0,0,368724,Courier_C,1,0.4827,3,1,1
ORD000090348,2026-08-16 21:57:34,624.23,1,Footwear,33.8,COD,49.0,CUST022263,303,4,0,693028,Courier_E,1,0.2246,4,1,1
ORD000090984,2026-08-18 02:09:01,1688.5,2,Electronics,26.29,Debit Card,0.0,CUST028723,319,7,1,729597,Courier_B,2,0.2078,4,5,0
ORD000087387,2026-08-11 11:01:51,151.31,2,Electronics,0.0,COD,79.0,CUST022134,73,2,0,703930,Courier_B,1,0.1579,1,1,0
ORD000095244,2026-08-26 04:51:17,1738.94,1,Beauty,31.06,Debit Card,0.0,CUST016130,0,0,0,971281,Courier_B,3,0.0736,2,1,0
ORD000087116,2026-08-10 22:10:43,682.97,2,Beauty,0.88,COD,39.0,CUST027842,71,2,0,804118,Courier_A,3,0.282,2,1,0
ORD000089627,2026-08-15 14:22:38,863.49,3,Apparel,18.39,UPI,0.0,CUST004809,128,3,1,590356,Courier_C,3,0.0,1,1,0
ORD000095459,2026-08-26 13:41:59,410.81,1,Electronics,0.0,UPI,0.0,CUST016210,391,4,0,956979,Courier_A,1,0.1654,3,1,0
ORD000097114,2026-08-29 13:26:17,1865.27,3,Beauty,20.78,Net Banking,0.0,CUST016327,221,6,0,713629,Courier_C,3,0.1056,3,1,0
ORD000096238,2026-08-27 23:58:27,619.12,1,Apparel,18.42,Debit Card,0.0,CUST017183,51,1,0,181777,Courier_B,3,0.2693,2,1,1
ORD000094480,2026-08-24 17:41:10,772.31,1,Beauty,15.43,UPI,0.0,CUST007020,899,0,0,306555,Courier_B,3,0.3059,2,1,0
ORD000090498,2026-08-17 04:49:14,372.01,3,Apparel,0.0,COD,49.0,CUST020570,717,4,0,421903,Courier_D,2,0.0,4,1,0
ORD000086014,2026-08-08 20:49:02,2031.24,3,Electronics,0.0,Net Banking,0.0,CUST004584,254,2,0,148019,Courier_A,2,0.1533,1,1,0
ORD000095311,2026-08-26 07:56:57,3821.4,1,Beauty,21.84,Debit Card,0.0,CUST012127,1171,7,0,800045,Courier_C,3,0.0143,1,2,0
ORD000096946,2026-08-29 06:16:45,407.9,2,Footwear,0.0,COD,49.0,CUST020619,200,3,0,670928,Courier_B,2,0.225,1,1,0
ORD000099136,2026-09-02 09:31:50,1372.26,3,Apparel,0.0,UPI,0.0,CUST022075,596,4,0,554088,Courier_D,2,0.1258,1,1,0
ORD000087378,2026-08-11 10:26:17,504.42,3,Jewelry,0.0,UPI,0.0,CUST012024,245,3,0,196023,Courier_E,3,0.1494,3,1,0
ORD000093695,2026-08-23 05:18:20,2063.14,3,Apparel,0.0,COD,49.0,CUST006102,131,3,0,684370,Courier_B,1,0.2387,1,1,0
ORD000093480,2026-08-22 20:33:20,412.22,3,Electronics,0.0,Debit Card,0.0,CUST025884,1112,6,0,329012,Courier_C,3,0.1277,2,4,0
ORD000093444,2026-08-22 19:21:22,620.97,1,Apparel,4.37,COD,59.0,CUST016243,382,2,0,504905,Courier_E,3,0.2009,4,1,0
ORD000097461,2026-08-30 06:23:09,796.94,2,Footwear,16.87,UPI,0.0,CUST022117,327,4,0,598994,Courier_B,2,0.2032,3,4,0
ORD000085832,2026-08-08 12:54:16,1251.83,1,Jewelry,18.9,Credit Card,0.0,CUST025054,1126,7,0,127709,Courier_E,2,0.2574,1,1,0
ORD000099181,2026-09-02 11:23:23,265.55,1,Apparel,0.0,COD,79.0,CUST008647,288,2,1,729799,Courier_A,1,0.4396,1,1,0
ORD000096792,2026-08-28 23:29:43,188.42,4,Home,19.25,UPI,0.0,CUST015260,238,5,0,504071,Courier_A,1,0.0969,1,1,0
ORD000094305,2026-08-24 10:22:09,873.59,2,Electronics,20.63,Credit Card,0.0,CUST025422,262,3,0,764101,Courier_A,3,0.252,2,1,0
ORD000095330,2026-08-26 08:58:57,677.64,2,Electronics,4.01,Debit Card,0.0,CUST010747,396,1,0,374219,Courier_B,3,0.2552,1,1,0
ORD000097117,2026-08-29 13:41:09,502.6,1,Home,14.97,UPI,0.0,CUST029160,102,3,0,116043,Courier_A,1,0.1688,3,1,0
ORD000092536,2026-08-21 02:30:28,3226.73,1,Apparel,0.0,COD,20.0,CUST028752,0,0,0,411928,Courier_E,2,0.2612,1,4,1
ORD000099801,2026-09-03 14:38:00,744.7,2,Footwear,0.0,Debit Card,0.0,CUST020851,425,2,0,848713,Courier_D,3,0.3438,2,1,0
ORD000097090,2026-08-29 12:40:15,231.24,2,Beauty,30.88,Debit Card,0.0,CUST003931,849,9,0,138111,Courier_C,2,0.1193,0,1,0
ORD000092929,2026-08-21 19:24:29,720.48,2,Jewelry,40.37,Debit Card,0.0,CUST009454,353,6,0,282095,Courier_E,2,0.0608,2,6,0
ORD000099112,2026-09-02 08:27:45,326.11,4,Home,0.0,Debit Card,0.0,CUST012078,566,3,1,306555,Courier_E,3,0.2605,3,1,0
ORD000096313,2026-08-28 03:30:03,177.65,3,Apparel,37.13,COD,99.0,CUST028598,1606,7,0,427055,Courier_E,3,0.0,2,2,0
ORD000095255,2026-08-26 05:17:18,209.45,1,Apparel,0.0,Debit Card,0.0,CUST000921,515,1,0,488082,Courier_A,1,0.239,0,1,0
ORD000095299,2026-08-26 07:25:46,1104.7,2,Jewelry,44.01,UPI,0.0,CUST013398,104,3,0,886576,Courier_A,2,0.1857,3,1,0
ORD000088719,2026-08-13 21:45:28,1064.77,1,Electronics,15.27,Debit Card,0.0,CUST007217,488,3,0,174397,Courier_A,2,0.0585,2,1,0
ORD000097075,2026-08-29 12:11:28,749.1,1,Footwear,8.51,COD,29.0,CUST001456,1366,5,0,475091,Courier_B,1,0.0828,2,1,0
ORD000092794,2026-08-21 14:13:49,1366.23,5,Beauty,20.78,COD,49.0,CUST014116,64,3,0,371674,Courier_C,3,0.2666,2,5,1
ORD000096752,2026-08-28 22:14:47,96.57,2,Footwear,0.0,COD,59.0,CUST020336,342,4,0,650758,Courier_C,1,0.4461,2,1,0
ORD000087630,2026-08-11 22:12:50,771.94,5,Electronics,0.0,COD,39.0,CUST026073,125,5,0,490206,Courier_B,3,0.2845,1,3,1
ORD000097455,2026-08-30 05:59:10,233.03,1,Electronics,0.0,COD,29.0,CUST011142,101,3,0,315792,Courier_D,2,0.248,1,1,0
ORD000098767,2026-09-01 17:02:14,267.0,2,Electronics,0.0,COD,59.0,CUST009587,357,2,0,229416,Courier_B,1,0.1069,0,5,0
ORD000088090,2026-08-12 17:16:35,286.52,2,Beauty,16.28,UPI,0.0,CUST024135,182,5,0,152422,Courier_A,1,0.1458,1,1,1
ORD000093395,2026-08-22 16:59:36,2758.62,2,Footwear,20.3,COD,49.0,CUST002132,770,3,0,218921,Courier_A,2,0.2778,1,3,1
ORD000099338,2026-09-02 18:23:52,565.39,1,Apparel,0.0,UPI,0.0,CUST010264,306,2,0,490206,Courier_A,3,0.3083,3,1,0
ORD000088036,2026-08-12 15:17:19,191.77,1,Beauty,0.0,COD,39.0,CUST026553,498,6,1,587634,Courier_A,1,0.2274,0,2,0
ORD000087319,2026-08-11 07:24:38,277.21,1,Electronics,25.67,COD,39.0,CUST024299,30,4,0,177611,Courier_C,3,0.2278,2,16,1
ORD000092523,2026-08-21 02:03:04,504.9,3,Footwear,0.0,UPI,0.0,CUST017867,126,9,0,691898,Courier_A,1,0.4091,1,1,0
ORD000094243,2026-08-24 07:27:51,623.33,3,Electronics,23.61,Credit Card,0.0,CUST011379,0,0,0,163173,Courier_B,2,0.1475,1,4,0
ORD000096197,2026-08-27 22:07:11,225.23,2,Apparel,0.0,COD,29.0,CUST017268,621,3,0,615019,Courier_A,1,0.0744,3,4,0
ORD000093039,2026-08-22 00:48:47,917.57,1,Home,0.0,COD,49.0,CUST025699,958,1,0,865643,Courier_B,2,0.2271,1,1,0
ORD000090144,2026-08-16 13:34:35,762.48,4,Apparel,0.0,Net Banking,0.0,CUST016181,313,3,0,195250,Courier_A,1,0.4019,0,4,0
ORD000093704,2026-08-23 05:39:16,698.97,1,Electronics,0.0,Debit Card,0.0,CUST008153,156,3,0,241810,Courier_A,3,0.2503,2,5,0
ORD000093390,2026-08-22 16:42:16,504.81,3,Apparel,18.17,COD,49.0,CUST004873,454,3,0,782085,Courier_B,2,0.328,0,5,0
ORD000094161,2026-08-24 03:48:04,1087.41,3,Home,10.06,COD,39.0,CUST012509,27,3,0,847515,Courier_C,1,0.192,0,3,0
ORD000091408,2026-08-18 23:06:52,1283.56,1,Apparel,0.0,COD,29.0,CUST021361,109,3,0,848646,Courier_E,3,0.0912,1,5,0
ORD000086474,2026-08-09 18:01:05,633.81,2,Beauty,0.0,COD,49.0,CUST019868,121,1,0,348063,Courier_C,3,0.1907,1,1,1
ORD000098147,2026-08-31 13:43:38,1218.18,4,Apparel,0.0,Debit Card,0.0,CUST006698,3650,6,0,684997,Courier_B,2,0.2339,2,1,0
ORD000099618,2026-09-03 06:55:02,1054.04,3,Electronics,0.0,COD,29.0,CUST010796,367,6,0,577652,Courier_D,3,0.1541,0,1,0
ORD000098633,2026-09-01 12:05:41,385.56,3,Electronics,24.19,UPI,0.0,CUST016604,48,3,0,137421,Courier_E,2,0.0933,3,1,0
ORD000094548,2026-08-24 20:36:15,500.73,3,Apparel,0.0,COD,79.0,CUST007996,254,4,0,853073,Courier_D,3,0.3929,1,1,1
ORD000092902,2026-08-21 18:26:40,392.52,1,Home,0.0,Debit Card,0.0,CUST011173,683,4,0,615198,Courier_A,2,0.0577,2,2,0
ORD000089140,2026-08-14 17:23:48,332.29,5,Footwear,9.85,COD,39.0,CUST014823,421,5,0,953629,Courier_A,1,0.0229,1,1,1
ORD000089024,2026-08-14 12:00:20,1129.52,1,Electronics,0.0,Credit Card,0.0,CUST017978,140,2,0,343652,Courier_E,1,0.4698,2,1,0
ORD000093379,2026-08-22 16:12:20,1781.07,2,Apparel,0.0,COD,39.0,CUST014888,144,4,0,353929,Courier_E,2,0.3216,0,1,0
ORD000089547,2026-08-15 11:13:01,492.48,1,Footwear,0.0,COD,79.0,CUST014928,202,4,2,877386,Courier_A,3,0.2297,2,1,1
ORD000086751,2026-08-10 06:20:23,478.55,3,Footwear,0.0,COD,39.0,CUST025169,768,2,0,788240,Courier_A,1,0.1519,0,1,1
ORD000095666,2026-08-26 23:48:10,2344.73,1,Beauty,40.6,UPI,0.0,CUST004136,275,4,0,793758,Courier_C,1,0.1528,2,1,1
ORD000089363,2026-08-15 02:55:51,668.64,3,Jewelry,32.23,COD,49.0,CUST013639,446,3,0,465917,Courier_C,1,0.1099,4,1,0
ORD000091895,2026-08-19 22:12:59,1171.77,1,Beauty,29.41,Credit Card,0.0,CUST001247,1261,3,1,221043,Courier_C,2,0.1939,3,1,0
ORD000098312,2026-08-31 21:37:54,1570.39,1,Beauty,0.0,COD,39.0,CUST014915,227,6,0,254111,Courier_C,2,0.0,0,1,0
ORD000098694,2026-09-01 14:28:41,359.06,3,Home,4.45,UPI,0.0,CUST014438,693,4,0,774402,Courier_B,2,0.1397,1,1,0
ORD000099277,2026-09-02 15:12:58,65.24,2,Beauty,0.0,Debit Card,0.0,CUST019467,322,5,1,436577,Courier_B,2,0.0996,1,5,0
ORD000096659,2026-08-28 18:06:01,478.26,2,Electronics,28.02,COD,49.0,CUST029090,233,6,1,227041,Courier_C,1,0.2188,3,1,1
ORD000098471,2026-09-01 04:29:18,859.94,2,Electronics,25.84,UPI,0.0,CUST026837,143,4,1,229422,Courier_E,1,0.1856,0,13,0
ORD000099748,2026-09-03 12:28:19,502.62,1,Electronics,35.42,COD,79.0,CUST029629,223,5,1,813189,Courier_C,3,0.1839,2,1,0
ORD000085024,2026-08-06 23:02:15,387.82,3,Footwear,0.0,COD,29.0,CUST024909,115,4,0,370685,Courier_D,2,0.1972,3,1,0
ORD000099184,2026-09-02 11:35:36,757.25,4,Beauty,39.42,COD,39.0,CUST017561,79,2,0,357643,Courier_B,2,0.3463,1,1,1
ORD000089267,2026-08-14 22:39:57,3321.68,1,Apparel,0.0,COD,59.0,CUST015040,42,3,0,161063,Courier_B,3,0.1665,1,1,0
ORD000089838,2026-08-15 23:31:27,226.71,4,Apparel,19.46,COD,29.0,CUST022870,853,5,1,620174,Courier_B,2,0.0693,2,1,1
ORD000091034,2026-08-18 05:06:09,723.12,2,Beauty,20.23,Credit Card,0.0,CUST023408,44,1,0,501851,Courier_C,3,0.2461,1,4,0
ORD000092324,2026-08-20 17:35:08,913.12,3,Apparel,11.1,Debit Card,0.0,CUST014606,243,2,0,823499,Courier_C,1,0.0376,1,1,0
ORD000094258,2026-08-24 07:59:58,1156.86,1,Footwear,0.0,UPI,0.0,CUST028640,202,4,1,494711,Courier_A,3,0.4888,2,1,0
ORD000095686,2026-08-27 00:24:17,928.42,1,Footwear,5.59,UPI,0.0,CUST023085,167,4,0,515308,Courier_E,3,0.1472,0,2,0
ORD000095993,2026-08-27 14:08:12,321.09,1,Home,10.88,UPI,0.0,CUST012316,470,3,0,330200,Courier_E,3,0.2002,0,1,0
ORD000088907,2026-08-14 05:57:50,249.72,3,Footwear,16.72,UPI,0.0,CUST010358,312,6,0,727548,Courier_E,3,0.3647,1,1,0
ORD000093288,2026-08-22 11:42:23,1647.87,3,Electronics,0.0,UPI,0.0,CUST002961,177,4,0,697772,Courier_A,1,0.0,1,4,0
ORD000091350,2026-08-18 20:45:34,794.25,1,Beauty,9.46,Credit Card,0.0,CUST000114,19,1,0,634127,Courier_D,2,0.1758,1,18,1
ORD000094595,2026-08-24 22:46:37,1089.56,3,Footwear,4.59,COD,49.0,CUST008949,128,5,0,467924,Courier_D,3,0.1055,2,1,0
ORD000088873,2026-08-14 04:45:37,451.48,3,Beauty,5.58,UPI,0.0,CUST029035,814,2,0,870294,Courier_D,1,0.2884,0,1,0
ORD000090575,2026-08-17 08:16:43,1060.4,2,Apparel,15.9,UPI,0.0,CUST013611,297,5,0,385326,Courier_E,2,0.2391,3,1,0
ORD000091711,2026-08-19 15:09:21,1914.09,1,Apparel,0.0,UPI,0.0,CUST006135,694,0,0,533723,Courier_B,2,0.2213,3,1,0
ORD000096139,2026-08-27 20:01:47,2668.57,2,Electronics,0.0,Debit Card,0.0,CUST022356,48,2,1,177611,Courier_E,3,0.2511,2,1,0
ORD000093331,2026-08-22 14:03:34,420.8,3,Home,26.48,Debit Card,0.0,CUST014632,74,5,0,209703,Courier_D,3,0.3434,2,1,0
ORD000094746,2026-08-25 05:30:47,2044.16,3,Apparel,14.85,Credit Card,0.0,CUST015576,98,5,0,806683,Courier_C,2,0.1822,2,1,0
ORD000086601,2026-08-09 23:37:04,347.7,2,Electronics,22.88,COD,39.0,CUST020525,1259,3,0,570736,Courier_E,3,0.0636,4,1,0
ORD000089484,2026-08-15 08:17:06,526.51,5,Electronics,36.21,COD,39.0,CUST022673,54,3,0,509880,Courier_B,1,0.2144,1,3,1
ORD000096085,2026-08-27 17:38:26,966.0,1,Apparel,0.0,COD,49.0,CUST028249,0,0,0,969852,Courier_D,2,0.2656,2,16,1
ORD000086671,2026-08-10 02:41:55,724.81,2,Home,1.16,COD,20.0,CUST023400,417,4,0,519606,Courier_C,2,0.0581,0,1,0
ORD000090667,2026-08-17 12:23:33,917.56,2,Footwear,0.0,Net Banking,0.0,CUST017925,1509,2,0,514284,Courier_A,1,0.3257,2,1,0
ORD000097128,2026-08-29 14:41:18,814.45,3,Apparel,37.58,COD,39.0,CUST001994,715,3,1,323441,Courier_B,1,0.2574,3,1,1
ORD000096068,2026-08-27 16:50:10,342.14,2,Footwear,3.03,COD,49.0,CUST029978,57,1,1,794791,Courier_C,1,0.4426,0,1,1
ORD000095867,2026-08-27 08:58:04,402.1,5,Jewelry,0.0,UPI,0.0,CUST008387,1010,7,0,504905,Courier_A,3,0.2708,4,1,0
ORD000093995,2026-08-23 20:08:44,186.11,2,Apparel,8.91,COD,49.0,CUST018855,740,1,1,516468,Courier_B,2,0.2073,2,1,0
ORD000095396,2026-08-26 11:22:14,315.88,3,Beauty,0.0,UPI,0.0,CUST011795,102,6,1,360723,Courier_A,2,0.1752,0,1,0
ORD000087161,2026-08-10 23:50:19,321.79,2,Beauty,0.0,COD,29.0,CUST015871,70,2,0,931819,Courier_B,3,0.265,1,1,1
ORD000094757,2026-08-25 05:56:39,1326.02,1,Electronics,17.65,COD,49.0,CUST027581,108,4,0,549078,Courier_D,1,0.1866,1,5,0
ORD000087426,2026-08-11 12:43:06,926.62,3,Home,0.0,Net Banking,0.0,CUST013224,115,6,0,798962,Courier_A,1,0.4126,4,9,0
ORD000089160,2026-08-14 18:18:18,1056.26,6,Apparel,0.0,COD,29.0,CUST010344,399,2,1,996684,Courier_A,3,0.1435,0,1,0
ORD000091177,2026-08-18 12:04:47,437.02,4,Footwear,23.44,COD,79.0,CUST007096,424,3,0,476501,Courier_D,2,0.1907,2,1,0
ORD000091097,2026-08-18 08:05:56,1217.4,1,Home,21.22,COD,39.0,CUST015306,478,2,0,501851,Courier_C,3,0.2536,1,1,0
ORD000099223,2026-09-02 12:59:28,317.76,3,Footwear,34.29,COD,49.0,CUST024703,404,3,0,630889,Courier_B,1,0.1211,2,15,0
ORD000091998,2026-08-20 02:26:32,213.74,2,Electronics,0.0,COD,29.0,CUST019116,191,3,0,585787,Courier_E,1,0.0953,1,1,1
ORD000089211,2026-08-14 20:28:18,732.71,3,Electronics,24.49,UPI,0.0,CUST006742,463,4,0,467924,Courier_B,3,0.1007,2,1,0
ORD000095659,2026-08-26 23:28:22,380.63,2,Footwear,16.46,UPI,0.0,CUST003895,58,3,0,861837,Courier_E,3,0.3477,3,3,0
ORD000091910,2026-08-19 22:51:34,1836.46,6,Apparel,10.6,COD,39.0,CUST009430,1029,3,0,902957,Courier_B,2,0.0873,2,1,0
ORD000086551,2026-08-09 21:35:40,221.2,2,Jewelry,16.62,Credit Card,0.0,CUST027681,0,0,0,842688,Courier_B,2,0.3724,1,1,0
ORD000091484,2026-08-19 03:05:07,772.55,2,Home,0.0,COD,59.0,CUST028091,82,3,0,527649,Courier_A,1,0.2483,0,3,0
ORD000095823,2026-08-27 07:03:19,888.15,2,Home,12.6,COD,79.0,CUST017251,1343,2,1,673226,Courier_B,3,0.1336,0,1,0
ORD000090090,2026-08-16 11:33:58,1078.44,2,Apparel,10.68,UPI,0.0,CUST002181,340,4,0,353929,Courier_E,2,0.2956,2,4,0
ORD000087355,2026-08-11 09:40:43,801.82,2,Jewelry,44.17,COD,59.0,CUST017525,300,2,0,628425,Courier_B,3,0.0662,1,1,0
ORD000087130,2026-08-10 22:42:16,1023.03,3,Apparel,7.06,Credit Card,0.0,CUST029646,184,5,1,798962,Courier_D,1,0.4179,0,1,1
ORD000093850,2026-08-23 12:33:16,393.4,1,Footwear,0.0,COD,39.0,CUST006997,231,5,0,631761,Courier_B,3,0.4247,2,1,1
ORD000094003,2026-08-23 20:29:46,951.41,2,Apparel,29.34,COD,49.0,CUST001029,327,4,0,228695,Courier_D,3,0.0634,2,3,0
ORD000088668,2026-08-13 19:28:17,1178.02,1,Home,0.0,COD,39.0,CUST024871,227,5,0,222847,Courier_A,2,0.2736,2,1,0
ORD000096817,2026-08-29 00:27:43,221.58,4,Apparel,0.0,UPI,0.0,CUST000506,60,2,1,806683,Courier_C,2,0.1785,1,1,0
ORD000096060,2026-08-27 16:28:22,1219.32,1,Beauty,6.84,COD,79.0,CUST009723,263,3,0,931819,Courier_B,3,0.3221,3,1,1
ORD000095449,2026-08-26 13:07:42,523.34,3,Electronics,23.84,COD,20.0,CUST019906,309,6,1,636916,Courier_B,1,0.1107,0,1,0
ORD000085991,2026-08-08 20:10:24,2680.01,3,Electronics,0.0,UPI,0.0,CUST005477,1558,3,0,552806,Courier_C,2,0.3798,1,7,0
ORD000089476,2026-08-15 08:03:53,5157.98,1,Home,6.63,Credit Card,0.0,CUST009986,1332,4,0,717284,Courier_C,3,0.2727,1,5,0
ORD000096812,2026-08-29 00:10:23,315.33,1,Beauty,0.0,Debit Card,0.0,CUST002904,37,2,1,963727,Courier_D,2,0.0537,3,1,0
ORD000088834,2026-08-14 02:52:31,490.37,2,Apparel,8.36,Net Banking,0.0,CUST008733,352,3,0,430623,Courier_B,2,0.4264,2,2,0
ORD000094428,2026-08-24 15:21:55,264.89,3,Beauty,0.0,UPI,0.0,CUST009905,0,0,0,233128,Courier_A,2,0.1301,0,1,0
ORD000094111,2026-08-24 01:22:09,657.84,3,Beauty,0.0,Debit Card,0.0,CUST018038,351,4,1,198172,Courier_E,1,0.3986,2,1,0
ORD000099192,2026-09-02 11:50:36,1863.88,3,Footwear,0.0,COD,49.0,CUST028685,201,3,0,369772,Courier_B,3,0.247,1,1,0
ORD000085409,2026-08-07 17:01:50,425.07,2,Footwear,0.0,COD,49.0,CUST020028,64,5,0,738553,Courier_B,3,0.1511,3,1,0
ORD000094394,2026-08-24 13:52:57,1195.57,3,Electronics,0.0,Debit Card,0.0,CUST007594,16,5,0,248039,Courier_B,2,0.1769,1,1,0
ORD000092697,2026-08-21 10:04:46,1335.84,1,Electronics,25.18,Debit Card,0.0,CUST018964,123,3,0,523989,Courier_B,2,0.1196,2,1,0
ORD000094882,2026-08-25 11:21:56,851.13,2,Footwear,0.0,UPI,0.0,CUST004844,615,6,0,563213,Courier_B,2,0.2392,5,1,1
ORD000097083,2026-08-29 12:28:42,361.22,1,Electronics,0.0,Credit Card,0.0,CUST028892,658,3,1,570736,Courier_E,3,0.0594,3,1,0
ORD000085336,2026-08-07 13:12:01,394.1,2,Apparel,0.0,Credit Card,0.0,CUST008691,61,3,0,638422,Courier_A,3,0.2298,1,1,0
ORD000090534,2026-08-17 06:37:25,193.22,2,Apparel,0.0,COD,49.0,CUST004556,55,4,0,664785,Courier_A,3,0.1306,3,1,0
ORD000092528,2026-08-21 02:16:10,1163.18,1,Beauty,0.0,COD,39.0,CUST009490,286,1,0,230606,Courier_C,1,0.0122,4,1,0
ORD000098200,2026-08-31 16:32:50,386.61,2,Apparel,23.06,UPI,0.0,CUST023007,811,2,0,216395,Courier_A,1,0.2988,1,1,0
ORD000086349,2026-08-09 12:09:41,4036.96,3,Apparel,26.62,COD,29.0,CUST010319,1452,1,0,231485,Courier_B,1,0.184,0,1,0
ORD000097731,2026-08-30 19:36:09,694.86,1,Footwear,16.01,Credit Card,0.0,CUST001205,52,1,0,945410,Courier_C,1,0.3023,1,5,0
ORD000097553,2026-08-30 10:27:45,578.84,1,Beauty,0.0,UPI,0.0,CUST025194,424,3,0,591396,Courier_B,1,0.3315,2,1,1
ORD000096451,2026-08-28 08:44:11,254.28,2,Beauty,31.1,COD,20.0,CUST027399,196,3,0,436093,Courier_D,1,0.1003,0,1,0
ORD000092644,2026-08-21 07:43:17,242.3,3,Home,15.77,UPI,0.0,CUST026661,197,5,0,577420,Courier_B,3,0.2065,2,3,0
ORD000093187,2026-08-22 07:35:20,1468.97,1,Beauty,0.0,UPI,0.0,CUST019003,385,6,0,438706,Courier_C,1,0.173,2,3,0
ORD000096294,2026-08-28 02:21:33,915.82,2,Apparel,9.63,COD,49.0,CUST007378,236,4,0,396628,Courier_C,2,0.1528,1,1,0
ORD000085626,2026-08-08 03:25:14,1237.01,1,Apparel,13.46,Credit Card,0.0,CUST028142,219,3,0,964927,Courier_C,2,0.3351,3,1,1
ORD000098433,2026-09-01 03:04:00,400.91,1,Apparel,15.13,COD,59.0,CUST015637,196,1,0,127709,Courier_B,2,0.2738,1,1,1
ORD000096289,2026-08-28 02:04:12,2870.05,2,Apparel,9.4,Credit Card,0.0,CUST027712,40,2,0,463607,Courier_B,2,0.4116,1,19,0
ORD000090631,2026-08-17 10:52:05,865.49,2,Electronics,48.14,Credit Card,0.0,CUST000458,575,7,0,794324,Courier_B,1,0.0648,1,1,0
ORD000089083,2026-08-14 14:57:05,655.23,4,Electronics,0.0,COD,29.0,CUST027470,170,2,0,192985,Courier_E,3,0.218,2,5,1
ORD000090770,2026-08-17 17:25:07,797.17,1,Apparel,2.89,COD,29.0,CUST013374,972,1,0,654615,Courier_A,3,0.0696,1,1,0
ORD000096257,2026-08-28 00:47:38,864.94,2,Electronics,6.34,COD,39.0,CUST014454,570,2,0,368724,Courier_C,1,0.5719,2,1,1
ORD000090826,2026-08-17 19:20:59,677.91,2,Electronics,32.45,COD,59.0,CUST014241,561,3,0,645986,Courier_A,1,0.2729,4,1,1
ORD000092180,2026-08-20 10:55:25,626.76,1,Home,0.0,COD,99.0,CUST004892,803,6,0,385214,Courier_C,3,0.2974,4,4,0
ORD000086389,2026-08-09 13:46:01,616.8,3,Electronics,0.0,COD,79.0,CUST021977,1930,2,0,577652,Courier_B,3,0.2289,1,4,0
ORD000089418,2026-08-15 05:18:56,1150.03,4,Electronics,0.0,Credit Card,0.0,CUST015142,186,4,0,287382,Courier_A,1,0.111,1,1,0
ORD000086274,2026-08-09 09:03:07,823.41,4,Apparel,9.89,UPI,0.0,CUST028960,155,4,1,659264,Courier_B,2,0.3331,2,1,0
ORD000087369,2026-08-11 10:10:03,154.3,3,Home,16.95,Net Banking,0.0,CUST025066,595,4,0,252402,Courier_A,1,0.0568,0,1,0
ORD000089738,2026-08-15 18:45:17,1508.74,2,Footwear,7.95,COD,39.0,CUST008400,384,1,0,581702,Courier_B,2,0.1479,2,2,0
ORD000090583,2026-08-17 08:27:11,165.63,2,Apparel,19.63,Net Banking,0.0,CUST029767,1033,3,0,199508,Courier_B,2,0.4962,1,1,0
ORD000089357,2026-08-15 02:36:06,554.53,1,Beauty,44.97,COD,39.0,CUST019685,168,4,0,117556,Courier_E,3,0.2691,0,1,0
ORD000100000,2026-09-03 23:58:17,738.05,3,Apparel,0.0,Credit Card,0.0,CUST005248,139,5,0,714101,Courier_A,2,0.2913,1,1,0
ORD000094303,2026-08-24 10:12:30,175.14,2,Apparel,39.52,Net Banking,0.0,CUST021066,109,4,0,771609,Courier_A,1,0.5068,4,1,1
ORD000094479,2026-08-24 17:37:54,790.38,2,Electronics,17.12,COD,39.0,CUST023523,55,5,1,238715,Courier_B,2,0.1072,1,1,1
ORD000092732,2026-08-21 11:40:51,1359.23,2,Electronics,0.0,COD,49.0,CUST011485,74,5,1,236238,Courier_B,2,0.3086,3,4,1
ORD000093022,2026-08-21 23:48:36,2033.96,2,Footwear,21.84,UPI,0.0,CUST000014,212,5,1,564162,Courier_C,3,0.1852,3,2,0
ORD000097219,2026-08-29 19:10:15,247.26,1,Apparel,42.45,COD,29.0,CUST006099,38,3,1,533723,Courier_B,2,0.2177,2,1,1
ORD000085446,2026-08-07 18:34:55,858.61,1,Home,0.0,COD,39.0,CUST027824,72,6,0,530251,Courier_A,1,0.1651,3,1,0
ORD000086769,2026-08-10 07:04:46,631.79,2,Apparel,0.0,COD,39.0,CUST023398,1256,4,0,794324,Courier_D,1,0.0494,2,1,0
ORD000099864,2026-09-03 17:33:01,156.32,3,Beauty,0.0,COD,29.0,CUST008307,120,3,2,226229,Courier_E,3,0.0133,1,1,1
ORD000094056,2026-08-23 22:52:34,970.11,2,Apparel,0.0,UPI,0.0,CUST005199,157,4,0,620174,Courier_D,2,0.0598,1,1,0
ORD000086132,2026-08-09 02:01:57,1968.53,2,Home,0.0,UPI,0.0,CUST000977,179,6,0,248039,Courier_A,2,0.2065,1,1,0
ORD000099633,2026-09-03 07:41:47,1333.89,2,Beauty,20.05,Credit Card,0.0,CUST005624,72,3,0,755732,Courier_C,1,0.5174,2,4,0
ORD000085658,2026-08-08 05:00:26,132.62,1,Home,13.15,UPI,0.0,CUST023676,220,1,0,131620,Courier_C,3,0.055,0,1,1
ORD000085269,2026-08-07 10:09:51,3623.48,5,Electronics,0.0,Net Banking,0.0,CUST007776,175,4,0,519606,Courier_A,2,0.0673,3,1,0
ORD000094110,2026-08-24 01:19:01,674.74,2,Apparel,29.93,COD,79.0,CUST003680,697,2,0,880523,Courier_B,3,0.0273,1,2,0
ORD000087880,2026-08-12 09:25:44,1930.56,2,Electronics,10.95,Credit Card,0.0,CUST010090,403,2,0,248039,Courier_D,2,0.1929,4,1,0
ORD000096654,2026-08-28 17:53:37,214.07,3,Electronics,50.9,COD,29.0,CUST015928,96,4,1,768338,Courier_D,1,0.199,2,1,0
ORD000098447,2026-09-01 03:26:20,1281.91,4,Apparel,17.85,UPI,0.0,CUST005343,90,7,0,631761,Courier_A,3,0.4707,1,20,1
ORD000085717,2026-08-08 07:49:51,401.3,1,Beauty,6.42,UPI,0.0,CUST011116,83,3,1,791259,Courier_A,2,0.0386,1,1,0
ORD000091195,2026-08-18 12:51:16,128.74,2,Footwear,16.41,COD,29.0,CUST003279,1663,4,0,227041,Courier_A,1,0.2014,1,1,0
ORD000097374,2026-08-30 02:30:09,277.36,2,Apparel,0.0,Debit Card,0.0,CUST001942,256,3,0,132452,Courier_E,2,0.0524,1,1,0
ORD000086257,2026-08-09 08:12:31,2486.54,3,Beauty,29.98,UPI,0.0,CUST018591,89,0,0,122576,Courier_A,2,0.2451,1,1,0
ORD000098069,2026-08-31 10:22:19,717.29,3,Footwear,29.81,COD,39.0,CUST024796,125,2,0,629455,Courier_A,2,0.3115,1,1,0
ORD000086537,2026-08-09 20:54:00,321.35,2,Apparel,0.0,UPI,0.0,CUST011940,956,1,1,902174,Courier_A,3,0.3145,2,1,0
ORD000099853,2026-09-03 17:07:05,2121.76,2,Jewelry,0.0,Credit Card,0.0,CUST010982,27,3,0,651264,Courier_E,1,0.0859,4,1,0
ORD000097306,2026-08-29 22:54:25,965.33,1,Footwear,22.98,UPI,0.0,CUST025971,324,4,0,339714,Courier_E,2,0.0365,1,3,0
ORD000099209,2026-09-02 12:38:26,613.22,3,Electronics,8.8,UPI,0.0,CUST013967,158,3,0,664100,Courier_B,2,0.26,0,5,0
ORD000086032,2026-08-08 21:26:13,313.91,1,Home,28.53,UPI,0.0,CUST020154,118,5,0,140279,Courier_A,2,0.2916,2,1,0
ORD000085091,2026-08-07 01:45:44,221.53,1,Electronics,0.0,COD,39.0,CUST023131,122,6,1,282330,Courier_A,2,0.4213,3,1,0
ORD000094341,2026-08-24 11:57:21,126.2,2,Electronics,0.0,COD,59.0,CUST010642,410,3,0,823673,Courier_B,3,0.1063,1,1,0
ORD000089118,2026-08-14 16:28:18,317.5,2,Footwear,0.0,UPI,0.0,CUST010795,349,4,0,614147,Courier_C,2,0.1949,0,1,0
ORD000086199,2026-08-09 05:19:15,2371.64,1,Beauty,29.61,Debit Card,0.0,CUST002239,37,2,0,820543,Courier_C,2,0.0138,3,1,0
ORD000097273,2026-08-29 21:29:27,851.09,2,Beauty,34.22,COD,39.0,CUST011607,259,3,1,814732,Courier_D,2,0.0985,1,1,0
ORD000093147,2026-08-22 05:29:08,450.31,2,Apparel,0.0,COD,49.0,CUST020910,922,4,1,486138,Courier_A,2,0.1831,0,1,1
ORD000092734,2026-08-21 11:50:08,429.26,3,Beauty,0.0,COD,39.0,CUST016192,815,2,0,206110,Courier_A,3,0.042,1,1,0
ORD000096646,2026-08-28 17:36:13,253.53,2,Home,0.0,UPI,0.0,CUST018295,101,5,0,771609,Courier_B,1,0.5379,2,1,0
ORD000090380,2026-08-16 23:24:11,696.12,3,Apparel,0.0,Credit Card,0.0,CUST009633,78,4,0,720159,Courier_B,1,0.198,2,3,0
ORD000094291,2026-08-24 09:13:29,841.13,1,Home,0.0,COD,39.0,CUST007682,65,3,0,375123,Courier_B,2,0.0389,1,1,0
ORD000096908,2026-08-29 04:35:00,611.53,2,Apparel,0.0,Debit Card,0.0,CUST021386,56,1,1,195440,Courier_A,2,0.3638,2,1,1
ORD000093513,2026-08-22 21:39:30,1104.75,3,Beauty,19.79,UPI,0.0,CUST023861,434,4,0,981895,Courier_E,1,0.1253,0,5,0
ORD000094109,2026-08-24 01:17:52,425.36,2,Home,4.93,Net Banking,0.0,CUST016126,428,7,1,507886,Courier_D,2,0.1063,2,1,0
ORD000094195,2026-08-24 05:10:40,442.41,3,Beauty,0.0,UPI,0.0,CUST020833,224,2,0,264116,Courier_B,3,0.2636,2,1,0
ORD000095978,2026-08-27 13:19:17,581.89,1,Apparel,37.76,COD,20.0,CUST007157,142,3,1,157373,Courier_D,3,0.6194,0,1,1
ORD000092560,2026-08-21 03:43:07,554.13,4,Beauty,41.54,Debit Card,0.0,CUST000397,69,3,0,196893,Courier_C,1,0.229,2,5,0
ORD000085062,2026-08-07 00:21:45,851.31,2,Electronics,21.03,UPI,0.0,CUST020403,253,2,0,858870,Courier_C,1,0.26,0,1,0
ORD000098545,2026-09-01 07:41:12,364.82,1,Beauty,0.0,UPI,0.0,CUST012970,275,4,0,665395,Courier_C,1,0.1797,0,4,0
ORD000090737,2026-08-17 15:41:58,1750.51,2,Apparel,9.31,COD,29.0,CUST024871,227,6,0,491298,Courier_D,1,0.1717,4,1,1
ORD000089986,2026-08-16 06:22:58,230.23,1,Apparel,21.26,Credit Card,0.0,CUST020424,158,1,0,576694,Courier_D,2,0.1643,1,1,0
ORD000091831,2026-08-19 19:42:10,388.13,4,Footwear,22.92,COD,39.0,CUST026173,409,6,0,120506,Courier_A,3,0.1379,0,1,0
ORD000089815,2026-08-15 22:31:20,556.79,6,Electronics,46.64,Debit Card,0.0,CUST022479,493,0,0,324340,Courier_A,1,0.0596,1,1,0
ORD000091162,2026-08-18 11:17:38,719.19,3,Home,5.36,COD,49.0,CUST023093,240,1,0,770577,Courier_A,3,0.289,2,1,1
ORD000091811,2026-08-19 19:11:12,360.15,1,Home,22.75,UPI,0.0,CUST021054,829,3,0,673226,Courier_C,3,0.168,2,1,0
ORD000095473,2026-08-26 14:48:46,341.77,1,Footwear,9.5,COD,29.0,CUST022110,124,6,1,491298,Courier_D,1,0.144,1,1,1
ORD000090217,2026-08-16 16:23:49,2481.53,1,Footwear,0.0,UPI,0.0,CUST014268,176,5,0,848275,Courier_B,2,0.0779,2,1,0
ORD000087004,2026-08-10 17:41:49,789.64,5,Footwear,14.67,UPI,0.0,CUST017958,143,4,0,476547,Courier_B,3,0.0834,2,3,0
ORD000095711,2026-08-27 01:43:30,2422.35,2,Apparel,14.76,UPI,0.0,CUST022885,420,3,0,475091,Courier_E,1,0.1015,1,1,0
ORD000088644,2026-08-13 18:31:32,375.39,1,Beauty,0.0,Debit Card,0.0,CUST005402,0,0,0,645986,Courier_A,1,0.2658,2,4,0
ORD000085826,2026-08-08 12:36:55,4748.21,3,Footwear,0.0,UPI,0.0,CUST011179,73,6,2,963727,Courier_D,2,0.0416,0,1,0
ORD000091716,2026-08-19 15:20:48,107.84,2,Beauty,35.69,Debit Card,0.0,CUST013959,885,5,0,261232,Courier_D,3,0.0969,1,2,0
ORD000098384,2026-09-01 00:20:41,481.98,1,Electronics,32.54,COD,29.0,CUST021412,201,7,0,369772,Courier_C,3,0.2563,4,1,0
ORD000089069,2026-08-14 14:02:18,495.16,2,Jewelry,0.0,COD,99.0,CUST023406,1340,1,1,324722,Courier_B,1,0.125,1,1,0
ORD000092663,2026-08-21 08:46:04,496.01,1,Footwear,14.08,COD,49.0,CUST018443,453,2,0,461780,Courier_D,3,0.1711,1,1,0
ORD000095945,2026-08-27 12:01:54,789.97,2,Electronics,0.0,COD,49.0,CUST009068,831,3,0,749451,Courier_B,3,0.3067,3,1,0
ORD000099521,2026-09-03 02:54:24,1346.2,2,Footwear,10.64,Credit Card,0.0,CUST005914,137,4,0,189160,Courier_A,2,0.5862,1,1,1
ORD000097393,2026-08-30 03:22:30,604.07,1,Apparel,0.0,UPI,0.0,CUST009449,168,3,0,398177,Courier_C,3,0.3895,0,4,0
ORD000094640,2026-08-25 00:54:12,301.91,3,Apparel,0.0,Debit Card,0.0,CUST021250,410,4,0,321283,Courier_B,1,0.1654,1,1,0
ORD000098989,2026-09-02 03:04:19,286.78,1,Apparel,6.9,Credit Card,0.0,CUST029253,558,2,0,664785,Courier_D,3,0.1732,2,4,0
ORD000095275,2026-08-26 06:23:39,1414.2,2,Electronics,14.03,Net Banking,0.0,CUST021340,49,3,0,263224,Courier_B,2,0.392,3,3,0
ORD000090661,2026-08-17 12:10:17,874.84,2,Footwear,0.0,UPI,0.0,CUST011739,140,4,0,591396,Courier_C,1,0.3477,1,1,0
ORD000097780,2026-08-30 21:23:56,408.75,3,Beauty,9.78,COD,59.0,CUST013186,637,4,0,971241,Courier_B,2,0.2921,1,1,0
ORD000087976,2026-08-12 12:52:37,597.0,3,Footwear,0.0,COD,20.0,CUST014561,202,2,0,513724,Courier_C,2,0.3907,0,3,0
ORD000094799,2026-08-25 07:45:44,2688.69,3,Electronics,20.01,UPI,0.0,CUST025754,347,5,0,630889,Courier_A,1,0.2226,0,1,0
ORD000095455,2026-08-26 13:29:28,873.6,3,Beauty,13.49,COD,39.0,CUST013120,63,4,1,914384,Courier_C,2,0.3367,3,1,0
ORD000092063,2026-08-20 05:17:33,312.72,1,Footwear,21.68,COD,49.0,CUST009920,117,1,0,168637,Courier_A,2,0.2441,6,1,0
ORD000096321,2026-08-28 03:56:41,1177.83,3,Home,0.0,Credit Card,0.0,CUST015577,34,5,1,494006,Courier_D,3,0.1565,2,1,1
ORD000089525,2026-08-15 10:25:38,254.33,1,Electronics,0.0,COD,59.0,CUST008313,0,0,0,709496,Courier_D,3,0.0319,1,1,0
ORD000093767,2026-08-23 08:01:34,419.76,1,Electronics,11.09,UPI,0.0,CUST019449,108,4,0,976012,Courier_E,1,0.1262,1,1,0
ORD000089001,2026-08-14 11:04:09,1148.02,2,Footwear,0.0,Net Banking,0.0,CUST018321,172,5,0,427170,Courier_C,3,0.0333,0,1,0
ORD000093130,2026-08-22 04:49:01,1575.71,3,Electronics,0.0,Debit Card,0.0,CUST011197,389,6,0,748905,Courier_A,2,0.1875,0,2,0
ORD000092764,2026-08-21 13:07:31,1029.71,2,Apparel,32.16,UPI,0.0,CUST028163,535,1,0,316724,Courier_E,1,0.1135,0,1,0
ORD000096999,2026-08-29 08:48:24,733.9,2,Home,0.0,COD,39.0,CUST004560,203,5,0,749451,Courier_A,3,0.2702,2,18,0
ORD000099384,2026-09-02 20:09:21,362.64,1,Electronics,0.0,Debit Card,0.0,CUST014057,167,3,0,263269,Courier_B,1,0.2378,2,4,0
ORD000092658,2026-08-21 08:14:41,696.78,2,Footwear,0.0,Credit Card,0.0,CUST011399,373,1,0,934214,Courier_A,2,0.2444,1,15,0
ORD000091900,2026-08-19 22:28:12,576.1,1,Beauty,0.0,COD,49.0,CUST020074,368,2,0,714101,Courier_D,2,0.2408,2,1,0
ORD000098652,2026-09-01 12:58:39,198.41,3,Apparel,42.82,Credit Card,0.0,CUST003825,779,5,1,120421,Courier_E,3,0.2161,1,1,0
ORD000092531,2026-08-21 02:24:46,316.5,3,Beauty,5.24,COD,39.0,CUST024253,583,4,0,848275,Courier_C,2,0.083,3,1,0
ORD000085191,2026-08-07 06:00:04,427.64,1,Apparel,0.0,Net Banking,0.0,CUST026906,134,5,0,712336,Courier_D,3,0.0878,2,1,0
ORD000091691,2026-08-19 14:17:27,818.93,2,Apparel,25.89,COD,39.0,CUST014613,47,1,0,654615,Courier_C,3,0.1254,1,1,1
ORD000085238,2026-08-07 08:21:17,300.86,3,Jewelry,15.67,Debit Card,0.0,CUST026900,288,1,0,753798,Courier_E,2,0.1112,0,2,0
ORD000098165,2026-08-31 14:42:04,4376.28,2,Beauty,0.0,COD,39.0,CUST010863,434,4,0,490206,Courier_C,3,0.2836,2,1,0
ORD000092396,2026-08-20 20:40:31,605.42,2,Home,0.0,UPI,0.0,CUST016626,135,7,1,590119,Courier_A,3,0.1199,0,1,0
ORD000095892,2026-08-27 09:47:19,366.6,2,Apparel,0.0,UPI,0.0,CUST029601,190,5,0,248547,Courier_B,1,0.1005,1,1,0
ORD000087222,2026-08-11 02:49:07,444.48,1,Jewelry,0.0,COD,39.0,CUST024561,129,3,0,954194,Courier_A,1,0.0,1,4,0
ORD000089939,2026-08-16 04:13:47,374.16,3,Beauty,27.14,COD,39.0,CUST002193,1004,3,0,865292,Courier_B,1,0.3276,3,1,0
ORD000099565,2026-09-03 04:43:42,2110.55,3,Apparel,18.63,Credit Card,0.0,CUST001454,256,4,1,629455,Courier_A,2,0.286,2,1,0
ORD000093889,2026-08-23 14:47:36,964.82,4,Jewelry,0.0,COD,29.0,CUST029258,284,7,2,373292,Courier_B,3,0.3109,0,1,1
ORD000091398,2026-08-18 22:44:10,730.49,3,Beauty,0.0,UPI,0.0,CUST024692,347,6,1,394625,Courier_E,1,0.1818,1,1,1
ORD000099414,2026-09-02 21:28:01,573.48,3,Beauty,17.69,UPI,0.0,CUST004119,65,8,0,237862,Courier_A,1,0.1695,1,1,0
ORD000094995,2026-08-25 16:45:13,253.84,1,Apparel,0.0,COD,59.0,CUST008231,315,5,0,378752,Courier_A,1,0.0453,1,1,0
ORD000099880,2026-09-03 18:07:37,1050.4,2,Apparel,0.0,COD,49.0,CUST012742,342,2,0,486138,Courier_D,2,0.1905,3,4,0
ORD000089025,2026-08-14 12:01:31,700.85,2,Electronics,0.0,Credit Card,0.0,CUST004822,125,6,0,543559,Courier_D,1,0.1066,1,5,0
ORD000095239,2026-08-26 04:43:48,277.6,2,Electronics,12.86,UPI,0.0,CUST027192,108,6,0,159870,Courier_B,2,0.355,0,1,1
ORD000092497,2026-08-21 01:18:15,1207.34,2,Apparel,15.04,COD,39.0,CUST025396,127,3,0,839684,Courier_B,1,0.216,2,3,0
ORD000092655,2026-08-21 08:07:45,581.95,3,Apparel,23.88,UPI,0.0,CUST029857,44,6,1,777635,Courier_B,3,0.0965,2,1,0
ORD000085921,2026-08-08 17:27:14,328.6,5,Jewelry,29.49,COD,79.0,CUST010350,311,1,0,436057,Courier_E,2,0.0349,2,1,1
ORD000085205,2026-08-07 06:58:08,593.37,3,Footwear,27.91,COD,79.0,CUST019486,102,4,0,498642,Courier_A,2,0.3838,1,1,1
ORD000098282,2026-08-31 20:20:33,402.94,2,Electronics,0.0,Credit Card,0.0,CUST010040,197,4,1,365062,Courier_D,2,0.2014,1,4,0
ORD000087989,2026-08-12 13:19:14,605.13,3,Apparel,0.0,COD,39.0,CUST022343,73,5,1,525803,Courier_D,2,0.1135,0,1,0
ORD000098136,2026-08-31 13:18:05,877.2,1,Beauty,0.0,UPI,0.0,CUST028943,199,4,0,463515,Courier_C,2,0.5233,2,2,0
ORD000097389,2026-08-30 03:12:25,412.57,3,Beauty,46.32,Credit Card,0.0,CUST005749,458,5,1,734020,Courier_E,3,0.1776,2,1,0
ORD000097390,2026-08-30 03:16:13,449.33,2,Home,12.47,Debit Card,0.0,CUST024402,661,4,0,803895,Courier_A,1,0.1004,2,2,0
ORD000097540,2026-08-30 09:47:11,1277.11,2,Footwear,27.13,UPI,0.0,CUST015429,224,3,0,966251,Courier_B,1,0.1294,0,1,0
ORD000094656,2026-08-25 01:37:03,575.18,2,Electronics,0.0,Net Banking,0.0,CUST022803,129,3,0,504905,Courier_C,3,0.257,0,1,0
ORD000090574,2026-08-17 08:16:26,3703.81,1,Apparel,20.52,COD,39.0,CUST004590,309,3,0,470612,Courier_E,3,0.2007,1,11,1
ORD000099869,2026-09-03 17:52:15,615.68,3,Home,0.0,UPI,0.0,CUST020004,1405,2,0,111069,Courier_A,2,0.5712,0,1,0
ORD000087839,2026-08-12 07:47:34,1213.79,2,Electronics,0.0,UPI,0.0,CUST015418,1974,5,0,476501,Courier_A,2,0.1892,0,1,0
ORD000092789,2026-08-21 13:51:02,151.35,1,Footwear,0.0,Debit Card,0.0,CUST027559,1447,3,0,806986,Courier_A,2,0.1449,1,1,0
ORD000089581,2026-08-15 12:33:47,799.77,2,Beauty,5.64,COD,79.0,CUST000202,432,4,0,762495,Courier_D,1,0.0,0,1,0
ORD000085613,2026-08-08 02:47:56,765.42,1,Home,0.0,UPI,0.0,CUST029646,184,3,1,865292,Courier_B,1,0.3731,1,4,0
ORD000088942,2026-08-14 07:40:47,1272.42,1,Beauty,21.41,COD,59.0,CUST024306,186,4,0,989986,Courier_B,1,0.1383,4,1,0
ORD000095647,2026-08-26 22:47:19,1099.72,1,Electronics,0.0,UPI,0.0,CUST003070,111,4,0,199508,Courier_C,2,0.506,3,1,0
ORD000086638,2026-08-10 01:30:56,220.28,2,Apparel,0.0,COD,49.0,CUST015251,186,3,0,629455,Courier_D,2,0.3464,3,1,1
ORD000099831,2026-09-03 15:59:39,430.41,1,Apparel,19.16,Credit Card,0.0,CUST017225,725,0,0,433068,Courier_A,2,0.239,1,1,0
ORD000089915,2026-08-16 02:52:15,1168.53,3,Electronics,0.0,COD,59.0,CUST027022,93,0,0,213546,Courier_C,2,0.2945,1,5,1
ORD000086135,2026-08-09 02:11:12,831.78,1,Footwear,7.75,COD,59.0,CUST023410,81,6,0,652739,Courier_E,3,0.2205,2,4,1
ORD000093318,2026-08-22 13:40:31,157.55,2,Beauty,16.84,COD,29.0,CUST022278,325,1,0,557486,Courier_B,2,0.0771,0,1,0
ORD000085559,2026-08-08 00:15:15,191.9,1,Home,0.0,UPI,0.0,CUST023768,112,3,0,483080,Courier_B,1,0.3728,0,1,0
ORD000087030,2026-08-10 18:48:17,935.61,2,Electronics,0.0,COD,39.0,CUST008337,177,3,0,213546,Courier_E,2,0.3114,1,4,1
ORD000093392,2026-08-22 16:43:14,924.17,2,Electronics,0.0,UPI,0.0,CUST003972,75,3,0,976012,Courier_A,1,0.0994,1,3,0
ORD000091021,2026-08-18 04:27:56,139.94,4,Apparel,11.99,COD,29.0,CUST017088,1081,5,0,804118,Courier_B,3,0.3246,2,1,1
ORD000094231,2026-08-24 06:48:30,926.92,4,Apparel,0.0,UPI,0.0,CUST009629,339,5,1,226126,Courier_C,2,0.228,0,1,0
ORD000088272,2026-08-13 01:11:50,721.13,2,Footwear,0.0,UPI,0.0,CUST029355,425,3,0,704552,Courier_B,3,0.1656,3,1,1
ORD000093860,2026-08-23 12:52:00,212.2,2,Jewelry,40.24,COD,59.0,CUST002208,231,4,1,250136,Courier_D,1,0.2096,1,1,1
ORD000092336,2026-08-20 18:16:38,2601.09,1,Apparel,20.38,Credit Card,0.0,CUST026060,310,6,0,865643,Courier_D,2,0.2116,2,1,0
ORD000087772,2026-08-12 04:46:21,762.3,3,Apparel,0.0,UPI,0.0,CUST021604,330,1,0,356115,Courier_E,2,0.3281,3,1,0
ORD000096518,2026-08-28 12:05:12,649.31,2,Apparel,12.11,Credit Card,0.0,CUST027475,70,0,0,177411,Courier_D,2,0.3791,3,1,0
ORD000092981,2026-08-21 21:32:40,627.2,3,Electronics,0.0,COD,49.0,CUST004319,142,1,0,865292,Courier_A,1,0.34,5,1,0
ORD000093408,2026-08-22 17:57:14,616.8,2,Beauty,6.43,Credit Card,0.0,CUST014133,337,2,0,312650,Courier_A,1,0.1564,1,1,0
ORD000085415,2026-08-07 17:18:58,1155.57,2,Footwear,0.0,COD,49.0,CUST029563,193,3,0,531320,Courier_B,2,0.3574,0,1,0
ORD000089354,2026-08-15 02:30:23,193.6,3,Apparel,17.8,COD,29.0,CUST000530,198,3,0,202976,Courier_D,1,0.1119,0,1,0
ORD000085314,2026-08-07 12:18:02,422.49,1,Electronics,0.0,Net Banking,0.0,CUST025770,378,4,0,861511,Courier_A,3,0.2914,3,1,0
ORD000088629,2026-08-13 17:45:02,395.72,1,Apparel,0.0,COD,49.0,CUST020844,278,1,0,177265,Courier_D,2,0.4256,1,2,0
ORD000093538,2026-08-22 22:29:17,942.95,4,Jewelry,0.0,Credit Card,0.0,CUST008939,265,3,1,762495,Courier_B,1,0.0699,4,1,0
ORD000098354,2026-08-31 23:23:31,570.2,1,Home,0.0,COD,59.0,CUST001365,56,0,0,856258,Courier_C,2,0.2953,0,5,0
ORD000090392,2026-08-17 00:05:48,163.93,4,Footwear,18.58,Credit Card,0.0,CUST026963,583,4,0,180236,Courier_E,2,0.0107,4,4,0
ORD000096315,2026-08-28 03:45:08,309.46,3,Home,0.0,Credit Card,0.0,CUST003190,28,3,0,813035,Courier_B,2,0.1891,0,1,0
ORD000091246,2026-08-18 15:27:59,957.28,4,Footwear,0.67,Net Banking,0.0,CUST024890,344,5,0,764844,Courier_A,3,0.1122,3,1,0
ORD000087828,2026-08-12 07:18:30,221.82,5,Footwear,2.39,UPI,0.0,CUST000063,142,3,1,690537,Courier_B,3,0.3736,1,1,0
ORD000091646,2026-08-19 11:45:15,252.48,1,Jewelry,26.4,Credit Card,0.0,CUST012691,50,2,0,218848,Courier_A,2,0.2347,1,1,0
ORD000098882,2026-09-01 21:58:33,369.07,1,Beauty,0.0,UPI,0.0,CUST004305,41,4,0,839684,Courier_C,1,0.2021,1,1,0
ORD000094133,2026-08-24 02:25:55,571.01,1,Apparel,16.59,UPI,0.0,CUST023136,1183,0,0,651264,Courier_B,1,0.0812,1,3,0
ORD000095784,2026-08-27 05:05:13,500.62,1,Beauty,0.0,Debit Card,0.0,CUST009573,72,6,0,374219,Courier_E,3,0.2142,0,1,0
ORD000087629,2026-08-11 22:11:58,431.25,1,Jewelry,3.08,COD,59.0,CUST023341,123,4,1,509880,Courier_D,1,0.1647,2,1,0
ORD000099985,2026-09-03 23:35:47,779.03,1,Apparel,0.0,UPI,0.0,CUST017523,777,2,0,152422,Courier_A,1,0.1554,0,1,0
ORD000097099,2026-08-29 12:59:03,2776.24,1,Beauty,6.84,UPI,0.0,CUST011712,184,3,0,757288,Courier_B,2,0.3154,3,1,0
ORD000093446,2026-08-22 19:29:54,192.1,2,Footwear,0.0,UPI,0.0,CUST025852,1460,2,1,902174,Courier_A,3,0.2801,2,1,1
ORD000088037,2026-08-12 15:18:34,1183.89,3,Apparel,29.22,COD,49.0,CUST009746,692,6,0,132540,Courier_D,3,0.2415,1,1,0
ORD000090548,2026-08-17 07:05:14,751.04,2,Electronics,24.42,UPI,0.0,CUST012912,243,3,0,348817,Courier_E,2,0.1179,2,5,0
ORD000091367,2026-08-18 21:25:18,469.84,4,Beauty,0.0,UPI,0.0,CUST026512,168,4,0,481328,Courier_E,2,0.1439,3,1,0
ORD000091410,2026-08-18 23:11:31,1158.47,1,Jewelry,7.07,COD,20.0,CUST006600,107,4,0,128700,Courier_C,3,0.2678,4,16,0
ORD000095242,2026-08-26 04:49:44,866.68,2,Electronics,0.0,COD,29.0,CUST006625,52,2,0,476634,Courier_A,2,0.1083,0,17,0
ORD000089033,2026-08-14 12:22:52,1153.21,2,Apparel,13.81,Net Banking,0.0,CUST014407,338,6,1,168637,Courier_D,2,0.2137,1,5,0
ORD000092740,2026-08-21 12:14:56,403.11,2,Jewelry,0.0,Net Banking,0.0,CUST000553,0,0,0,159870,Courier_A,2,0.3569,5,1,1
ORD000088454,2026-08-13 10:09:32,1143.32,1,Apparel,0.0,COD,59.0,CUST017871,156,7,0,137421,Courier_A,2,0.086,0,1,0
ORD000088963,2026-08-14 08:49:08,391.5,3,Electronics,7.47,UPI,0.0,CUST010211,284,3,0,355464,Courier_A,2,0.0,1,1,0
ORD000088084,2026-08-12 17:00:02,689.04,1,Footwear,37.91,COD,49.0,CUST027690,67,5,0,823251,Courier_D,1,0.191,1,1,0
ORD000097700,2026-08-30 17:48:58,268.59,1,Beauty,9.6,COD,59.0,CUST023282,611,1,0,745022,Courier_C,1,0.3532,0,4,0
ORD000089360,2026-08-15 02:47:09,1500.25,1,Beauty,0.0,Credit Card,0.0,CUST022245,609,2,0,495265,Courier_B,2,0.4561,0,1,0
ORD000097454,2026-08-30 05:54:20,526.86,3,Home,0.0,COD,29.0,CUST023114,370,4,0,322933,Courier_B,3,0.2981,1,1,0
ORD000095383,2026-08-26 10:50:47,474.44,2,Apparel,0.0,COD,79.0,CUST016924,494,2,0,965874,Courier_C,3,0.2364,0,1,1
ORD000088126,2026-08-12 19:03:11,305.16,2,Electronics,0.0,COD,49.0,CUST010893,101,2,0,371116,Courier_B,1,0.1907,0,1,0
ORD000099606,2026-09-03 06:26:06,715.63,2,Apparel,9.7,COD,29.0,CUST007572,68,4,0,297200,Courier_B,3,0.0893,0,4,1
ORD000097412,2026-08-30 04:10:52,1768.05,3,Footwear,0.0,Net Banking,0.0,CUST022116,149,4,0,660873,Courier_C,1,0.141,3,1,0
ORD000088446,2026-08-13 09:34:33,729.89,1,Beauty,0.0,UPI,0.0,CUST000186,0,0,0,597740,Courier_C,1,0.2841,0,2,0
ORD000089921,2026-08-16 03:17:54,1811.15,2,Home,16.23,UPI,0.0,CUST027051,89,8,0,678032,Courier_E,3,0.458,2,3,0
ORD000089643,2026-08-15 14:46:57,332.26,1,Home,0.0,Debit Card,0.0,CUST008831,154,1,0,209703,Courier_A,3,0.2814,0,1,0
ORD000085486,2026-08-07 20:33:36,1483.92,3,Home,35.76,Credit Card,0.0,CUST023537,41,6,0,902174,Courier_E,3,0.265,1,1,0
ORD000095525,2026-08-26 17:22:28,684.91,2,Beauty,0.0,UPI,0.0,CUST028097,1858,3,1,171266,Courier_B,3,0.2408,0,1,0
ORD000099067,2026-09-02 06:41:16,1034.43,1,Electronics,0.0,Credit Card,0.0,CUST028325,173,1,0,163173,Courier_C,2,0.1055,0,18,0
ORD000095028,2026-08-25 18:14:03,350.77,2,Apparel,0.0,UPI,0.0,CUST016488,282,4,0,983619,Courier_A,1,0.2343,1,1,0
ORD000085134,2026-08-07 04:03:03,2399.41,4,Footwear,8.9,COD,79.0,CUST029183,283,4,1,537642,Courier_C,2,0.0505,2,1,1
ORD000090869,2026-08-17 21:25:29,588.25,1,Electronics,0.0,Credit Card,0.0,CUST011960,281,6,0,716918,Courier_B,3,0.0924,2,1,0
ORD000092572,2026-08-21 04:15:56,1246.17,3,Electronics,0.0,Credit Card,0.0,CUST007952,3650,7,1,639465,Courier_A,3,0.3346,0,2,0
ORD000094697,2026-08-25 03:37:35,758.97,1,Home,0.0,UPI,0.0,CUST021784,72,2,0,209578,Courier_A,1,0.338,2,1,0
ORD000091953,2026-08-20 00:39:41,745.51,2,Home,12.28,UPI,0.0,CUST022214,138,4,1,842688,Courier_C,2,0.3434,1,5,0
ORD000087504,2026-08-11 16:29:08,578.83,1,Beauty,23.58,COD,29.0,CUST014160,832,5,0,558329,Courier_E,2,0.1021,4,1,1
ORD000092282,2026-08-20 15:54:24,853.89,3,Electronics,15.66,UPI,0.0,CUST024576,194,4,1,583754,Courier_C,2,0.108,1,1,0
ORD000097023,2026-08-29 09:59:16,476.17,1,Apparel,0.0,Credit Card,0.0,CUST019740,310,2,0,695078,Courier_C,1,0.0276,1,5,0
ORD000092241,2026-08-20 14:10:36,355.37,2,Footwear,23.49,Credit Card,0.0,CUST016908,72,6,0,981895,Courier_A,1,0.0703,4,1,0
ORD000085056,2026-08-07 00:09:32,734.4,2,Beauty,22.18,COD,39.0,CUST012542,360,1,0,490206,Courier_A,3,0.2954,1,1,1
ORD000093494,2026-08-22 21:02:44,553.78,2,Apparel,19.85,UPI,0.0,CUST023543,222,7,0,104773,Courier_C,1,0.1238,3,1,0
ORD000093610,2026-08-23 01:42:50,1222.52,2,Footwear,39.24,COD,20.0,CUST000660,106,6,0,762977,Courier_C,3,0.5331,1,1,0
ORD000095370,2026-08-26 10:14:45,329.53,3,Apparel,0.0,COD,59.0,CUST002269,217,6,0,590119,Courier_E,3,0.076,1,1,0
ORD000095003,2026-08-25 17:11:57,273.26,3,Electronics,3.84,COD,39.0,CUST027575,267,5,0,314662,Courier_C,1,0.1501,1,1,0
ORD000094967,2026-08-25 15:19:59,248.84,3,Apparel,0.0,Debit Card,0.0,CUST023633,59,3,0,649861,Courier_B,2,0.2084,1,1,0
ORD000096962,2026-08-29 07:04:11,769.91,1,Electronics,0.0,Credit Card,0.0,CUST018568,306,4,0,146484,Courier_C,3,0.1285,2,1,0
ORD000088919,2026-08-14 06:37:05,409.03,1,Jewelry,8.16,Debit Card,0.0,CUST014777,768,4,0,555402,Courier_A,2,0.2755,2,2,0
ORD000087900,2026-08-12 10:09:06,977.11,3,Beauty,0.0,COD,39.0,CUST010728,197,6,0,185715,Courier_E,2,0.0053,3,1,0
ORD000086393,2026-08-09 13:51:20,891.03,3,Apparel,7.62,COD,39.0,CUST009252,355,2,0,924384,Courier_B,1,0.2865,3,1,0
ORD000097186,2026-08-29 17:36:56,1635.8,2,Beauty,0.0,UPI,0.0,CUST024519,363,4,0,616639,Courier_C,2,0.2395,0,1,0
ORD000088571,2026-08-13 15:17:19,271.84,2,Electronics,0.0,Credit Card,0.0,CUST024727,380,4,0,591396,Courier_A,1,0.3074,1,1,0
ORD000099531,2026-09-03 03:15:22,600.75,3,Apparel,20.31,COD,39.0,CUST002748,71,2,0,918349,Courier_D,3,0.1045,3,1,1
ORD000090238,2026-08-16 17:09:31,453.0,3,Home,32.81,Credit Card,0.0,CUST010621,241,3,1,138889,Courier_C,1,0.3101,3,1,0
ORD000098065,2026-08-31 10:13:58,630.06,3,Beauty,0.0,COD,20.0,CUST012652,89,3,0,788240,Courier_A,1,0.1237,5,5,1
ORD000098036,2026-08-31 09:17:00,431.32,2,Home,13.38,COD,39.0,CUST016294,3024,1,0,352917,Courier_A,1,0.1669,3,11,0
ORD000087292,2026-08-11 06:26:50,893.09,2,Apparel,0.0,COD,29.0,CUST028596,50,3,0,578841,Courier_A,3,0.242,3,1,1
ORD000085889,2026-08-08 15:52:07,391.62,3,Home,26.7,COD,39.0,CUST027095,395,3,0,951351,Courier_B,2,0.0834,1,1,0
ORD000099598,2026-09-03 05:52:10,1665.95,1,Beauty,10.76,COD,49.0,CUST010607,1209,2,0,631391,Courier_A,2,0.2228,1,1,0
ORD000087237,2026-08-11 03:45:44,1481.98,2,Apparel,7.03,COD,49.0,CUST008929,68,3,0,799198,Courier_A,3,0.3049,3,1,1
ORD000085036,2026-08-06 23:29:18,315.93,3,Electronics,0.0,COD,49.0,CUST014733,922,5,0,490206,Courier_A,3,0.2796,1,1,0
ORD000093140,2026-08-22 05:12:34,413.74,2,Jewelry,32.49,COD,79.0,CUST020528,0,0,0,263224,Courier_D,2,0.3469,0,1,0
ORD000088855,2026-08-14 03:59:12,844.62,2,Apparel,13.41,UPI,0.0,CUST018994,1692,2,0,154996,Courier_A,2,0.1551,2,1,0
ORD000087781,2026-08-12 05:10:44,571.17,1,Home,27.94,Debit Card,0.0,CUST016990,95,5,0,848713,Courier_A,3,0.3267,1,9,0
ORD000096718,2026-08-28 20:43:57,1060.86,1,Electronics,0.0,COD,29.0,CUST011336,202,2,0,686412,Courier_E,1,0.147,3,1,0
ORD000093671,2026-08-23 03:53:24,1435.93,3,Apparel,8.76,COD,20.0,CUST026167,368,1,1,343810,Courier_B,3,0.2711,3,1,0
ORD000095067,2026-08-25 20:04:57,1023.94,2,Electronics,0.0,UPI,0.0,CUST003654,107,4,0,652761,Courier_A,1,0.239,2,1,0
ORD000090207,2026-08-16 16:00:42,581.3,6,Apparel,0.0,COD,49.0,CUST026675,84,4,0,744635,Courier_C,2,0.3953,0,1,0
ORD000097313,2026-08-29 23:07:42,788.87,2,Electronics,10.66,COD,20.0,CUST021511,276,4,0,864344,Courier_C,1,0.1228,1,1,0
ORD000093614,2026-08-23 01:47:59,463.78,4,Home,20.71,COD,49.0,CUST003147,40,2,0,992549,Courier_B,2,0.2478,1,1,1
ORD000096996,2026-08-29 08:41:35,1041.37,2,Footwear,0.0,UPI,0.0,CUST019150,192,4,0,837709,Courier_A,2,0.219,2,1,0
ORD000090842,2026-08-17 20:06:34,1090.04,2,Beauty,0.0,COD,39.0,CUST005316,221,4,0,111069,Courier_B,2,0.4757,1,1,0
ORD000096489,2026-08-28 10:35:44,1042.33,1,Electronics,32.73,COD,49.0,CUST023692,131,2,0,791259,Courier_A,2,0.067,1,1,0
ORD000098418,2026-09-01 02:12:28,281.64,3,Electronics,13.63,COD,79.0,CUST013138,832,3,0,922291,Courier_C,2,0.298,1,1,1
ORD000094364,2026-08-24 12:47:58,1107.39,3,Home,15.83,UPI,0.0,CUST003686,3061,5,0,321283,Courier_D,1,0.2019,2,1,0
ORD000088679,2026-08-13 19:59:11,1102.19,3,Apparel,25.51,UPI,0.0,CUST012983,479,5,1,104925,Courier_E,2,0.1045,3,2,0
ORD000098653,2026-09-01 12:58:52,903.83,4,Electronics,8.07,Debit Card,0.0,CUST029997,415,1,0,149044,Courier_D,1,0.0464,1,1,0
ORD000096562,2026-08-28 13:44:09,444.7,5,Jewelry,0.0,UPI,0.0,CUST002638,261,4,1,927842,Courier_B,1,0.1291,0,1,0
ORD000089350,2026-08-15 02:13:01,269.37,2,Home,0.0,COD,39.0,CUST003760,1322,1,0,971281,Courier_D,3,0.0764,2,4,0
ORD000098804,2026-09-01 18:40:21,1231.71,3,Electronics,0.0,COD,49.0,CUST006125,49,3,0,847515,Courier_E,1,0.2039,0,1,0
ORD000095916,2026-08-27 10:46:36,1171.34,1,Apparel,0.0,UPI,0.0,CUST008992,50,2,0,666211,Courier_A,1,0.3718,3,1,0
ORD000097769,2026-08-30 21:00:46,1339.05,1,Apparel,0.0,UPI,0.0,CUST020248,54,5,0,911637,Courier_B,1,0.2518,2,3,0
ORD000093961,2026-08-23 18:28:22,678.01,1,Beauty,0.0,UPI,0.0,CUST000943,129,2,0,108917,Courier_D,2,0.2114,2,1,0
ORD000093608,2026-08-23 01:40:03,253.4,3,Home,11.97,COD,99.0,CUST008015,207,4,0,331725,Courier_A,3,0.0455,0,8,0
ORD000091366,2026-08-18 21:23:27,210.17,3,Home,19.62,COD,29.0,CUST017552,209,5,1,545658,Courier_A,3,0.136,1,5,0
ORD000092768,2026-08-21 13:20:58,75.44,2,Jewelry,20.37,Credit Card,0.0,CUST022461,396,2,0,850003,Courier_C,2,0.2638,0,1,0
ORD000099637,2026-09-03 07:53:46,274.19,2,Beauty,23.05,Net Banking,0.0,CUST015480,135,5,0,687179,Courier_B,1,0.2461,3,1,0
ORD000096174,2026-08-27 21:15:48,158.01,2,Footwear,0.0,UPI,0.0,CUST026665,380,2,0,790359,Courier_C,3,0.215,0,1,0
ORD000097903,2026-08-31 02:38:48,412.48,1,Footwear,15.43,COD,49.0,CUST012913,441,1,0,932843,Courier_B,2,0.1691,0,8,0
ORD000086583,2026-08-09 22:40:21,1185.79,1,Apparel,16.53,UPI,0.0,CUST001665,167,1,0,856360,Courier_D,2,0.2301,1,1,0
ORD000087948,2026-08-12 11:57:45,228.1,3,Beauty,10.7,COD,59.0,CUST020254,387,3,0,180236,Courier_A,2,0.0256,0,1,0
ORD000089090,2026-08-14 15:22:41,1192.46,4,Electronics,0.0,COD,49.0,CUST006133,45,4,0,207289,Courier_B,1,0.094,3,5,1
ORD000094509,2026-08-24 18:55:49,377.1,2,Apparel,0.0,COD,39.0,CUST004294,73,1,0,523573,Courier_E,1,0.1435,3,1,1
ORD000089887,2026-08-16 01:38:31,599.33,1,Jewelry,0.0,COD,29.0,CUST012999,465,4,0,616639,Courier_A,2,0.2058,2,1,0
ORD000087470,2026-08-11 15:09:44,147.43,1,Footwear,0.0,UPI,0.0,CUST020304,82,4,0,161063,Courier_D,3,0.1507,4,1,0
ORD000089146,2026-08-14 17:38:35,1104.3,1,Footwear,26.14,UPI,0.0,CUST004135,371,5,0,939425,Courier_B,2,0.1125,2,4,0
ORD000092920,2026-08-21 18:59:17,1263.99,2,Apparel,0.0,COD,49.0,CUST007118,138,2,0,504905,Courier_A,3,0.2486,0,1,0
ORD000098986,2026-09-02 02:49:16,4192.07,4,Apparel,0.0,COD,29.0,CUST003704,326,3,0,631391,Courier_A,2,0.2579,0,1,0
ORD000089151,2026-08-14 17:57:26,1729.21,1,Apparel,0.0,COD,59.0,CUST023390,117,1,0,728214,Courier_D,1,0.2851,2,1,0
ORD000096984,2026-08-29 07:55:30,775.89,4,Electronics,0.99,COD,79.0,CUST022743,540,2,0,178914,Courier_D,2,0.1521,0,1,0
ORD000088568,2026-08-13 15:14:17,465.15,3,Electronics,0.0,COD,49.0,CUST012828,711,7,2,161063,Courier_D,3,0.1654,0,1,0
ORD000086680,2026-08-10 03:08:41,244.49,3,Beauty,37.52,Credit Card,0.0,CUST010468,187,3,0,667890,Courier_B,1,0.1594,3,4,0
ORD000094268,2026-08-24 08:26:34,819.13,5,Footwear,0.0,Credit Card,0.0,CUST007665,584,3,0,206110,Courier_A,3,0.0267,1,1,0
ORD000086391,2026-08-09 13:47:28,917.04,1,Footwear,0.0,COD,79.0,CUST027416,243,3,0,214719,Courier_A,2,0.2349,3,1,0
ORD000097342,2026-08-30 00:32:36,442.45,1,Electronics,21.57,UPI,0.0,CUST026280,246,0,0,838806,Courier_A,3,0.2138,0,1,0
ORD000097091,2026-08-29 12:43:36,436.79,1,Beauty,20.69,COD,49.0,CUST008539,61,3,1,202976,Courier_B,1,0.1185,0,1,0
ORD000099890,2026-09-03 18:50:28,1217.21,1,Electronics,28.6,Debit Card,0.0,CUST028854,85,4,0,787311,Courier_B,2,0.1797,1,1,0
ORD000088802,2026-08-14 01:25:19,1985.65,1,Apparel,8.66,Debit Card,0.0,CUST024271,174,6,0,781551,Courier_A,2,0.1833,2,1,1
ORD000088311,2026-08-13 03:13:33,84.45,2,Home,9.99,UPI,0.0,CUST024935,283,5,1,711151,Courier_A,1,0.1188,2,2,0
ORD000097680,2026-08-30 16:44:04,428.83,2,Apparel,6.8,UPI,0.0,CUST000486,257,4,0,504905,Courier_D,3,0.2282,0,5,0
ORD000097689,2026-08-30 17:26:22,550.21,2,Beauty,25.29,COD,39.0,CUST016038,153,2,0,261232,Courier_E,3,0.1201,4,1,0
ORD000085678,2026-08-08 06:10:51,684.1,2,Home,0.0,COD,49.0,CUST025146,180,2,0,738553,Courier_A,3,0.1556,2,1,0
ORD000098679,2026-09-01 13:57:52,541.65,1,Electronics,19.86,COD,39.0,CUST016102,81,1,0,622669,Courier_D,3,0.2306,1,1,0
ORD000094194,2026-08-24 05:08:24,1487.97,2,Home,0.0,Debit Card,0.0,CUST014518,296,3,0,709428,Courier_A,2,0.1647,1,1,0
ORD000094284,2026-08-24 08:54:34,1303.14,1,Beauty,10.97,COD,99.0,CUST005153,320,2,0,404286,Courier_A,3,0.2727,2,5,0
ORD000098628,2026-09-01 11:52:56,1317.11,2,Apparel,13.73,COD,49.0,CUST010794,265,2,0,787831,Courier_D,2,0.1935,1,1,0
ORD000086974,2026-08-10 16:28:09,709.14,1,Electronics,0.0,COD,59.0,CUST023347,165,3,0,394625,Courier_D,1,0.2256,1,1,1
ORD000090535,2026-08-17 06:45:42,326.2,2,Beauty,14.14,Credit Card,0.0,CUST029940,40,3,0,789126,Courier_A,3,0.3128,1,1,0
ORD000095030,2026-08-25 18:23:53,605.71,3,Beauty,13.72,UPI,0.0,CUST002800,944,1,0,616639,Courier_E,2,0.2282,5,1,0
ORD000092524,2026-08-21 02:04:26,362.87,2,Electronics,7.41,Credit Card,0.0,CUST009250,1105,3,0,964937,Courier_E,2,0.0553,2,1,1
ORD000096934,2026-08-29 05:44:54,1226.51,1,Electronics,0.0,COD,39.0,CUST007907,801,2,0,371116,Courier_A,1,0.2106,1,1,1
ORD000094898,2026-08-25 12:18:35,261.99,2,Footwear,0.0,UPI,0.0,CUST021870,41,3,0,545658,Courier_C,3,0.1402,4,4,0
ORD000088553,2026-08-13 14:42:38,2090.66,1,Jewelry,0.0,UPI,0.0,CUST008377,151,5,0,495265,Courier_C,2,0.4465,2,4,0
ORD000095980,2026-08-27 13:25:06,608.87,1,Home,0.0,UPI,0.0,CUST000743,1553,2,0,195250,Courier_A,1,0.4091,2,3,0
ORD000093252,2026-08-22 10:20:24,246.13,2,Apparel,0.0,COD,29.0,CUST008202,361,2,0,554597,Courier_C,2,0.1179,4,1,1
ORD000099839,2026-09-03 16:28:18,767.56,3,Electronics,8.0,COD,99.0,CUST011687,212,6,0,774402,Courier_A,2,0.1833,1,7,0
ORD000095587,2026-08-26 20:32:59,195.43,2,Home,0.0,COD,49.0,CUST005031,139,4,0,762085,Courier_A,3,0.0335,3,3,0
ORD000090189,2026-08-16 15:18:15,3049.53,2,Footwear,23.72,COD,39.0,CUST017278,802,3,0,229964,Courier_E,2,0.1704,2,1,1
ORD000089295,2026-08-14 23:48:06,2566.96,3,Apparel,33.65,COD,49.0,CUST018382,0,0,0,834514,Courier_D,3,0.2431,2,1,0
ORD000093679,2026-08-23 04:28:59,1429.59,1,Apparel,14.16,COD,29.0,CUST027957,88,2,0,839684,Courier_A,1,0.1912,2,4,0
ORD000090525,2026-08-17 06:04:38,1057.2,2,Electronics,0.0,UPI,0.0,CUST022472,640,3,0,992549,Courier_B,2,0.2417,1,1,1
ORD000091727,2026-08-19 16:00:40,591.78,2,Apparel,19.9,UPI,0.0,CUST024524,2753,7,1,937852,Courier_E,2,0.174,3,1,1
ORD000094065,2026-08-23 23:19:06,1137.03,5,Apparel,0.0,UPI,0.0,CUST002670,35,3,0,523989,Courier_E,2,0.1338,3,1,0
ORD000096723,2026-08-28 20:47:28,83.92,1,Apparel,0.0,COD,49.0,CUST012199,610,4,1,263224,Courier_B,2,0.3578,3,3,0
ORD000099345,2026-09-02 18:32:19,944.98,4,Home,12.53,UPI,0.0,CUST024883,109,4,0,865643,Courier_C,2,0.2419,1,1,0
ORD000092648,2026-08-21 07:46:15,693.72,4,Apparel,0.0,UPI,0.0,CUST010899,235,6,1,773540,Courier_C,3,0.245,0,4,0
ORD000099588,2026-09-03 05:37:19,378.56,2,Apparel,7.8,Credit Card,0.0,CUST022571,112,0,0,827168,Courier_C,3,0.1234,2,6,0
ORD000085104,2026-08-07 02:18:59,475.42,1,Apparel,6.59,COD,79.0,CUST013807,101,1,0,962688,Courier_B,3,0.1585,2,1,0
ORD000086047,2026-08-08 22:13:18,552.07,3,Beauty,14.09,Net Banking,0.0,CUST023959,184,4,0,678032,Courier_C,3,0.4616,0,1,0
ORD000087676,2026-08-12 00:25:06,206.44,2,Apparel,29.67,COD,39.0,CUST017093,0,0,0,554088,Courier_C,2,0.1414,0,1,0
ORD000091815,2026-08-19 19:16:33,1337.62,4,Electronics,0.0,COD,29.0,CUST024976,343,3,0,275250,Courier_A,2,0.1183,3,3,1
ORD000094511,2026-08-24 19:02:39,2275.37,2,Jewelry,0.0,UPI,0.0,CUST014042,135,2,0,597740,Courier_C,1,0.3355,0,1,0
ORD000097387,2026-08-30 03:04:01,605.08,2,Apparel,10.91,COD,39.0,CUST027671,129,1,0,846257,Courier_C,1,0.2405,1,3,1
ORD000094856,2026-08-25 10:00:07,375.98,1,Electronics,23.94,UPI,0.0,CUST026024,267,2,0,522163,Courier_E,3,0.1899,1,1,0
ORD000088032,2026-08-12 15:06:56,463.36,4,Footwear,12.57,UPI,0.0,CUST019497,0,0,0,717340,Courier_B,1,0.458,1,1,0
ORD000096631,2026-08-28 16:40:59,415.34,4,Beauty,0.0,Net Banking,0.0,CUST005637,176,5,0,823686,Courier_E,1,0.1995,2,1,0
ORD000096897,2026-08-29 03:59:52,772.48,2,Electronics,0.0,UPI,0.0,CUST005008,81,6,1,664785,Courier_A,3,0.1219,0,1,0
ORD000098757,2026-09-01 16:39:54,946.57,1,Electronics,0.0,COD,59.0,CUST007999,307,3,0,928381,Courier_A,3,0.2089,2,1,0
ORD000087257,2026-08-11 04:49:29,950.24,1,Beauty,2.26,COD,59.0,CUST008788,396,4,0,823556,Courier_A,2,0.1503,1,1,0
ORD000093236,2026-08-22 09:30:57,208.97,2,Footwear,21.5,Credit Card,0.0,CUST018853,144,4,1,270348,Courier_C,3,0.2373,2,4,1
ORD000086023,2026-08-08 21:01:26,987.85,4,Apparel,26.6,Debit Card,0.0,CUST009845,0,0,0,319318,Courier_C,2,0.5732,0,1,0
ORD000088009,2026-08-12 14:20:08,1029.65,1,Beauty,0.0,Credit Card,0.0,CUST015731,651,4,0,137421,Courier_E,2,0.1101,1,1,0
ORD000089096,2026-08-14 15:32:28,992.4,1,Footwear,14.25,Credit Card,0.0,CUST008901,365,3,0,962949,Courier_A,1,0.5037,2,1,0
ORD000091168,2026-08-18 11:32:12,245.7,1,Electronics,24.48,UPI,0.0,CUST005323,155,5,1,321283,Courier_B,1,0.1929,1,1,0
ORD000094149,2026-08-24 03:11:34,2764.7,2,Home,0.0,UPI,0.0,CUST009545,89,4,1,514284,Courier_E,1,0.3195,0,1,0
ORD000092955,2026-08-21 20:18:44,1815.01,3,Home,24.22,COD,99.0,CUST008926,156,4,0,703517,Courier_A,3,0.0536,1,1,0
ORD000095153,2026-08-26 00:28:19,901.49,2,Jewelry,17.02,Credit Card,0.0,CUST022383,673,4,1,999013,Courier_E,3,0.3266,0,1,0
ORD000092656,2026-08-21 08:08:30,138.27,2,Home,42.94,COD,49.0,CUST019756,292,4,0,303027,Courier_D,1,0.1179,3,1,1
ORD000092932,2026-08-21 19:27:21,808.35,2,Footwear,0.0,COD,49.0,CUST000930,39,2,0,366709,Courier_A,2,0.2008,4,1,1
ORD000089851,2026-08-16 00:08:44,421.76,2,Electronics,0.83,Credit Card,0.0,CUST008220,188,7,0,800259,Courier_B,2,0.1056,2,1,0
ORD000094766,2026-08-25 06:29:49,454.51,3,Electronics,0.0,COD,39.0,CUST004077,284,1,0,476977,Courier_E,2,0.2572,1,1,1
ORD000097050,2026-08-29 11:06:25,390.71,1,Electronics,31.22,UPI,0.0,CUST025070,118,3,1,353929,Courier_B,2,0.3822,1,1,0
ORD000089873,2026-08-16 00:49:09,286.17,4,Apparel,29.56,COD,49.0,CUST001068,181,1,0,210439,Courier_C,2,0.5498,0,13,0
ORD000085188,2026-08-07 05:56:19,656.74,4,Electronics,0.0,COD,39.0,CUST015345,327,0,0,129133,Courier_B,2,0.2898,1,3,0
ORD000089247,2026-08-14 21:53:49,898.4,3,Home,0.0,COD,49.0,CUST010876,109,6,0,390647,Courier_C,2,0.3743,0,1,0
ORD000085871,2026-08-08 14:47:07,526.11,3,Jewelry,0.0,UPI,0.0,CUST022495,263,5,1,237862,Courier_D,1,0.2194,0,1,0
ORD000098870,2026-09-01 21:29:51,1366.8,1,Apparel,0.0,COD,49.0,CUST025308,309,1,0,158414,Courier_D,1,0.0249,3,1,1
ORD000085556,2026-08-08 00:13:04,1141.24,1,Apparel,28.0,Credit Card,0.0,CUST028451,222,8,0,953016,Courier_D,3,0.1659,2,3,0
ORD000087275,2026-08-11 05:52:47,2803.73,1,Apparel,0.0,UPI,0.0,CUST019324,298,5,0,181067,Courier_B,2,0.192,0,1,0
ORD000093364,2026-08-22 15:43:08,1512.76,1,Apparel,13.7,COD,39.0,CUST006935,180,2,0,436093,Courier_A,1,0.0907,1,1,0
ORD000086503,2026-08-09 19:44:45,2065.22,2,Jewelry,23.54,COD,59.0,CUST006531,149,4,0,382189,Courier_C,1,0.1088,6,1,0
ORD000095997,2026-08-27 14:13:44,104.66,1,Apparel,0.0,Debit Card,0.0,CUST006942,626,8,0,400584,Courier_A,3,0.2588,1,1,0
ORD000098172,2026-08-31 15:15:17,1524.95,1,Beauty,0.0,UPI,0.0,CUST018764,415,6,1,424619,Courier_B,2,0.3137,0,1,0
ORD000098325,2026-08-31 22:24:11,1390.66,1,Footwear,0.0,UPI,0.0,CUST029858,101,6,1,823673,Courier_A,3,0.0489,0,1,0
ORD000085916,2026-08-08 17:18:25,841.22,2,Electronics,16.5,UPI,0.0,CUST026919,609,2,0,902957,Courier_A,2,0.0984,1,1,0
ORD000089688,2026-08-15 16:46:28,876.14,2,Footwear,17.32,UPI,0.0,CUST006505,184,4,0,864344,Courier_B,1,0.1101,1,1,1
ORD000095736,2026-08-27 02:49:12,5562.2,2,Footwear,13.09,COD,49.0,CUST006566,182,2,0,424619,Courier_C,2,0.3203,1,1,0
ORD000092238,2026-08-20 13:54:23,257.79,2,Footwear,15.33,Debit Card,0.0,CUST000950,46,9,0,638422,Courier_D,3,0.2709,0,1,0
ORD000093400,2026-08-22 17:15:19,749.42,2,Electronics,20.73,Credit Card,0.0,CUST017437,271,5,0,942283,Courier_B,3,0.2124,1,20,0
ORD000087546,2026-08-11 18:29:25,563.37,5,Home,12.87,COD,49.0,CUST018644,310,2,0,131194,Courier_C,2,0.1899,1,3,0
ORD000086504,2026-08-09 19:45:11,546.87,3,Beauty,0.0,Credit Card,0.0,CUST029039,0,0,0,529908,Courier_E,1,0.2506,0,5,0
ORD000098159,2026-08-31 14:29:06,1182.79,1,Apparel,0.0,COD,29.0,CUST010797,217,4,0,865916,Courier_A,3,0.1068,1,1,0
ORD000089700,2026-08-15 17:02:13,807.36,3,Electronics,0.0,Credit Card,0.0,CUST020272,558,4,0,371186,Courier_A,2,0.1646,3,1,0
ORD000099922,2026-09-03 20:22:15,1043.22,2,Apparel,25.27,UPI,0.0,CUST005549,370,7,1,994635,Courier_A,1,0.2623,0,1,0
ORD000089975,2026-08-16 05:49:41,1076.75,2,Apparel,4.38,COD,79.0,CUST009103,431,0,0,599375,Courier_B,2,0.1635,2,1,0
ORD000093445,2026-08-22 19:26:09,1432.51,4,Home,7.68,COD,39.0,CUST023277,566,5,1,272979,Courier_A,1,0.1216,3,1,1
ORD000098667,2026-09-01 13:18:37,2299.11,3,Apparel,26.47,COD,49.0,CUST001555,380,3,0,796682,Courier_A,1,0.1161,0,1,0
ORD000090307,2026-08-16 20:16:54,1061.39,2,Jewelry,3.75,COD,59.0,CUST000728,145,4,0,737806,Courier_A,3,0.1008,2,1,0
ORD000098288,2026-08-31 20:42:39,1498.81,1,Jewelry,12.0,UPI,0.0,CUST018364,168,4,0,868465,Courier_D,2,0.0539,3,1,0
ORD000087040,2026-08-10 19:02:49,628.43,1,Beauty,26.17,UPI,0.0,CUST006311,93,5,2,645986,Courier_E,1,0.3246,2,1,1
ORD000090864,2026-08-17 21:02:23,1256.65,1,Home,14.17,Net Banking,0.0,CUST026605,741,1,0,711151,Courier_A,1,0.0917,4,1,0
ORD000087178,2026-08-11 00:42:58,461.39,2,Apparel,0.0,Net Banking,0.0,CUST008631,158,1,0,264116,Courier_A,3,0.2915,1,1,1
ORD000097068,2026-08-29 11:54:09,449.9,1,Footwear,38.1,COD,39.0,CUST018955,80,2,0,666934,Courier_E,3,0.0806,0,1,0
ORD000088012,2026-08-12 14:28:19,2168.92,1,Home,0.0,COD,39.0,CUST004301,67,2,0,220678,Courier_C,1,0.1059,2,1,1
ORD000091237,2026-08-18 15:00:01,345.67,1,Beauty,7.71,Debit Card,0.0,CUST003164,146,1,0,901936,Courier_A,1,0.3189,1,1,0
ORD000093098,2026-08-22 03:21:28,195.79,2,Beauty,16.27,COD,59.0,CUST013473,500,6,0,592322,Courier_C,2,0.1357,2,5,0
ORD000093021,2026-08-21 23:45:27,1889.74,3,Apparel,0.0,Debit Card,0.0,CUST009183,42,5,0,835190,Courier_A,2,0.4679,1,1,0
ORD000096247,2026-08-28 00:18:12,3165.8,4,Beauty,0.0,UPI,0.0,CUST019532,688,5,0,800259,Courier_D,2,0.1023,0,1,0
ORD000088132,2026-08-12 19:25:23,158.2,3,Footwear,0.0,COD,59.0,CUST018004,110,3,0,930588,Courier_C,2,0.3083,2,1,0
ORD000096722,2026-08-28 20:46:53,404.33,3,Home,13.94,Credit Card,0.0,CUST006678,234,4,0,609182,Courier_D,2,0.1434,2,1,1
ORD000086879,2026-08-10 11:42:38,324.16,1,Apparel,0.0,Debit Card,0.0,CUST012118,71,2,0,789391,Courier_B,3,0.0907,1,1,0
ORD000086220,2026-08-09 06:15:28,102.99,2,Apparel,32.46,Net Banking,0.0,CUST000111,1394,5,2,113112,Courier_B,3,0.0288,1,1,0
ORD000089995,2026-08-16 07:07:19,416.66,3,Apparel,12.7,Net Banking,0.0,CUST015047,49,4,0,496735,Courier_A,2,0.0504,1,5,0
ORD000099954,2026-09-03 21:50:13,160.83,1,Apparel,0.0,COD,49.0,CUST011602,189,2,0,771048,Courier_D,1,0.0945,0,1,0
ORD000087722,2026-08-12 02:54:53,422.24,1,Jewelry,0.0,COD,20.0,CUST007530,867,5,0,396628,Courier_C,2,0.0888,1,1,0
ORD000085268,2026-08-07 10:05:52,343.68,3,Apparel,0.0,UPI,0.0,CUST026553,498,7,0,327967,Courier_E,1,0.1858,0,1,0
ORD000093281,2026-08-22 11:26:36,944.9,2,Electronics,0.0,UPI,0.0,CUST007019,52,4,0,664785,Courier_D,3,0.1242,2,2,0
ORD000094528,2026-08-24 19:39:06,584.96,4,Jewelry,10.27,COD,59.0,CUST017068,280,4,0,586006,Courier_D,2,0.5177,1,3,1
ORD000095438,2026-08-26 12:38:00,496.93,2,Electronics,0.0,COD,79.0,CUST011932,191,5,0,809484,Courier_A,1,0.1166,0,1,0
ORD000091896,2026-08-19 22:14:56,1295.88,1,Electronics,0.0,UPI,0.0,CUST028061,89,1,0,429617,Courier_A,3,0.2268,2,1,0
ORD000098132,2026-08-31 13:06:35,367.14,2,Jewelry,3.11,COD,49.0,CUST007405,888,3,0,628425,Courier_C,3,0.0851,1,1,0
ORD000096760,2026-08-28 22:22:23,629.01,2,Electronics,4.03,UPI,0.0,CUST011495,22,6,0,786081,Courier_C,3,0.2557,1,1,0
ORD000095415,2026-08-26 11:54:26,1103.54,2,Beauty,0.0,Net Banking,0.0,CUST007150,60,1,0,695078,Courier_A,1,0.0,1,18,0
ORD000092941,2026-08-21 19:48:21,299.01,4,Electronics,16.66,UPI,0.0,CUST014071,700,3,0,944244,Courier_B,1,0.1543,1,3,0
ORD000096020,2026-08-27 14:57:00,175.7,2,Electronics,19.13,Debit Card,0.0,CUST021523,107,4,0,388183,Courier_B,3,0.0787,0,1,0
ORD000085067,2026-08-07 00:34:49,319.24,1,Apparel,0.0,COD,39.0,CUST018145,290,4,0,787831,Courier_B,2,0.1408,4,1,0
ORD000085532,2026-08-07 23:01:56,2327.18,2,Beauty,0.0,UPI,0.0,CUST017965,107,1,0,959532,Courier_B,3,0.1033,0,5,0
ORD000088019,2026-08-12 14:41:26,5780.36,2,Beauty,0.0,UPI,0.0,CUST022112,314,6,0,385214,Courier_D,3,0.3045,0,16,0
ORD000099919,2026-09-03 20:15:53,389.88,1,Beauty,27.18,COD,29.0,CUST012457,557,1,0,856071,Courier_D,2,0.1507,4,1,0
ORD000089881,2026-08-16 01:19:14,238.36,1,Apparel,9.39,COD,79.0,CUST026414,62,5,0,794791,Courier_D,1,0.4282,1,8,1
ORD000098704,2026-09-01 14:55:06,1375.32,2,Electronics,15.32,UPI,0.0,CUST008696,99,6,0,526724,Courier_C,2,0.1798,0,1,0
ORD000097113,2026-08-29 13:25:57,691.6,2,Electronics,31.29,COD,29.0,CUST023331,195,0,0,216395,Courier_B,1,0.2959,2,2,0
ORD000093691,2026-08-23 05:10:34,584.64,3,Home,0.0,COD,39.0,CUST024983,1412,4,0,189160,Courier_A,2,0.5543,3,1,1
ORD000098177,2026-08-31 15:24:57,1795.33,1,Electronics,0.0,COD,59.0,CUST012410,419,5,0,925108,Courier_C,3,0.0826,1,1,0
ORD000090935,2026-08-18 00:12:08,601.08,1,Jewelry,6.13,UPI,0.0,CUST000878,339,1,0,212415,Courier_C,2,0.1144,1,1,0
ORD000091245,2026-08-18 15:19:45,999.69,3,Beauty,0.0,UPI,0.0,CUST003960,229,8,0,868465,Courier_B,2,0.0875,2,1,0
ORD000087774,2026-08-12 04:47:10,734.79,3,Apparel,17.3,COD,79.0,CUST023737,80,3,1,500693,Courier_C,1,0.0941,3,1,0
ORD000098469,2026-09-01 04:22:03,232.53,2,Home,0.0,UPI,0.0,CUST024433,201,3,0,642490,Courier_D,1,0.0661,3,5,0
ORD000087106,2026-08-10 21:46:58,153.52,1,Apparel,10.2,UPI,0.0,CUST019729,520,1,0,771645,Courier_D,1,0.2411,1,13,0
ORD000093430,2026-08-22 18:40:01,317.46,4,Apparel,14.72,COD,49.0,CUST006829,258,6,0,279683,Courier_B,3,0.423,4,1,1
ORD000094074,2026-08-23 23:34:37,1083.39,1,Apparel,5.9,Debit Card,0.0,CUST024822,89,3,0,185715,Courier_B,2,0.0304,3,3,0
ORD000098958,2026-09-02 01:39:52,519.78,1,Footwear,14.21,UPI,0.0,CUST015917,76,1,0,815357,Courier_A,1,0.1231,2,1,0
ORD000091264,2026-08-18 16:31:42,334.77,2,Home,31.8,Net Banking,0.0,CUST025467,321,6,1,501836,Courier_B,2,0.0132,0,4,0
ORD000090584,2026-08-17 08:34:08,1534.45,3,Footwear,0.0,Debit Card,0.0,CUST001222,44,5,1,770577,Courier_A,3,0.2816,2,1,0
ORD000090474,2026-08-17 03:38:47,1602.29,3,Home,26.43,COD,99.0,CUST001896,139,3,1,964927,Courier_C,2,0.369,0,1,1
ORD000096865,2026-08-29 02:31:05,1513.16,3,Home,0.0,COD,29.0,CUST014336,487,6,2,187415,Courier_A,2,0.4186,2,1,1
ORD000085156,2026-08-07 04:45:42,600.0,2,Beauty,0.0,COD,79.0,CUST005043,2267,4,0,616639,Courier_C,2,0.2188,3,3,0
ORD000085452,2026-08-07 18:51:52,347.4,2,Apparel,0.0,UPI,0.0,CUST014446,612,2,0,608288,Courier_C,3,0.0181,2,1,0
ORD000099143,2026-09-02 09:40:15,140.19,1,Home,0.0,COD,39.0,CUST008653,361,7,1,404286,Courier_D,3,0.2609,0,3,1
ORD000094870,2026-08-25 10:45:00,174.22,3,Beauty,13.86,COD,79.0,CUST004395,178,4,0,669408,Courier_A,2,0.1219,1,1,0
ORD000090825,2026-08-17 19:18:34,874.65,3,Home,0.0,Credit Card,0.0,CUST014397,0,0,0,217877,Courier_D,3,0.3064,2,1,0
ORD000093606,2026-08-23 01:35:23,150.15,1,Home,0.0,COD,49.0,CUST003617,138,5,0,209703,Courier_B,3,0.3097,2,1,1
ORD000098540,2026-09-01 07:33:28,4229.02,3,Jewelry,18.84,UPI,0.0,CUST002554,230,4,1,500528,Courier_C,1,0.2273,0,1,0
ORD000086064,2026-08-08 22:52:58,1809.99,1,Apparel,0.0,COD,29.0,CUST016673,191,6,0,359971,Courier_B,2,0.0853,3,3,0
ORD000088498,2026-08-13 12:06:01,287.2,2,Apparel,0.0,COD,49.0,CUST007642,235,5,1,695165,Courier_D,3,0.0948,4,8,0
ORD000089766,2026-08-15 19:53:56,1471.88,2,Footwear,0.0,COD,29.0,CUST011417,226,2,0,820754,Courier_D,2,0.2494,1,1,0
ORD000091529,2026-08-19 05:39:23,181.21,1,Home,25.03,UPI,0.0,CUST026714,197,3,0,636916,Courier_C,1,0.0887,2,1,0
ORD000086106,2026-08-09 00:47:12,565.84,2,Apparel,25.78,Net Banking,0.0,CUST006429,81,5,1,305163,Courier_A,2,0.0323,4,5,0
ORD000094286,2026-08-24 08:57:51,182.16,2,Footwear,0.0,UPI,0.0,CUST013910,32,2,0,666211,Courier_B,1,0.385,1,1,0
ORD000091475,2026-08-19 02:48:26,308.41,1,Home,0.0,Debit Card,0.0,CUST004231,580,4,0,999013,Courier_C,3,0.3618,2,1,0
ORD000096129,2026-08-27 19:29:45,1991.39,1,Beauty,17.96,Debit Card,0.0,CUST002776,46,4,0,233128,Courier_B,2,0.0929,1,4,0
ORD000087210,2026-08-11 02:19:07,1194.37,1,Apparel,24.15,UPI,0.0,CUST019088,741,3,1,715917,Courier_D,2,0.2361,1,13,0
ORD000092393,2026-08-20 20:35:27,236.26,1,Electronics,32.41,UPI,0.0,CUST028511,786,5,0,616639,Courier_A,2,0.2281,2,1,0
ORD000087650,2026-08-11 23:11:33,447.82,4,Electronics,0.0,Credit Card,0.0,CUST015484,108,4,1,654409,Courier_B,1,0.0901,2,1,0
ORD000089278,2026-08-14 22:53:20,573.61,3,Home,23.38,UPI,0.0,CUST019706,148,2,0,545164,Courier_A,1,0.0826,3,1,0
ORD000090808,2026-08-17 18:48:12,222.61,2,Home,0.0,UPI,0.0,CUST020232,915,3,0,242120,Courier_E,1,0.1979,1,1,0
ORD000086372,2026-08-09 13:00:02,650.71,3,Apparel,5.34,UPI,0.0,CUST024210,1084,4,1,343652,Courier_D,1,0.4326,2,1,0
ORD000088141,2026-08-12 19:56:09,1770.09,2,Footwear,0.0,COD,39.0,CUST015475,614,4,1,158414,Courier_A,1,0.0537,5,1,0
ORD000090881,2026-08-17 22:00:03,753.33,4,Footwear,0.0,COD,49.0,CUST002281,126,3,0,105856,Courier_A,2,0.257,1,1,0
ORD000086509,2026-08-09 19:50:18,1017.15,1,Footwear,0.0,Debit Card,0.0,CUST013673,319,2,0,677977,Courier_A,2,0.2538,2,4,0
ORD000092847,2026-08-21 16:33:13,172.16,1,Apparel,0.0,UPI,0.0,CUST015146,754,3,0,132540,Courier_D,3,0.1706,1,8,0
ORD000093515,2026-08-22 21:44:03,207.45,1,Apparel,0.0,COD,49.0,CUST025829,548,3,0,976012,Courier_C,1,0.0717,1,1,0
ORD000091058,2026-08-18 06:18:29,480.49,3,Apparel,0.0,UPI,0.0,CUST008906,449,6,0,249457,Courier_E,1,0.2692,1,1,1
ORD000095598,2026-08-26 20:49:25,353.2,3,Footwear,22.05,Credit Card,0.0,CUST016098,307,2,0,908295,Courier_B,1,0.3097,3,1,0
ORD000087606,2026-08-11 20:49:12,1057.36,2,Home,19.81,Credit Card,0.0,CUST014721,127,1,1,616639,Courier_E,2,0.1977,2,17,0
ORD000097578,2026-08-30 11:51:39,383.92,3,Apparel,4.52,UPI,0.0,CUST022282,399,5,0,470612,Courier_C,3,0.2338,0,4,0
ORD000095477,2026-08-26 14:57:46,477.71,2,Electronics,0.0,COD,39.0,CUST028529,457,3,0,622523,Courier_C,1,0.2078,1,1,0
ORD000085295,2026-08-07 11:15:31,640.05,4,Electronics,51.99,COD,39.0,CUST000117,147,3,0,131620,Courier_B,3,0.0,3,5,0
ORD000087812,2026-08-12 06:43:52,790.94,3,Home,12.77,UPI,0.0,CUST003475,564,5,1,516528,Courier_D,1,0.0695,0,4,0
ORD000092813,2026-08-21 15:04:02,354.12,3,Beauty,25.15,COD,29.0,CUST022101,705,3,0,666934,Courier_B,3,0.071,0,1,0
ORD000092250,2026-08-20 14:29:53,222.23,2,Apparel,0.0,COD,79.0,CUST003880,352,1,0,770577,Courier_A,3,0.3304,3,1,1
ORD000085221,2026-08-07 07:45:17,1352.11,1,Electronics,6.34,UPI,0.0,CUST011861,448,8,0,600859,Courier_E,3,0.1083,1,1,0
ORD000097754,2026-08-30 20:37:07,398.35,2,Electronics,21.67,Credit Card,0.0,CUST005415,301,4,0,864344,Courier_B,1,0.0712,1,1,0
ORD000099875,2026-09-03 17:56:19,384.96,3,Electronics,0.0,COD,39.0,CUST021409,74,2,1,784274,Courier_B,1,0.3161,1,1,0
ORD000096502,2026-08-28 11:20:25,251.76,4,Apparel,0.0,Debit Card,0.0,CUST022020,124,5,0,139108,Courier_D,1,0.147,0,1,0
ORD000091719,2026-08-19 15:25:39,410.6,2,Beauty,0.0,COD,79.0,CUST022530,142,4,0,650325,Courier_A,3,0.0987,6,1,0
ORD000088344,2026-08-13 04:50:46,375.77,1,Home,0.0,COD,39.0,CUST015827,249,3,0,763562,Courier_D,1,0.1064,2,1,1
ORD000087817,2026-08-12 06:53:04,1066.98,3,Apparel,0.0,COD,39.0,CUST018229,21,5,0,902174,Courier_B,3,0.2778,1,1,0
ORD000095270,2026-08-26 05:56:11,3000.78,2,Footwear,35.35,UPI,0.0,CUST016176,72,3,0,856360,Courier_D,2,0.2251,1,1,0
ORD000087823,2026-08-12 07:07:57,597.44,4,Beauty,0.0,UPI,0.0,CUST020575,0,0,0,218848,Courier_D,2,0.1955,2,1,0
ORD000088580,2026-08-13 15:39:00,814.32,1,Electronics,0.0,COD,79.0,CUST007525,0,0,0,622527,Courier_A,1,0.363,1,1,0
ORD000089078,2026-08-14 14:45:38,1999.82,2,Apparel,27.95,COD,29.0,CUST005575,224,2,0,756766,Courier_A,3,0.0,3,5,0
ORD000093391,2026-08-22 16:42:31,238.89,1,Footwear,17.08,Net Banking,0.0,CUST024001,7,2,0,103940,Courier_A,1,0.0897,1,2,0
ORD000099173,2026-09-02 11:03:50,1584.82,4,Apparel,0.0,Credit Card,0.0,CUST023767,218,3,0,533723,Courier_B,2,0.2318,1,5,0
ORD000094019,2026-08-23 21:18:29,814.11,2,Home,0.0,COD,20.0,CUST003748,33,2,0,969091,Courier_C,3,0.2822,1,1,0
ORD000093595,2026-08-23 01:08:57,884.75,2,Beauty,11.1,UPI,0.0,CUST019217,25,2,2,225651,Courier_E,3,0.3547,3,1,1
ORD000088664,2026-08-13 19:07:51,416.78,1,Footwear,19.94,COD,49.0,CUST003467,15,6,1,451758,Courier_C,3,0.1936,2,4,0
ORD000096032,2026-08-27 15:18:47,626.72,2,Apparel,0.0,COD,49.0,CUST000267,194,7,0,813189,Courier_A,3,0.3038,0,1,1
ORD000090660,2026-08-17 11:55:40,1162.23,2,Apparel,0.0,COD,29.0,CUST018144,1251,3,0,787831,Courier_B,2,0.1101,0,1,0
ORD000085958,2026-08-08 18:39:39,4995.64,1,Apparel,0.0,Debit Card,0.0,CUST026319,194,4,1,686412,Courier_A,1,0.1565,1,3,0
ORD000086925,2026-08-10 14:06:11,835.51,1,Apparel,0.0,UPI,0.0,CUST005778,45,2,0,690537,Courier_A,3,0.4011,0,1,0
ORD000095233,2026-08-26 04:18:14,227.87,3,Apparel,34.69,UPI,0.0,CUST026345,388,4,1,177265,Courier_E,2,0.47,4,2,0
ORD000085854,2026-08-08 13:44:37,145.09,2,Apparel,0.0,COD,29.0,CUST023564,346,3,0,436057,Courier_A,2,0.0877,1,1,0
ORD000091116,2026-08-18 09:04:04,67.15,1,Apparel,0.0,COD,49.0,CUST014711,531,7,1,189971,Courier_B,1,0.238,1,1,0
ORD000089177,2026-08-14 18:55:27,216.39,3,Apparel,9.61,Debit Card,0.0,CUST015367,866,3,0,529908,Courier_B,1,0.2088,0,1,0
ORD000094668,2026-08-25 02:01:58,976.68,5,Apparel,0.0,Credit Card,0.0,CUST006156,2523,1,0,119888,Courier_D,3,0.1935,1,8,0
ORD000085893,2026-08-08 16:22:15,282.02,5,Jewelry,32.03,COD,39.0,CUST017560,135,1,0,401813,Courier_B,2,0.2375,0,5,1
ORD000088175,2026-08-12 21:23:07,1283.75,2,Beauty,0.0,UPI,0.0,CUST008486,310,4,0,764844,Courier_E,3,0.1309,3,1,0
ORD000091186,2026-08-18 12:34:49,438.91,1,Apparel,0.0,COD,99.0,CUST002786,151,3,0,215176,Courier_D,3,0.4074,1,1,0
ORD000092541,2026-08-21 02:40:48,113.04,1,Apparel,11.77,UPI,0.0,CUST002041,154,2,0,983619,Courier_D,1,0.1977,1,1,0
ORD000099928,2026-09-03 20:32:17,2040.51,4,Beauty,0.0,COD,59.0,CUST016369,179,3,0,106365,Courier_A,3,0.3209,0,1,0
ORD000086196,2026-08-09 05:10:12,229.33,2,Beauty,15.65,COD,49.0,CUST012905,88,3,0,683142,Courier_D,3,0.084,2,4,0
ORD000089806,2026-08-15 22:02:08,844.35,1,Apparel,0.0,UPI,0.0,CUST025067,190,1,1,258357,Courier_E,2,0.3013,1,1,0
ORD000095257,2026-08-26 05:19:11,730.65,2,Jewelry,30.72,COD,49.0,CUST018522,334,3,0,803895,Courier_C,1,0.0668,1,1,0
ORD000089828,2026-08-15 22:55:29,551.55,2,Jewelry,0.0,Net Banking,0.0,CUST006985,414,3,1,371674,Courier_B,3,0.296,3,1,1
ORD000092537,2026-08-21 02:31:44,1241.67,1,Footwear,0.0,COD,79.0,CUST015881,592,6,0,793758,Courier_B,1,0.0926,2,1,1
ORD000099725,2026-09-03 11:45:41,669.17,3,Footwear,21.72,COD,39.0,CUST016594,161,6,1,404286,Courier_C,3,0.2761,1,4,0
ORD000097130,2026-08-29 14:47:12,1067.39,6,Apparel,0.0,Debit Card,0.0,CUST017051,23,8,0,207289,Courier_B,1,0.1044,1,2,0
ORD000086104,2026-08-09 00:43:08,1204.46,3,Beauty,15.1,UPI,0.0,CUST024669,312,4,0,206604,Courier_D,1,0.0,0,1,0
ORD000087271,2026-08-11 05:34:02,131.85,2,Beauty,25.71,COD,49.0,CUST013396,271,6,1,307037,Courier_B,1,0.0692,1,1,1
ORD000095129,2026-08-25 23:10:42,294.1,1,Electronics,16.13,UPI,0.0,CUST020612,2113,3,0,750176,Courier_A,2,0.1202,1,3,0
ORD000095885,2026-08-27 09:33:29,802.82,3,Apparel,20.76,Net Banking,0.0,CUST026880,377,1,0,702122,Courier_B,3,0.1703,2,1,0
ORD000089664,2026-08-15 15:44:39,3034.28,2,Jewelry,0.0,UPI,0.0,CUST028749,147,4,0,509843,Courier_A,1,0.213,2,1,0
ORD000096957,2026-08-29 06:50:20,399.11,2,Home,11.03,Credit Card,0.0,CUST006240,58,5,0,815371,Courier_D,2,0.1698,2,4,0
ORD000095983,2026-08-27 13:31:38,272.61,2,Footwear,0.0,Debit Card,0.0,CUST026855,2409,3,0,180236,Courier_D,2,0.0325,1,1,0
ORD000090811,2026-08-17 18:54:03,1508.31,3,Jewelry,0.0,COD,39.0,CUST023374,1061,2,0,597740,Courier_C,1,0.3075,4,1,1
ORD000097954,2026-08-31 04:43:29,1556.15,3,Jewelry,0.0,COD,49.0,CUST000663,63,3,0,933359,Courier_C,2,0.1636,3,1,0
ORD000093403,2026-08-22 17:29:18,324.93,4,Footwear,0.0,Credit Card,0.0,CUST019849,215,4,0,870294,Courier_A,1,0.3323,1,1,0
ORD000090407,2026-08-17 00:51:13,391.81,2,Apparel,38.17,Debit Card,0.0,CUST024817,0,0,0,678032,Courier_E,3,0.4321,0,1,0
ORD000085432,2026-08-07 18:00:06,1069.19,2,Beauty,14.66,UPI,0.0,CUST020390,229,3,0,902174,Courier_B,3,0.3113,1,1,0
ORD000086218,2026-08-09 06:11:19,654.47,2,Beauty,0.0,Debit Card,0.0,CUST016974,509,6,0,666934,Courier_B,3,0.1367,1,7,0
ORD000099431,2026-09-02 22:23:05,402.28,2,Apparel,16.25,COD,39.0,CUST003810,181,8,0,761450,Courier_C,2,0.4288,1,1,0
ORD000097658,2026-08-30 15:38:33,717.36,2,Electronics,0.0,COD,29.0,CUST006687,99,4,0,103940,Courier_B,1,0.0665,4,1,0
ORD000085450,2026-08-07 18:42:07,441.34,1,Jewelry,0.0,COD,39.0,CUST028475,782,3,0,282330,Courier_A,2,0.4258,2,1,0
ORD000089115,2026-08-14 16:06:43,287.43,2,Jewelry,19.65,COD,39.0,CUST012708,328,2,0,461780,Courier_D,3,0.167,2,5,0
ORD000095671,2026-08-26 23:58:11,323.17,4,Footwear,0.0,COD,79.0,CUST009953,860,2,0,902174,Courier_A,3,0.3019,3,12,0
ORD000096731,2026-08-28 21:19:48,1025.92,3,Home,0.0,UPI,0.0,CUST001795,545,4,0,678850,Courier_A,1,0.2672,1,1,1
ORD000093104,2026-08-22 03:36:04,589.71,3,Footwear,41.78,UPI,0.0,CUST014896,1314,3,1,132540,Courier_B,3,0.2368,3,1,0
ORD000094490,2026-08-24 18:05:21,714.9,2,Apparel,0.0,COD,59.0,CUST000369,189,2,0,113112,Courier_C,3,0.0521,1,4,0
ORD000085741,2026-08-08 08:49:41,281.84,2,Apparel,0.0,COD,39.0,CUST017646,559,5,0,163173,Courier_A,2,0.1486,2,1,1
ORD000090097,2026-08-16 11:47:37,523.97,1,Electronics,0.0,COD,49.0,CUST029870,319,2,0,519606,Courier_A,2,0.1022,0,1,0
ORD000090644,2026-08-17 11:14:57,595.86,1,Footwear,5.87,COD,49.0,CUST006121,81,4,0,868770,Courier_E,2,0.0967,3,1,0
ORD000092743,2026-08-21 12:22:05,389.06,1,Apparel,0.0,UPI,0.0,CUST020240,103,7,0,982079,Courier_C,3,0.2403,2,2,0
ORD000087433,2026-08-11 13:03:09,1363.81,4,Beauty,11.64,COD,99.0,CUST007957,2930,6,1,171266,Courier_A,3,0.1618,2,1,0
ORD000093946,2026-08-23 17:55:10,1071.33,1,Beauty,10.54,COD,39.0,CUST019448,33,1,0,500528,Courier_A,1,0.2228,2,1,0
ORD000088840,2026-08-14 03:14:20,1180.01,1,Beauty,21.57,UPI,0.0,CUST026132,445,4,0,964105,Courier_A,2,0.3267,0,5,0
ORD000092786,2026-08-21 13:48:39,830.55,3,Electronics,0.0,Credit Card,0.0,CUST012979,779,8,4,120506,Courier_C,3,0.1238,3,1,0
ORD000098037,2026-08-31 09:18:47,1438.54,2,Jewelry,0.0,COD,49.0,CUST026636,149,2,1,222847,Courier_A,2,0.2322,2,1,0
ORD000097874,2026-08-31 01:25:47,975.56,2,Beauty,6.64,COD,49.0,CUST000650,371,3,0,553849,Courier_A,2,0.1467,1,1,1
ORD000089149,2026-08-14 17:44:29,52.98,4,Apparel,16.07,Net Banking,0.0,CUST022269,122,2,0,999753,Courier_D,2,0.239,2,1,0
ORD000099918,2026-09-03 20:04:13,371.83,1,Apparel,20.14,COD,49.0,CUST010715,276,1,0,838806,Courier_A,3,0.2183,1,1,0
ORD000090141,2026-08-16 13:23:07,1001.49,1,Apparel,0.0,COD,29.0,CUST005044,1786,5,0,145116,Courier_A,1,0.049,1,1,0
ORD000086985,2026-08-10 17:02:33,822.05,2,Apparel,0.0,COD,99.0,CUST000437,1611,2,0,974063,Courier_D,2,0.2619,2,3,0
ORD000094794,2026-08-25 07:39:40,658.45,1,Apparel,24.93,Credit Card,0.0,CUST012569,74,5,0,670883,Courier_C,1,0.1605,2,1,1
ORD000093925,2026-08-23 17:05:13,333.59,1,Electronics,11.18,Debit Card,0.0,CUST025351,435,4,1,129133,Courier_C,2,0.2934,1,1,0
ORD000096750,2026-08-28 22:06:50,2853.97,2,Electronics,0.0,UPI,0.0,CUST028977,224,4,0,924384,Courier_D,1,0.3151,0,1,0
ORD000094872,2026-08-25 10:51:39,252.17,4,Home,57.75,UPI,0.0,CUST027812,256,3,0,908295,Courier_B,1,0.3049,2,2,0
ORD000095961,2026-08-27 12:34:15,284.27,4,Home,0.0,Credit Card,0.0,CUST011782,63,3,0,981895,Courier_A,1,0.0807,0,1,0
ORD000097062,2026-08-29 11:37:58,740.04,4,Home,0.0,UPI,0.0,CUST021878,263,3,0,404286,Courier_B,3,0.2662,0,1,1
ORD000086347,2026-08-09 12:07:18,426.18,2,Home,37.73,UPI,0.0,CUST004937,121,0,0,953933,Courier_B,3,0.1549,1,1,0
ORD000088014,2026-08-12 14:31:10,192.78,4,Home,4.95,Credit Card,0.0,CUST022118,506,5,0,340088,Courier_E,3,0.2834,1,1,0
ORD000098029,2026-08-31 08:37:07,264.26,5,Apparel,6.31,COD,29.0,CUST005440,589,4,0,971490,Courier_C,3,0.1442,5,1,0
ORD000095135,2026-08-25 23:42:56,2439.57,1,Apparel,0.0,UPI,0.0,CUST003669,841,3,0,570217,Courier_A,1,0.0176,2,1,0
ORD000099899,2026-09-03 19:14:47,264.39,1,Apparel,22.76,UPI,0.0,CUST024676,146,5,0,669408,Courier_C,2,0.0978,1,1,0
ORD000094751,2026-08-25 05:39:33,702.73,3,Electronics,8.15,COD,59.0,CUST023542,0,0,0,501851,Courier_B,3,0.2273,1,4,0
ORD000085320,2026-08-07 12:35:51,770.14,2,Electronics,13.89,COD,59.0,CUST013207,171,5,0,667890,Courier_B,1,0.2417,2,1,0
ORD000088499,2026-08-13 12:06:40,1593.8,1,Electronics,14.19,Net Banking,0.0,CUST000035,289,7,2,323441,Courier_B,1,0.2913,0,1,0
ORD000099569,2026-09-03 04:48:11,1043.98,2,Beauty,5.64,UPI,0.0,CUST001350,269,5,0,252402,Courier_A,1,0.1178,2,1,0
ORD000092163,2026-08-20 09:36:04,637.21,2,Beauty,19.61,UPI,0.0,CUST020893,620,2,0,196023,Courier_B,3,0.193,0,5,0
ORD000091493,2026-08-19 03:23:28,287.72,1,Home,22.81,Net Banking,0.0,CUST007776,175,3,0,762085,Courier_C,3,0.0727,3,4,0
ORD000099631,2026-09-03 07:37:26,2195.14,2,Footwear,23.58,UPI,0.0,CUST013124,551,0,0,270348,Courier_A,3,0.2221,1,1,1
ORD000089061,2026-08-14 13:42:44,382.38,4,Home,23.66,COD,29.0,CUST017258,189,4,0,971241,Courier_B,2,0.3204,0,1,0
ORD000092980,2026-08-21 21:28:09,889.31,2,Apparel,0.0,COD,99.0,CUST026804,125,1,0,911637,Courier_B,1,0.2865,1,3,1
ORD000092820,2026-08-21 15:22:06,411.19,2,Beauty,13.65,UPI,0.0,CUST009718,470,1,0,861400,Courier_B,3,0.2167,0,1,0
ORD000087401,2026-08-11 11:43:07,296.95,4,Home,17.05,COD,79.0,CUST003981,331,4,0,659264,Courier_A,2,0.302,3,5,0
ORD000087102,2026-08-10 21:35:47,921.32,3,Home,32.26,UPI,0.0,CUST021583,295,4,0,249457,Courier_D,1,0.1975,2,1,0
ORD000096889,2026-08-29 03:34:35,427.87,2,Home,15.01,COD,39.0,CUST005221,420,5,0,390647,Courier_A,2,0.3029,1,15,1
ORD000089010,2026-08-14 11:25:28,1287.18,4,Electronics,0.0,COD,20.0,CUST028203,786,4,0,721746,Courier_E,1,0.1065,1,5,1
ORD000092727,2026-08-21 11:30:25,276.4,4,Electronics,11.12,Debit Card,0.0,CUST004418,71,6,0,494553,Courier_A,3,0.3226,1,5,1
ORD000099269,2026-09-02 14:55:30,1348.82,2,Apparel,0.0,Net Banking,0.0,CUST008766,202,7,1,976012,Courier_D,1,0.1024,3,1,1
ORD000089871,2026-08-16 00:45:02,412.12,2,Apparel,0.0,UPI,0.0,CUST026489,0,0,0,807606,Courier_D,3,0.1295,3,2,0
ORD000091287,2026-08-18 17:30:13,720.99,3,Apparel,25.07,COD,59.0,CUST021872,213,3,1,408428,Courier_B,3,0.2691,4,5,1
ORD000099644,2026-09-03 08:07:45,674.28,2,Apparel,0.0,UPI,0.0,CUST003456,1162,4,0,942283,Courier_D,3,0.184,2,1,0
ORD000093716,2026-08-23 06:11:30,372.89,2,Apparel,0.0,Debit Card,0.0,CUST024976,343,4,1,827168,Courier_E,3,0.1678,4,1,0
ORD000092480,2026-08-21 00:46:52,865.92,1,Beauty,4.47,COD,49.0,CUST001084,212,2,0,995659,Courier_A,2,0.6586,0,1,1
ORD000098866,2026-09-01 21:17:54,491.54,2,Footwear,0.0,UPI,0.0,CUST003978,83,3,0,568336,Courier_A,3,0.1352,1,1,0
ORD000088971,2026-08-14 09:13:58,751.39,2,Beauty,0.0,UPI,0.0,CUST010292,384,3,0,180968,Courier_A,2,0.1966,1,1,0
ORD000086211,2026-08-09 05:59:20,448.44,2,Apparel,40.21,COD,49.0,CUST010648,198,3,0,889948,Courier_C,2,0.0951,0,3,0
ORD000091200,2026-08-18 13:02:27,128.83,2,Apparel,28.94,Credit Card,0.0,CUST027083,89,2,0,238093,Courier_A,3,0.1761,2,1,1
ORD000090446,2026-08-17 02:20:07,3166.25,1,Beauty,15.27,UPI,0.0,CUST013558,71,2,0,421903,Courier_D,2,0.006,1,1,0
ORD000085140,2026-08-07 04:20:09,715.32,2,Apparel,8.88,COD,29.0,CUST025886,66,3,1,475043,Courier_B,1,0.0936,1,1,1
ORD000090339,2026-08-16 21:40:57,247.06,3,Apparel,16.71,COD,39.0,CUST007231,629,4,0,415774,Courier_E,3,0.1891,2,1,0
ORD000092273,2026-08-20 15:34:48,233.87,3,Apparel,0.0,UPI,0.0,CUST025407,57,4,0,800259,Courier_D,2,0.0937,1,1,0
ORD000094651,2026-08-25 01:20:38,163.47,3,Jewelry,0.0,UPI,0.0,CUST015194,398,6,0,854070,Courier_A,1,0.1128,1,1,0
ORD000096221,2026-08-27 23:01:54,418.84,4,Electronics,0.0,COD,49.0,CUST015663,797,3,0,196023,Courier_B,3,0.1712,3,1,1
ORD000086744,2026-08-10 06:04:17,2897.33,2,Footwear,0.0,Debit Card,0.0,CUST026590,59,3,1,571156,Courier_C,1,0.0737,2,1,0
ORD000090549,2026-08-17 07:06:23,199.68,3,Apparel,0.0,UPI,0.0,CUST016414,130,3,0,523573,Courier_E,1,0.1378,1,1,0
ORD000094214,2026-08-24 06:13:44,1736.13,3,Footwear,0.0,COD,49.0,CUST000561,561,3,0,515463,Courier_A,2,0.0922,1,1,1
ORD000093892,2026-08-23 14:58:12,176.36,2,Electronics,0.0,UPI,0.0,CUST023643,90,4,0,368724,Courier_E,1,0.4968,1,1,0
ORD000093929,2026-08-23 17:08:28,967.41,1,Electronics,0.0,COD,59.0,CUST022195,207,5,0,581702,Courier_D,2,0.2023,1,2,1
ORD000088700,2026-08-13 21:02:26,559.48,1,Apparel,6.9,COD,39.0,CUST000822,898,3,0,529534,Courier_E,3,0.2743,3,1,0
ORD000093949,2026-08-23 18:01:06,806.72,1,Electronics,0.0,COD,39.0,CUST015665,197,4,0,257097,Courier_C,2,0.0579,2,1,0
ORD000088530,2026-08-13 13:31:26,475.12,4,Electronics,0.0,COD,49.0,CUST028468,344,3,0,401813,Courier_B,2,0.2444,0,1,0
ORD000099909,2026-09-03 19:45:15,139.57,5,Apparel,10.27,UPI,0.0,CUST014992,539,6,0,897111,Courier_D,3,0.2197,1,1,0
ORD000089726,2026-08-15 17:55:14,167.81,4,Electronics,0.0,Credit Card,0.0,CUST014342,258,4,0,182833,Courier_C,3,0.137,1,1,0
ORD000087519,2026-08-11 17:10:21,1661.84,3,Beauty,0.0,Credit Card,0.0,CUST014133,337,4,0,975263,Courier_B,3,0.2215,3,1,0
ORD000085397,2026-08-07 16:39:36,1421.41,2,Jewelry,0.0,Credit Card,0.0,CUST026379,50,2,0,717284,Courier_C,3,0.2919,1,1,0
ORD000089969,2026-08-16 05:33:54,593.34,2,Electronics,0.0,COD,49.0,CUST011045,109,7,0,929214,Courier_D,1,0.2546,1,8,1
ORD000091829,2026-08-19 19:35:14,258.52,1,Footwear,20.55,COD,99.0,CUST005565,125,5,0,475091,Courier_B,1,0.0298,2,1,0
ORD000085725,2026-08-08 08:05:50,385.37,3,Electronics,34.62,COD,99.0,CUST029484,1382,2,0,954194,Courier_A,1,0.0332,0,1,0
ORD000092252,2026-08-20 14:36:27,1240.24,4,Beauty,0.0,COD,49.0,CUST027097,275,4,0,909819,Courier_A,2,0.1157,1,4,0
ORD000093693,2026-08-23 05:14:29,388.19,6,Beauty,29.84,Credit Card,0.0,CUST020448,0,0,0,845025,Courier_B,2,0.224,0,1,0
ORD000089419,2026-08-15 05:24:18,362.14,2,Home,13.51,UPI,0.0,CUST021991,323,3,1,827168,Courier_A,3,0.1845,3,1,0
ORD000091307,2026-08-18 18:30:13,299.04,2,Apparel,38.57,UPI,0.0,CUST019038,31,4,1,370685,Courier_C,2,0.1249,0,4,0
ORD000093960,2026-08-23 18:27:57,504.99,3,Jewelry,24.69,UPI,0.0,CUST004565,264,4,1,330200,Courier_C,3,0.2055,3,20,1
ORD000098328,2026-08-31 22:31:33,505.75,2,Apparel,0.0,COD,59.0,CUST022659,33,4,0,553849,Courier_C,2,0.1768,2,5,0
ORD000099093,2026-09-02 07:47:34,508.33,2,Home,10.85,COD,59.0,CUST006748,0,0,0,476634,Courier_A,2,0.1444,3,1,0
ORD000098981,2026-09-02 02:39:07,1068.92,4,Apparel,0.0,UPI,0.0,CUST014702,538,3,1,598590,Courier_D,2,0.294,3,1,0
ORD000086471,2026-08-09 17:50:24,1162.86,2,Footwear,0.0,COD,49.0,CUST020707,332,2,0,429344,Courier_B,2,0.1499,0,1,0
ORD000087879,2026-08-12 09:23:11,551.54,2,Jewelry,12.49,COD,39.0,CUST010951,31,3,1,320716,Courier_D,2,0.3391,0,1,0
ORD000094808,2026-08-25 08:02:30,1303.94,1,Home,5.71,Debit Card,0.0,CUST023901,90,0,0,504071,Courier_A,1,0.0436,1,1,0
ORD000089761,2026-08-15 19:30:46,652.94,3,Apparel,21.59,UPI,0.0,CUST028933,209,5,0,703529,Courier_C,1,0.1205,3,1,0
ORD000094701,2026-08-25 03:49:37,777.52,3,Home,12.47,COD,49.0,CUST005044,1786,6,0,972701,Courier_E,1,0.2691,1,1,0
ORD000095626,2026-08-26 21:53:11,273.03,3,Jewelry,4.95,COD,29.0,CUST011198,306,6,0,598590,Courier_B,2,0.3285,1,4,1
ORD000088984,2026-08-14 10:01:09,809.67,5,Jewelry,18.83,UPI,0.0,CUST005444,259,6,0,583754,Courier_B,2,0.1003,1,1,0
ORD000091140,2026-08-18 10:29:23,200.28,5,Footwear,0.0,COD,49.0,CUST009673,594,4,0,221043,Courier_A,2,0.1693,3,1,0
ORD000088842,2026-08-14 03:26:25,439.7,2,Footwear,0.0,COD,99.0,CUST024293,326,3,0,573736,Courier_B,1,0.236,0,5,0
ORD000091439,2026-08-19 00:26:00,873.83,2,Beauty,0.0,UPI,0.0,CUST000469,51,5,1,154996,Courier_D,2,0.1983,1,1,0
ORD000097421,2026-08-30 04:29:38,93.28,1,Home,0.0,COD,39.0,CUST028547,512,2,0,629455,Courier_C,2,0.3231,2,1,0
ORD000090923,2026-08-17 23:55:19,1443.91,2,Home,0.0,COD,59.0,CUST028822,125,3,0,774402,Courier_A,2,0.1145,2,1,0
ORD000092861,2026-08-21 16:58:46,2211.01,2,Apparel,23.87,COD,29.0,CUST028880,267,2,0,182540,Courier_A,3,0.2315,0,1,0
ORD000090004,2026-08-16 07:14:58,594.53,2,Apparel,0.0,Credit Card,0.0,CUST013577,436,2,0,300933,Courier_A,2,0.2357,2,2,0
ORD000097990,2026-08-31 06:16:45,555.05,2,Electronics,0.0,Debit Card,0.0,CUST006436,636,4,0,488554,Courier_D,3,0.4469,1,1,0
ORD000086655,2026-08-10 02:13:17,379.91,3,Electronics,20.99,COD,49.0,CUST009962,572,2,0,275250,Courier_A,2,0.1422,0,11,1
ORD000089365,2026-08-15 03:00:12,860.19,2,Beauty,6.98,COD,29.0,CUST014186,250,2,0,476547,Courier_E,3,0.1035,4,2,0
ORD000087331,2026-08-11 08:09:51,504.33,1,Footwear,0.0,Credit Card,0.0,CUST015166,118,4,2,320359,Courier_A,1,0.4154,1,1,0
ORD000086451,2026-08-09 16:54:39,1706.23,2,Home,0.0,COD,39.0,CUST020991,156,6,0,864344,Courier_B,1,0.1147,2,4,0
ORD000099245,2026-09-02 13:37:02,305.19,2,Footwear,0.0,COD,49.0,CUST001539,291,5,1,160837,Courier_C,3,0.1295,1,1,0
ORD000088349,2026-08-13 05:11:10,376.45,3,Home,39.68,COD,59.0,CUST020421,238,0,0,962949,Courier_A,1,0.4683,0,1,1
ORD000088712,2026-08-13 21:25:04,316.29,2,Electronics,0.0,UPI,0.0,CUST005041,1481,5,1,579494,Courier_B,2,0.1011,0,1,0
ORD000089017,2026-08-14 11:49:19,3373.89,1,Electronics,37.98,Credit Card,0.0,CUST027101,825,1,0,220678,Courier_D,1,0.086,3,3,0
ORD000095559,2026-08-26 18:49:04,131.06,1,Footwear,0.0,COD,39.0,CUST003318,43,3,0,992549,Courier_A,2,0.1771,1,2,0
ORD000090933,2026-08-18 00:09:56,1796.15,2,Footwear,0.0,Credit Card,0.0,CUST024989,166,4,0,608344,Courier_B,3,0.0,1,1,0
ORD000092555,2026-08-21 03:32:03,515.35,2,Apparel,7.43,UPI,0.0,CUST013867,0,0,0,591396,Courier_A,1,0.271,1,1,0
ORD000088149,2026-08-12 20:12:03,378.67,2,Jewelry,11.24,UPI,0.0,CUST010595,1481,2,0,314662,Courier_A,1,0.1505,1,1,0
ORD000097953,2026-08-31 04:41:57,312.9,5,Electronics,26.95,UPI,0.0,CUST015239,314,2,0,564162,Courier_B,3,0.1235,0,4,0
ORD000085054,2026-08-07 00:07:39,1087.15,4,Footwear,24.9,Credit Card,0.0,CUST023215,396,3,0,498380,Courier_D,2,0.188,1,1,1
ORD000096945,2026-08-29 06:12:29,606.52,2,Jewelry,0.0,COD,79.0,CUST027560,0,0,0,942304,Courier_D,3,0.2526,4,4,1
ORD000097307,2026-08-29 22:56:15,594.77,2,Apparel,0.0,COD,49.0,CUST016315,524,1,0,864201,Courier_C,1,0.0926,1,5,0
ORD000091616,2026-08-19 10:15:00,153.2,2,Home,0.0,UPI,0.0,CUST025339,223,2,0,709428,Courier_B,2,0.1359,0,3,1
ORD000096366,2026-08-28 05:48:38,176.47,4,Electronics,0.0,UPI,0.0,CUST026847,242,5,0,181380,Courier_A,2,0.2824,0,3,0
ORD000098332,2026-08-31 22:40:08,914.22,2,Electronics,0.0,COD,29.0,CUST020124,0,0,0,799804,Courier_E,2,0.2619,1,1,1
ORD000087647,2026-08-11 23:04:17,1001.01,3,Home,3.18,COD,39.0,CUST008552,1492,2,0,599588,Courier_D,1,0.2362,4,1,0
ORD000088859,2026-08-14 04:10:20,1062.3,2,Beauty,0.0,Debit Card,0.0,CUST028765,184,4,0,713629,Courier_A,3,0.1797,3,1,0
ORD000093086,2026-08-22 02:43:15,652.85,3,Beauty,9.63,Credit Card,0.0,CUST001383,226,3,2,207289,Courier_B,1,0.1251,0,1,0
ORD000092108,2026-08-20 07:19:51,965.68,2,Footwear,0.0,COD,39.0,CUST022441,1017,2,0,686576,Courier_D,1,0.3049,3,1,0
ORD000086318,2026-08-09 11:06:13,387.1,2,Apparel,0.0,Net Banking,0.0,CUST029026,181,4,0,448379,Courier_B,2,0.4059,3,1,0
ORD000098016,2026-08-31 07:56:52,306.65,3,Home,17.94,COD,39.0,CUST016633,882,3,0,729799,Courier_C,1,0.4448,1,1,0
ORD000097592,2026-08-30 12:30:37,1009.99,1,Electronics,19.92,COD,49.0,CUST011424,79,6,0,587093,Courier_B,3,0.2684,1,1,0
ORD000097900,2026-08-31 02:31:48,1174.49,1,Home,14.36,COD,39.0,CUST008817,773,3,0,684370,Courier_A,1,0.2913,2,1,0
ORD000096588,2026-08-28 14:43:58,404.55,4,Beauty,0.0,UPI,0.0,CUST020290,275,4,0,396628,Courier_A,2,0.1071,2,1,0
ORD000085929,2026-08-08 17:46:12,506.82,4,Electronics,11.61,COD,49.0,CUST027183,20,2,0,698930,Courier_B,1,0.3554,1,1,0
ORD000095645,2026-08-26 22:46:48,547.45,3,Apparel,3.74,COD,79.0,CUST018607,1777,5,0,597542,Courier_B,3,0.0,3,3,0
ORD000095176,2026-08-26 01:26:23,567.1,2,Footwear,0.0,COD,49.0,CUST012293,182,2,0,404286,Courier_B,3,0.3547,2,5,1
ORD000099499,2026-09-03 01:55:27,660.87,3,Apparel,0.0,UPI,0.0,CUST018891,175,5,0,269261,Courier_E,3,0.0679,0,1,0
ORD000089121,2026-08-14 16:34:22,1055.29,2,Electronics,0.0,COD,49.0,CUST012716,145,6,0,971812,Courier_C,1,0.0983,3,1,0
ORD000087942,2026-08-12 11:50:07,332.46,2,Apparel,0.0,UPI,0.0,CUST002799,3650,6,0,800045,Courier_C,3,0.0482,1,4,0
ORD000091823,2026-08-19 19:26:56,789.69,1,Apparel,29.66,COD,79.0,CUST024833,82,4,0,427055,Courier_B,3,0.0522,0,1,0
ORD000089143,2026-08-14 17:30:55,541.94,2,Electronics,0.0,Debit Card,0.0,CUST012502,1844,6,0,568336,Courier_B,3,0.1729,1,5,0
ORD000090005,2026-08-16 07:17:19,6024.06,3,Electronics,25.5,UPI,0.0,CUST027418,0,0,0,348656,Courier_B,2,0.1949,1,1,1
ORD000091723,2026-08-19 15:39:27,741.6,2,Beauty,0.0,COD,49.0,CUST011441,883,1,0,343652,Courier_C,1,0.4318,1,1,1
ORD000089313,2026-08-15 00:37:53,358.51,1,Apparel,0.0,COD,79.0,CUST014276,290,1,0,316724,Courier_A,1,0.1336,2,1,0
ORD000085132,2026-08-07 04:02:54,588.71,2,Electronics,0.0,COD,39.0,CUST015270,296,2,0,615126,Courier_C,1,0.0562,0,1,0
ORD000088508,2026-08-13 12:22:18,473.43,1,Apparel,0.0,UPI,0.0,CUST002750,143,4,0,939425,Courier_B,2,0.1175,0,5,0
ORD000086722,2026-08-10 05:18:59,4566.61,3,Electronics,0.0,Credit Card,0.0,CUST004755,484,2,0,475813,Courier_A,3,0.2917,1,1,0
ORD000086804,2026-08-10 08:23:10,330.19,4,Electronics,0.0,COD,20.0,CUST011991,1080,3,0,837858,Courier_A,2,0.0614,4,5,0
ORD000090406,2026-08-17 00:48:04,450.32,1,Electronics,0.0,COD,39.0,CUST029453,432,6,0,615019,Courier_A,1,0.1005,0,1,0
ORD000087915,2026-08-12 10:49:43,1981.15,3,Beauty,24.39,COD,39.0,CUST025852,1460,2,0,120506,Courier_C,3,0.1795,3,4,0
ORD000085999,2026-08-08 20:20:53,374.13,1,Apparel,0.0,UPI,0.0,CUST023497,79,3,0,323441,Courier_B,1,0.198,1,1,0
ORD000094023,2026-08-23 21:23:25,557.97,2,Apparel,0.0,Debit Card,0.0,CUST020329,75,0,0,211308,Courier_C,2,0.0561,2,16,0
ORD000092221,2026-08-20 13:27:34,443.24,1,Apparel,16.21,COD,29.0,CUST020227,158,7,0,237862,Courier_D,1,0.2064,0,1,0
ORD000091182,2026-08-18 12:22:13,674.55,2,Footwear,8.23,COD,59.0,CUST012270,276,4,3,731788,Courier_B,3,0.0685,0,1,1
ORD000090378,2026-08-16 23:21:22,139.12,2,Beauty,0.0,COD,29.0,CUST026202,596,4,0,908295,Courier_B,1,0.2956,1,1,0
ORD000094734,2026-08-25 05:04:11,334.85,1,Electronics,10.55,UPI,0.0,CUST024708,321,6,0,969852,Courier_E,2,0.2607,2,1,0
ORD000090266,2026-08-16 18:02:03,1215.55,2,Footwear,0.0,COD,49.0,CUST029741,1244,1,1,331725,Courier_C,3,0.0192,2,5,0
ORD000089374,2026-08-15 03:19:22,284.75,3,Apparel,22.1,Credit Card,0.0,CUST006245,1718,0,0,182833,Courier_A,3,0.132,0,1,0
ORD000093394,2026-08-22 16:59:12,171.84,2,Apparel,0.0,COD,39.0,CUST007414,594,5,0,178914,Courier_C,2,0.1319,2,2,0
ORD000087903,2026-08-12 10:12:28,1247.02,1,Electronics,22.38,UPI,0.0,CUST001851,189,2,0,823673,Courier_A,3,0.0539,3,1,0
ORD000097377,2026-08-30 02:37:49,1223.07,3,Beauty,11.13,COD,49.0,CUST004967,130,1,0,528196,Courier_E,1,0.3371,1,4,0
ORD000099367,2026-09-02 19:23:11,708.78,1,Electronics,39.34,COD,39.0,CUST028881,414,6,0,341690,Courier_A,2,0.1173,1,1,1
ORD000086429,2026-08-09 15:08:53,272.81,3,Apparel,27.79,UPI,0.0,CUST009359,146,4,0,368724,Courier_A,1,0.4994,2,1,0
ORD000097717,2026-08-30 18:48:01,521.59,3,Apparel,0.0,UPI,0.0,CUST002361,258,3,0,744761,Courier_A,3,0.083,1,5,0
ORD000094270,2026-08-24 08:28:08,1577.04,3,Electronics,5.07,Debit Card,0.0,CUST002356,457,3,0,139108,Courier_B,1,0.1735,4,1,0
ORD000095164,2026-08-26 00:50:39,661.53,1,Apparel,27.88,COD,39.0,CUST008135,516,7,0,731788,Courier_A,3,0.0922,0,1,0
ORD000088098,2026-08-12 17:37:23,912.64,1,Beauty,19.8,Credit Card,0.0,CUST002724,1481,5,0,312650,Courier_C,1,0.1846,1,2,0
ORD000091762,2026-08-19 17:21:25,1289.38,1,Electronics,0.0,COD,49.0,CUST011450,222,4,0,264116,Courier_A,3,0.3014,4,2,1
ORD000099979,2026-09-03 23:27:44,275.62,1,Apparel,24.95,Debit Card,0.0,CUST011678,81,1,0,550369,Courier_B,2,0.2425,1,1,1
ORD000098111,2026-08-31 12:18:36,552.6,2,Beauty,14.49,UPI,0.0,CUST007848,268,1,0,157373,Courier_B,3,0.6561,4,1,0
ORD000088597,2026-08-13 16:14:23,448.93,1,Electronics,6.64,Credit Card,0.0,CUST019737,99,4,0,504976,Courier_C,1,0.1315,1,1,0
ORD000087469,2026-08-11 15:07:23,810.66,2,Home,28.11,COD,49.0,CUST015792,48,3,0,714101,Courier_A,2,0.2467,0,1,1
ORD000094661,2026-08-25 01:43:24,666.15,2,Electronics,28.01,Debit Card,0.0,CUST024126,1294,3,1,822429,Courier_A,2,0.1463,1,1,0
ORD000091553,2026-08-19 06:48:59,154.32,1,Footwear,0.0,COD,29.0,CUST009356,240,5,0,429344,Courier_C,2,0.1612,4,4,0
ORD000094758,2026-08-25 05:59:13,537.23,2,Electronics,0.0,COD,39.0,CUST008953,331,5,1,865916,Courier_A,3,0.1168,2,15,0
ORD000091848,2026-08-19 20:14:27,342.85,1,Apparel,0.0,COD,49.0,CUST024131,1047,2,2,161063,Courier_D,3,0.2106,0,1,0
ORD000085417,2026-08-07 17:22:48,153.82,1,Electronics,0.0,COD,79.0,CUST007549,0,0,0,684370,Courier_E,1,0.2242,1,1,0
ORD000098187,2026-08-31 15:46:52,781.52,1,Footwear,26.06,COD,29.0,CUST021607,86,3,0,733081,Courier_A,3,0.1226,2,1,1
ORD000092733,2026-08-21 11:48:57,1345.59,3,Beauty,10.91,Credit Card,0.0,CUST016751,432,4,0,782085,Courier_C,2,0.3821,1,1,0
ORD000096758,2026-08-28 22:20:41,258.42,1,Footwear,14.79,COD,59.0,CUST009968,313,2,0,846257,Courier_D,1,0.2657,0,1,0
ORD000090204,2026-08-16 15:58:19,415.33,2,Beauty,0.0,Debit Card,0.0,CUST028366,187,2,0,717194,Courier_A,3,0.232,1,1,0
ORD000090291,2026-08-16 19:26:10,707.04,3,Footwear,0.0,COD,29.0,CUST026797,555,4,0,526706,Courier_B,2,0.266,1,1,0
ORD000090044,2026-08-16 09:11:36,569.24,1,Footwear,44.82,COD,49.0,CUST025400,1248,3,0,791259,Courier_A,2,0.035,1,1,0
ORD000097195,2026-08-29 18:02:09,247.14,1,Apparel,12.49,UPI,0.0,CUST004980,259,4,0,244802,Courier_D,2,0.1556,3,1,0
ORD000086620,2026-08-10 00:17:22,830.49,1,Footwear,26.97,COD,79.0,CUST009892,370,1,0,355903,Courier_C,2,0.0807,3,1,0
ORD000088316,2026-08-13 03:37:21,859.29,3,Footwear,0.0,UPI,0.0,CUST013759,236,4,0,724434,Courier_D,2,0.2566,1,1,0
ORD000090002,2026-08-16 07:13:49,448.61,3,Jewelry,14.82,COD,49.0,CUST022615,115,4,0,891113,Courier_E,2,0.264,3,1,0
ORD000085838,2026-08-08 13:08:10,660.24,4,Electronics,0.0,Debit Card,0.0,CUST011204,1870,1,0,803012,Courier_E,2,0.0869,4,1,0
ORD000095591,2026-08-26 20:43:41,582.23,3,Apparel,31.26,COD,29.0,CUST007786,442,2,0,401813,Courier_B,2,0.2535,0,2,1
ORD000094690,2026-08-25 03:14:09,458.61,1,Jewelry,0.0,UPI,0.0,CUST009086,353,7,0,590119,Courier_A,3,0.0526,2,1,0
ORD000097045,2026-08-29 10:53:39,837.45,1,Beauty,29.03,COD,29.0,CUST025702,323,5,1,512665,Courier_E,3,0.0484,0,1,0
ORD000094413,2026-08-24 14:48:35,219.42,4,Home,0.0,COD,39.0,CUST020050,198,3,0,500528,Courier_B,1,0.2417,1,1,0
ORD000093780,2026-08-23 08:39:01,474.1,5,Apparel,22.4,UPI,0.0,CUST009118,235,2,0,691898,Courier_B,1,0.3755,1,3,0
ORD000097250,2026-08-29 20:05:34,77.93,3,Jewelry,31.58,Credit Card,0.0,CUST007468,440,5,1,675360,Courier_B,2,0.0139,3,1,1
ORD000097939,2026-08-31 04:17:13,648.02,1,Apparel,37.91,COD,39.0,CUST027931,1564,1,0,238093,Courier_A,3,0.1751,1,1,0
ORD000087539,2026-08-11 18:09:49,363.08,3,Beauty,10.41,COD,39.0,CUST009587,357,0,0,238180,Courier_D,3,0.1122,3,1,0
ORD000092086,2026-08-20 06:10:08,215.13,1,Apparel,7.4,Net Banking,0.0,CUST019264,112,4,1,953016,Courier_E,3,0.1054,1,12,0
ORD000087953,2026-08-12 12:09:50,700.46,1,Apparel,0.0,Credit Card,0.0,CUST006061,962,7,0,491298,Courier_C,1,0.1099,0,1,0
ORD000095795,2026-08-27 05:37:01,480.35,3,Home,0.0,UPI,0.0,CUST022903,284,5,0,263269,Courier_C,1,0.2393,0,2,0
ORD000085632,2026-08-08 03:50:07,1493.29,3,Apparel,22.75,COD,49.0,CUST023737,80,1,0,907465,Courier_A,2,0.1003,0,1,0
ORD000086533,2026-08-09 20:51:39,2099.23,1,Apparel,0.0,COD,59.0,CUST029675,93,5,0,831938,Courier_B,2,0.3193,1,3,0
ORD000095013,2026-08-25 17:33:55,203.69,1,Apparel,15.53,COD,39.0,CUST005556,165,10,0,351203,Courier_C,2,0.1355,2,3,0
ORD000090452,2026-08-17 02:32:46,4850.7,2,Footwear,0.0,Net Banking,0.0,CUST000455,1181,6,0,547190,Courier_A,2,0.6549,1,1,0
ORD000088289,2026-08-13 01:57:44,410.33,1,Beauty,33.72,COD,79.0,CUST006257,253,2,0,352288,Courier_B,1,0.1721,2,1,0
ORD000089395,2026-08-15 04:21:06,348.33,2,Apparel,0.0,COD,59.0,CUST020266,22,4,0,709496,Courier_C,3,0.1142,4,1,0
ORD000099538,2026-09-03 03:46:30,312.77,2,Electronics,0.0,COD,59.0,CUST029466,468,3,1,436093,Courier_A,1,0.1388,1,2,0
ORD000093904,2026-08-23 15:28:11,463.83,2,Apparel,0.0,UPI,0.0,CUST011417,226,1,0,476035,Courier_A,1,0.2459,0,2,0
ORD000090857,2026-08-17 20:45:01,922.23,2,Footwear,0.0,COD,59.0,CUST011780,232,2,0,309256,Courier_E,2,0.2323,3,1,0
ORD000090156,2026-08-16 13:58:26,2467.34,3,Electronics,0.0,COD,49.0,CUST011821,337,2,0,729178,Courier_C,3,0.0,2,1,0
ORD000089459,2026-08-15 07:19:19,1144.77,4,Apparel,0.0,Debit Card,0.0,CUST025559,221,1,0,339714,Courier_A,2,0.0528,3,1,0
ORD000089286,2026-08-14 23:37:16,1458.86,2,Beauty,0.0,UPI,0.0,CUST004534,141,2,0,632716,Courier_C,2,0.0699,4,5,0
ORD000085784,2026-08-08 10:52:55,826.51,1,Footwear,0.0,UPI,0.0,CUST010362,210,5,0,341690,Courier_D,2,0.0899,2,1,0
ORD000090059,2026-08-16 10:07:58,1745.44,2,Apparel,0.0,COD,79.0,CUST024225,506,5,0,558329,Courier_A,2,0.0874,2,1,0
ORD000095161,2026-08-26 00:43:04,1042.72,3,Home,18.04,UPI,0.0,CUST019824,173,3,2,660873,Courier_B,1,0.1434,0,1,0
ORD000090521,2026-08-17 05:57:14,1352.6,6,Beauty,0.0,COD,39.0,CUST015010,345,3,2,941827,Courier_E,2,0.1474,1,5,0
ORD000099265,2026-09-02 14:40:55,1233.76,3,Apparel,18.62,COD,29.0,CUST017404,571,3,0,933183,Courier_C,2,0.437,1,4,0
ORD000098283,2026-08-31 20:24:27,458.73,2,Footwear,54.92,COD,39.0,CUST024963,1633,5,0,697324,Courier_B,2,0.1634,1,1,0
ORD000095090,2026-08-25 21:24:44,1177.04,1,Electronics,0.0,COD,39.0,CUST003891,595,2,1,981895,Courier_A,1,0.0831,0,1,0
ORD000091232,2026-08-18 14:41:27,4462.37,1,Beauty,5.54,COD,29.0,CUST012349,0,0,0,762648,Courier_B,2,0.0674,0,4,1
ORD000094993,2026-08-25 16:38:35,3010.94,2,Beauty,0.0,COD,39.0,CUST016321,262,6,0,117556,Courier_B,3,0.2562,0,5,0
ORD000096422,2026-08-28 07:53:25,768.51,2,Beauty,0.0,UPI,0.0,CUST023400,417,3,0,461780,Courier_B,3,0.1542,2,1,0
ORD000086642,2026-08-10 01:41:42,448.29,3,Beauty,0.0,COD,49.0,CUST027087,310,5,0,625244,Courier_C,3,0.0801,1,1,1
ORD000098637,2026-09-01 12:14:02,168.23,2,Beauty,0.0,COD,39.0,CUST016631,398,7,0,408056,Courier_A,1,0.3681,3,1,0
ORD000095563,2026-08-26 19:09:19,376.06,1,Electronics,16.74,Credit Card,0.0,CUST021773,888,2,0,694046,Courier_A,1,0.1985,0,1,0
ORD000098782,2026-09-01 17:40:38,166.99,1,Apparel,8.19,COD,99.0,CUST009284,23,2,0,221043,Courier_D,2,0.2176,5,1,0
ORD000095848,2026-08-27 08:18:18,1998.61,4,Jewelry,0.0,UPI,0.0,CUST004441,0,0,0,792986,Courier_D,1,0.2464,2,1,0
ORD000095639,2026-08-26 22:31:50,564.07,1,Apparel,8.53,COD,39.0,CUST023658,145,4,0,350253,Courier_A,1,0.2334,1,1,0
ORD000093805,2026-08-23 10:07:12,895.03,2,Apparel,0.0,UPI,0.0,CUST001039,52,1,0,769586,Courier_C,2,0.1298,2,1,0
ORD000087882,2026-08-12 09:28:30,738.56,2,Footwear,0.0,COD,20.0,CUST006811,241,4,1,343810,Courier_B,3,0.2658,0,3,1
ORD000099068,2026-09-02 06:41:22,640.14,2,Electronics,0.0,UPI,0.0,CUST000019,13,3,0,769586,Courier_A,2,0.0741,3,4,0
ORD000098251,2026-08-31 19:08:52,588.22,2,Apparel,0.0,COD,39.0,CUST022746,60,6,0,371116,Courier_C,1,0.1854,1,5,1
ORD000088046,2026-08-12 15:28:40,500.33,1,Home,24.36,UPI,0.0,CUST004315,131,4,1,865292,Courier_E,1,0.3484,1,1,0
ORD000089727,2026-08-15 18:12:21,912.9,5,Electronics,0.0,Debit Card,0.0,CUST019114,426,5,1,181380,Courier_D,2,0.2495,1,1,0
ORD000088190,2026-08-12 22:03:38,230.95,4,Home,25.87,COD,29.0,CUST000275,248,3,0,591794,Courier_D,1,0.104,1,1,0
ORD000088045,2026-08-12 15:28:17,1495.43,2,Apparel,24.06,COD,49.0,CUST029971,521,2,0,573736,Courier_A,1,0.2024,3,1,1
ORD000090603,2026-08-17 09:30:52,384.56,1,Electronics,0.0,UPI,0.0,CUST018267,116,6,1,176016,Courier_B,3,0.2146,1,1,0
ORD000092039,2026-08-20 04:34:57,637.76,1,Home,0.0,COD,39.0,CUST027817,51,4,0,974275,Courier_A,3,0.0678,1,3,0
ORD000099772,2026-09-03 13:23:52,277.58,2,Home,0.35,COD,49.0,CUST029063,71,4,0,360723,Courier_B,2,0.1946,4,1,0
ORD000091770,2026-08-19 17:32:34,261.97,1,Footwear,8.09,COD,49.0,CUST029750,444,3,0,531320,Courier_D,2,0.3877,2,20,1
ORD000099421,2026-09-02 21:51:13,87.2,2,Footwear,0.0,COD,20.0,CUST017273,1489,2,0,773267,Courier_E,3,0.2967,1,1,0
ORD000093756,2026-08-23 07:38:43,653.52,1,Apparel,0.0,Net Banking,0.0,CUST018885,243,2,0,225651,Courier_B,3,0.3285,2,1,0
ORD000085674,2026-08-08 05:55:05,997.16,2,Electronics,5.45,COD,49.0,CUST017626,78,4,0,424619,Courier_A,2,0.2394,4,4,0
ORD000087411,2026-08-11 12:08:58,211.23,2,Electronics,3.43,COD,39.0,CUST021407,267,5,0,295857,Courier_A,1,0.2771,0,1,0
ORD000091098,2026-08-18 08:06:33,992.06,1,Jewelry,0.0,UPI,0.0,CUST022867,14,1,0,540156,Courier_C,2,0.132,2,1,0
ORD000092830,2026-08-21 15:42:23,235.95,3,Apparel,4.5,Debit Card,0.0,CUST010837,239,3,0,436577,Courier_E,2,0.1259,1,1,0
ORD000099951,2026-09-03 21:42:29,2521.28,1,Beauty,0.0,COD,49.0,CUST020079,339,3,1,116043,Courier_B,1,0.1981,2,1,1
ORD000099767,2026-09-03 13:13:37,248.63,3,Footwear,25.25,COD,39.0,CUST005575,224,2,0,696461,Courier_B,1,0.1389,3,1,1
ORD000091601,2026-08-19 09:36:51,489.08,2,Footwear,27.4,COD,39.0,CUST023005,729,4,0,504976,Courier_A,1,0.1662,0,1,0
ORD000092592,2026-08-21 05:17:50,1114.26,2,Beauty,14.9,Debit Card,0.0,CUST001393,467,5,0,116043,Courier_D,1,0.2535,3,4,0
ORD000091774,2026-08-19 17:39:39,1131.56,2,Beauty,28.59,COD,39.0,CUST020837,105,3,0,573736,Courier_C,1,0.233,0,4,1
ORD000098720,2026-09-01 15:26:13,148.43,1,Electronics,0.0,COD,29.0,CUST025539,451,3,0,368724,Courier_A,1,0.5651,3,1,1
ORD000085500,2026-08-07 20:54:09,318.81,2,Footwear,0.0,Credit Card,0.0,CUST020582,125,2,0,868822,Courier_A,3,0.0335,2,1,0
ORD000094058,2026-08-23 22:56:54,1198.1,2,Jewelry,17.85,Debit Card,0.0,CUST029326,413,4,2,336963,Courier_A,1,0.0576,0,1,0
ORD000088488,2026-08-13 11:38:56,1284.63,1,Beauty,0.0,COD,29.0,CUST029603,2256,2,0,696461,Courier_A,1,0.1411,0,1,0
ORD000093508,2026-08-22 21:24:27,265.39,3,Electronics,0.0,COD,39.0,CUST014176,121,1,0,257097,Courier_E,2,0.0726,4,1,0
ORD000085124,2026-08-07 03:33:41,263.7,4,Footwear,15.62,UPI,0.0,CUST014483,70,2,0,909819,Courier_C,2,0.0608,1,3,0
ORD000086178,2026-08-09 03:58:33,201.09,2,Beauty,35.94,COD,39.0,CUST007872,295,4,0,258357,Courier_C,2,0.3667,1,2,0
ORD000086404,2026-08-09 14:31:43,862.16,2,Beauty,0.0,Net Banking,0.0,CUST012077,341,2,0,515463,Courier_A,2,0.0968,7,3,0
ORD000096336,2026-08-28 04:39:06,481.11,2,Apparel,0.0,Credit Card,0.0,CUST024044,347,3,0,926740,Courier_E,1,0.1167,3,17,0
ORD000090358,2026-08-16 22:35:51,468.93,2,Electronics,18.6,Debit Card,0.0,CUST020268,1236,3,1,475813,Courier_A,3,0.2976,4,1,0
ORD000095305,2026-08-26 07:40:21,166.19,2,Apparel,13.83,UPI,0.0,CUST008193,156,5,0,412449,Courier_A,2,0.1599,0,1,1
ORD000095965,2026-08-27 12:39:01,482.5,2,Electronics,19.76,COD,20.0,CUST022066,178,5,0,675360,Courier_B,2,0.0062,0,4,0
ORD000088005,2026-08-12 14:09:11,372.75,3,Apparel,0.0,COD,20.0,CUST017663,152,3,0,698997,Courier_A,2,0.1998,4,1,1
ORD000090300,2026-08-16 19:56:18,229.3,1,Jewelry,4.14,COD,39.0,CUST007572,68,4,0,172737,Courier_E,2,0.2221,1,1,0
ORD000085668,2026-08-08 05:34:58,266.46,3,Apparel,0.0,COD,79.0,CUST008229,1445,3,0,702215,Courier_B,3,0.0651,0,9,0
ORD000093305,2026-08-22 12:35:19,547.1,2,Footwear,0.0,COD,39.0,CUST021260,352,2,0,981939,Courier_B,2,0.2953,1,5,0
ORD000093056,2026-08-22 01:30:06,1189.76,1,Electronics,0.0,Credit Card,0.0,CUST001570,1192,4,1,418734,Courier_E,2,0.1148,4,1,1
ORD000094332,2026-08-24 11:36:29,705.41,3,Beauty,6.1,COD,59.0,CUST018555,51,3,0,962006,Courier_B,3,0.1592,2,1,1
ORD000088940,2026-08-14 07:37:16,1341.37,3,Footwear,10.81,Debit Card,0.0,CUST024124,335,3,0,388496,Courier_C,3,0.1401,1,1,0
ORD000086478,2026-08-09 18:10:03,699.29,3,Apparel,0.0,COD,99.0,CUST002455,985,5,0,930588,Courier_A,2,0.4394,1,1,0
ORD000096717,2026-08-28 20:35:55,217.37,1,Beauty,0.0,Debit Card,0.0,CUST012066,113,1,1,311815,Courier_D,2,0.1641,2,1,0
ORD000095458,2026-08-26 13:40:56,564.27,2,Footwear,0.0,Credit Card,0.0,CUST028187,126,6,0,315792,Courier_A,2,0.2388,1,1,0
ORD000097429,2026-08-30 05:07:15,533.1,2,Electronics,0.0,Net Banking,0.0,CUST008587,61,2,0,628425,Courier_B,3,0.0325,2,1,0
ORD000098323,2026-08-31 22:09:40,559.89,4,Apparel,0.0,COD,99.0,CUST024099,130,2,0,555402,Courier_B,2,0.2491,1,1,1
ORD000089122,2026-08-14 16:35:22,288.45,3,Apparel,11.75,COD,59.0,CUST012504,0,0,0,962762,Courier_A,2,0.2803,1,1,0
ORD000095177,2026-08-26 01:29:35,954.68,2,Beauty,0.0,UPI,0.0,CUST023619,279,1,0,320359,Courier_B,1,0.3741,1,1,1
ORD000098993,2026-09-02 03:09:25,1948.04,1,Beauty,35.46,UPI,0.0,CUST016152,585,5,0,257097,Courier_E,2,0.037,2,1,0
ORD000085564,2026-08-08 00:45:10,417.42,2,Home,16.75,Net Banking,0.0,CUST025643,128,7,1,350253,Courier_C,1,0.1793,1,1,1
ORD000090587,2026-08-17 08:39:40,1049.29,5,Footwear,0.0,COD,29.0,CUST007387,118,5,0,127709,Courier_A,2,0.2257,0,2,0
ORD000090315,2026-08-16 20:36:54,966.82,3,Apparel,0.0,COD,49.0,CUST001446,86,7,0,503849,Courier_B,1,0.4097,5,1,1
ORD000093992,2026-08-23 20:00:14,179.79,1,Apparel,0.0,COD,39.0,CUST014003,382,3,0,923308,Courier_B,2,0.3604,1,1,0
ORD000094051,2026-08-23 22:44:59,1362.33,2,Beauty,16.73,COD,29.0,CUST006938,525,4,0,793158,Courier_C,1,0.1968,0,1,0
ORD000092916,2026-08-21 18:46:15,2043.43,2,Home,16.77,UPI,0.0,CUST028621,374,3,0,928439,Courier_A,2,0.173,0,1,0
ORD000099083,2026-09-02 07:28:18,510.82,2,Apparel,7.08,UPI,0.0,CUST003555,103,2,0,981895,Courier_B,1,0.0842,1,18,0
ORD000090880,2026-08-17 21:55:16,673.52,3,Beauty,23.86,UPI,0.0,CUST011044,0,0,0,228695,Courier_A,3,0.1482,1,1,1
ORD000085762,2026-08-08 10:05:28,463.31,1,Home,22.76,COD,49.0,CUST021413,535,1,1,823673,Courier_D,3,0.0716,5,4,0
ORD000093943,2026-08-23 17:31:37,995.71,1,Electronics,0.0,COD,29.0,CUST003566,192,4,1,216808,Courier_C,3,0.2432,0,1,0
ORD000090370,2026-08-16 23:01:46,1117.89,1,Beauty,9.11,COD,39.0,CUST005393,1115,2,0,886576,Courier_A,2,0.2042,2,1,0
ORD000092330,2026-08-20 17:56:45,246.66,2,Apparel,0.0,Credit Card,0.0,CUST024872,248,3,0,927842,Courier_A,1,0.1339,0,1,0
ORD000088254,2026-08-13 00:46:05,1430.96,5,Jewelry,10.32,COD,29.0,CUST025025,133,4,0,119888,Courier_D,3,0.1902,2,2,0
ORD000087165,2026-08-10 23:57:39,1362.91,2,Footwear,44.06,COD,49.0,CUST007306,265,1,0,714101,Courier_D,2,0.2516,2,1,1
ORD000086901,2026-08-10 12:49:30,2254.79,1,Footwear,0.0,COD,39.0,CUST026071,180,4,0,847515,Courier_E,1,0.2401,2,1,0
ORD000094563,2026-08-24 21:23:29,1206.85,1,Apparel,8.7,Debit Card,0.0,CUST002331,70,2,0,654409,Courier_A,1,0.0807,1,4,0
ORD000089837,2026-08-15 23:31:00,587.81,4,Beauty,20.71,Net Banking,0.0,CUST016785,2363,5,0,245011,Courier_B,3,0.0416,1,1,0
ORD000096923,2026-08-29 05:08:05,295.46,2,Footwear,0.0,COD,79.0,CUST017255,217,5,0,864344,Courier_D,1,0.0704,1,1,0
ORD000085354,2026-08-07 14:01:07,700.22,2,Beauty,0.0,COD,79.0,CUST008643,96,4,0,137421,Courier_A,2,0.0885,1,1,0
ORD000092584,2026-08-21 04:48:00,341.53,1,Apparel,21.89,COD,39.0,CUST008554,174,5,1,987742,Courier_B,3,0.1881,1,3,0
ORD000087307,2026-08-11 07:03:51,691.98,1,Footwear,24.11,COD,79.0,CUST020649,789,3,0,672511,Courier_B,2,0.1576,1,1,0
ORD000094851,2026-08-25 09:49:34,764.29,2,Electronics,0.0,UPI,0.0,CUST002237,1144,5,0,192985,Courier_C,3,0.2912,1,1,0
ORD000085735,2026-08-08 08:29:54,1845.01,3,Jewelry,26.66,Credit Card,0.0,CUST022660,232,4,0,113112,Courier_B,3,0.0783,2,1,0
ORD000094499,2026-08-24 18:38:02,799.52,1,Footwear,0.0,COD,39.0,CUST000720,101,3,0,939425,Courier_E,2,0.1069,1,1,0
ORD000099159,2026-09-02 10:19:06,245.12,3,Electronics,0.0,COD,59.0,CUST015818,1032,2,0,809484,Courier_C,1,0.0748,0,1,0
ORD000093947,2026-08-23 17:59:00,192.72,3,Beauty,35.06,Credit Card,0.0,CUST012753,24,4,0,508282,Courier_C,3,0.0907,1,1,0
ORD000096486,2026-08-28 10:21:50,486.77,1,Electronics,0.0,COD,39.0,CUST023695,119,5,1,870294,Courier_B,1,0.3232,1,1,1
ORD000090585,2026-08-17 08:37:48,654.06,1,Footwear,24.21,UPI,0.0,CUST020761,52,2,1,198172,Courier_B,1,0.4466,3,14,0
ORD000096640,2026-08-28 17:15:49,1069.28,3,Footwear,15.04,Net Banking,0.0,CUST018891,175,6,0,349162,Courier_C,2,0.5574,0,1,0
ORD000088902,2026-08-14 05:49:02,545.06,3,Beauty,30.64,COD,49.0,CUST024803,517,2,0,821498,Courier_C,2,0.0763,3,1,1
ORD000098359,2026-08-31 23:33:21,533.94,1,Beauty,0.0,COD,49.0,CUST006454,2092,3,0,554088,Courier_E,2,0.1192,3,5,1
ORD000088912,2026-08-14 06:04:59,572.5,1,Beauty,0.0,COD,29.0,CUST022693,1223,2,0,454090,Courier_C,3,0.3354,0,1,0
ORD000088962,2026-08-14 08:44:51,308.1,3,Jewelry,0.0,UPI,0.0,CUST009310,203,5,1,218848,Courier_C,2,0.2299,2,1,1
ORD000094538,2026-08-24 20:13:48,341.75,1,Apparel,44.03,COD,49.0,CUST016594,161,4,0,489282,Courier_A,3,0.1359,3,2,0
ORD000095395,2026-08-26 11:15:38,210.53,3,Apparel,0.0,COD,29.0,CUST015694,0,0,0,764101,Courier_C,3,0.2757,0,1,0
ORD000085860,2026-08-08 14:24:42,734.27,2,Beauty,9.63,UPI,0.0,CUST011307,362,2,0,868770,Courier_B,2,0.0266,2,16,0
ORD000097650,2026-08-30 15:17:16,85.25,2,Footwear,52.11,UPI,0.0,CUST025649,408,8,0,383787,Courier_C,2,0.2557,2,1,0
ORD000095682,2026-08-27 00:14:29,788.01,2,Home,0.0,UPI,0.0,CUST006166,1046,4,1,470367,Courier_A,2,0.1553,0,1,0
ORD000092155,2026-08-20 09:08:46,1186.39,3,Beauty,0.0,Net Banking,0.0,CUST027430,0,0,0,351203,Courier_C,2,0.2051,3,1,0
ORD000093250,2026-08-22 10:19:21,2035.05,1,Apparel,0.0,UPI,0.0,CUST005827,181,3,0,611363,Courier_B,3,0.1503,2,1,0
ORD000098514,2026-09-01 06:29:12,1269.63,2,Apparel,13.99,Debit Card,0.0,CUST016117,210,4,0,962688,Courier_A,3,0.1703,0,1,0
ORD000090735,2026-08-17 15:26:02,403.84,2,Apparel,32.72,COD,79.0,CUST018054,615,0,0,847491,Courier_B,1,0.282,0,1,0
ORD000089906,2026-08-16 02:28:01,517.57,2,Apparel,0.0,UPI,0.0,CUST009424,182,2,0,807527,Courier_E,1,0.3047,1,5,0
ORD000088999,2026-08-14 11:02:57,324.2,3,Apparel,0.0,COD,39.0,CUST005302,405,3,0,831901,Courier_D,2,0.0437,1,1,0
ORD000090271,2026-08-16 18:12:25,633.64,5,Apparel,10.84,COD,39.0,CUST015443,0,0,0,608288,Courier_E,3,0.0,0,1,1
ORD000090417,2026-08-17 01:20:32,1338.07,1,Beauty,1.95,COD,49.0,CUST025567,71,3,0,841804,Courier_D,2,0.2772,2,2,0
ORD000085765,2026-08-08 10:13:45,1166.99,1,Electronics,8.48,COD,20.0,CUST029890,1758,3,0,433068,Courier_D,2,0.2838,4,20,1
ORD000086986,2026-08-10 17:10:11,523.34,2,Home,15.35,UPI,0.0,CUST006610,239,5,0,615198,Courier_D,2,0.0688,0,3,0
ORD000090435,2026-08-17 01:55:44,482.27,2,Apparel,14.73,UPI,0.0,CUST009927,19,2,0,841804,Courier_B,2,0.3605,1,1,0
ORD000091199,2026-08-18 13:02:15,480.27,3,Footwear,2.93,Net Banking,0.0,CUST014466,281,2,0,703930,Courier_C,1,0.0986,1,1,0
ORD000086163,2026-08-09 03:23:25,253.98,2,Beauty,0.0,UPI,0.0,CUST005382,137,2,0,764258,Courier_B,3,0.2442,2,1,0
ORD000094939,2026-08-25 13:58:58,1239.97,2,Footwear,0.0,Credit Card,0.0,CUST022116,149,3,0,476547,Courier_B,3,0.1006,2,1,0
ORD000089686,2026-08-15 16:42:41,490.65,2,Beauty,23.88,UPI,0.0,CUST012910,159,4,0,714101,Courier_C,2,0.2,3,1,0
ORD000089085,2026-08-14 15:07:45,110.67,1,Apparel,0.0,COD,29.0,CUST015201,354,3,0,378752,Courier_A,1,0.0329,0,1,0
ORD000087477,2026-08-11 15:25:32,1188.26,3,Home,19.63,Credit Card,0.0,CUST025165,87,3,1,666744,Courier_B,2,0.0229,0,7,0
ORD000099190,2026-09-02 11:46:21,840.18,3,Footwear,0.0,COD,39.0,CUST002581,473,4,0,590305,Courier_B,2,0.1202,3,1,0
ORD000099550,2026-09-03 04:13:59,528.1,2,Apparel,0.0,UPI,0.0,CUST029453,432,6,0,964105,Courier_A,2,0.3116,0,1,0
ORD000098906,2026-09-01 23:12:06,620.1,3,Footwear,34.52,COD,49.0,CUST025691,99,4,1,549078,Courier_A,1,0.2225,3,1,0
ORD000095855,2026-08-27 08:28:02,1496.98,4,Footwear,21.77,COD,79.0,CUST009302,122,3,1,316724,Courier_A,1,0.1555,1,6,1
ORD000098327,2026-08-31 22:30:16,267.73,3,Apparel,0.0,COD,99.0,CUST026073,125,5,0,865292,Courier_C,1,0.3715,1,4,0
ORD000092328,2026-08-20 17:45:55,936.24,2,Electronics,0.0,UPI,0.0,CUST016091,665,7,0,257536,Courier_C,2,0.2809,4,1,0
ORD000085551,2026-08-07 23:56:31,368.96,2,Footwear,21.1,COD,39.0,CUST029391,108,0,0,839684,Courier_A,1,0.294,1,1,0
ORD000088439,2026-08-13 09:22:32,1196.94,3,Home,0.0,Credit Card,0.0,CUST012606,1135,3,0,526706,Courier_A,2,0.3533,0,1,0
ORD000097476,2026-08-30 07:01:14,920.46,1,Apparel,0.0,Credit Card,0.0,CUST016459,334,3,0,128700,Courier_A,3,0.2464,1,1,0
ORD000094060,2026-08-23 23:07:29,1486.94,2,Electronics,0.0,COD,49.0,CUST017423,2102,3,0,258357,Courier_C,2,0.3105,0,1,0
ORD000093641,2026-08-23 02:40:42,131.19,2,Home,0.0,COD,49.0,CUST024023,168,3,0,488082,Courier_B,1,0.2081,0,1,0
ORD000096332,2026-08-28 04:26:49,1171.27,2,Apparel,0.0,COD,49.0,CUST000242,243,4,0,334819,Courier_E,2,0.2543,1,1,1
ORD000094279,2026-08-24 08:47:49,391.79,2,Beauty,0.0,UPI,0.0,CUST002105,121,2,1,526706,Courier_E,2,0.2481,1,1,0
ORD000095584,2026-08-26 20:27:20,237.29,1,Footwear,0.0,Debit Card,0.0,CUST012602,388,0,0,515463,Courier_E,2,0.139,3,4,0
ORD000099721,2026-09-03 11:38:07,75.97,3,Footwear,30.08,UPI,0.0,CUST018229,21,5,1,684997,Courier_B,2,0.3195,1,1,0
ORD000092812,2026-08-21 15:03:53,78.34,4,Home,0.0,COD,29.0,CUST029945,1938,3,0,954194,Courier_A,1,0.0,0,4,0
ORD000090092,2026-08-16 11:37:27,262.77,2,Beauty,0.0,UPI,0.0,CUST014950,80,5,0,265163,Courier_C,2,0.0,2,4,1
ORD000089814,2026-08-15 22:30:59,1280.5,1,Electronics,19.74,COD,79.0,CUST004343,442,3,2,365062,Courier_B,2,0.2302,2,1,0
ORD000089183,2026-08-14 19:13:22,1338.3,3,Home,0.0,UPI,0.0,CUST006359,648,1,1,275250,Courier_A,2,0.2055,2,1,0
ORD000093861,2026-08-23 13:01:11,649.39,1,Apparel,0.0,Credit Card,0.0,CUST023028,105,1,0,396628,Courier_C,2,0.0865,2,1,1
ORD000097838,2026-08-30 23:59:46,589.3,2,Electronics,0.0,UPI,0.0,CUST020444,792,4,0,227041,Courier_B,1,0.2103,2,5,0
ORD000093970,2026-08-23 18:52:35,398.74,2,Beauty,0.0,UPI,0.0,CUST021401,21,1,0,530251,Courier_A,1,0.1336,1,1,0
ORD000094405,2026-08-24 14:29:52,248.35,1,Electronics,0.0,UPI,0.0,CUST021134,337,1,0,587634,Courier_C,1,0.1986,0,1,0
ORD000092635,2026-08-21 07:12:12,817.8,3,Beauty,0.0,COD,49.0,CUST012432,674,2,0,504071,Courier_D,1,0.0415,1,1,0
ORD000095551,2026-08-26 18:25:24,451.95,4,Home,29.62,COD,49.0,CUST028849,422,5,0,902957,Courier_C,2,0.0741,1,3,1
ORD000098960,2026-09-02 01:42:03,197.14,2,Electronics,32.94,COD,29.0,CUST019734,861,6,0,827168,Courier_A,3,0.1703,1,1,0
ORD000098296,2026-08-31 21:05:01,430.15,1,Home,0.0,Credit Card,0.0,CUST025924,1862,6,0,847491,Courier_B,1,0.2517,2,1,0
ORD000090597,2026-08-17 09:18:28,1239.95,3,Apparel,0.0,COD,39.0,CUST020446,137,2,0,939425,Courier_B,2,0.1153,0,1,0
ORD000091166,2026-08-18 11:29:26,2342.28,4,Home,22.92,Credit Card,0.0,CUST026150,54,1,0,145116,Courier_A,1,0.0665,3,1,0
ORD000091878,2026-08-19 21:25:02,455.76,3,Electronics,17.1,Credit Card,0.0,CUST022134,73,2,0,837709,Courier_C,2,0.2352,4,1,0
ORD000098956,2026-09-02 01:38:53,526.91,1,Electronics,0.0,Debit Card,0.0,CUST023779,298,4,0,764101,Courier_A,3,0.2414,0,1,0
ORD000093429,2026-08-22 18:38:04,1257.72,2,Apparel,24.84,COD,39.0,CUST002594,29,4,0,931973,Courier_D,3,0.314,3,4,1
ORD000099362,2026-09-02 19:10:00,489.77,2,Electronics,0.0,COD,59.0,CUST021097,1285,5,0,997140,Courier_D,1,0.2668,1,1,0
ORD000087138,2026-08-10 23:05:18,904.73,2,Electronics,0.0,COD,49.0,CUST005641,68,7,0,804118,Courier_A,3,0.2711,1,1,1
ORD000097561,2026-08-30 10:47:10,230.33,2,Apparel,24.66,COD,20.0,CUST029730,261,3,0,352288,Courier_C,1,0.1911,4,5,0
ORD000093977,2026-08-23 19:19:03,457.25,1,Electronics,7.35,UPI,0.0,CUST029958,548,2,0,180968,Courier_B,2,0.1905,0,1,1
ORD000094821,2026-08-25 08:27:00,250.09,2,Electronics,0.0,COD,49.0,CUST001338,139,2,0,250136,Courier_C,1,0.2189,0,1,0
ORD000090014,2026-08-16 07:59:34,1231.16,3,Apparel,37.19,Credit Card,0.0,CUST006226,368,3,0,951133,Courier_A,2,0.2653,2,4,0
ORD000086204,2026-08-09 05:39:06,771.78,2,Electronics,0.0,UPI,0.0,CUST016896,0,0,0,304008,Courier_A,3,0.2417,0,1,0
ORD000096165,2026-08-27 20:56:47,471.68,1,Apparel,22.18,UPI,0.0,CUST011167,368,1,0,696209,Courier_E,2,0.16,5,1,0
ORD000091384,2026-08-18 22:03:21,996.28,2,Apparel,14.46,Debit Card,0.0,CUST024532,349,2,0,436093,Courier_E,1,0.1062,2,1,0
ORD000089223,2026-08-14 20:59:17,236.81,2,Apparel,0.0,COD,99.0,CUST022463,408,5,0,599588,Courier_A,1,0.2684,2,2,0
ORD000092072,2026-08-20 05:38:51,768.41,1,Electronics,0.0,UPI,0.0,CUST009874,72,1,0,430264,Courier_A,2,0.0865,0,1,1
ORD000092223,2026-08-20 13:27:47,866.62,2,Beauty,0.0,COD,99.0,CUST006333,352,3,0,222847,Courier_A,2,0.256,0,5,0
ORD000089706,2026-08-15 17:12:04,911.71,2,Footwear,0.0,UPI,0.0,CUST027738,1977,4,1,709428,Courier_E,2,0.131,4,3,0
ORD000094841,2026-08-25 09:21:49,779.22,2,Jewelry,21.64,UPI,0.0,CUST012893,265,3,1,914384,Courier_A,2,0.3791,1,1,0
ORD000092331,2026-08-20 17:56:54,785.59,1,Beauty,26.1,UPI,0.0,CUST017286,415,4,0,951133,Courier_A,2,0.2493,0,1,1
ORD000088227,2026-08-12 23:23:24,569.4,1,Electronics,0.0,COD,29.0,CUST001136,1651,1,0,865292,Courier_B,1,0.3075,3,1,1
ORD000090799,2026-08-17 18:25:41,674.32,2,Electronics,27.31,COD,39.0,CUST021548,475,3,0,292941,Courier_C,1,0.2006,3,1,0
ORD000092068,2026-08-20 05:25:16,677.52,2,Apparel,34.15,COD,59.0,CUST011087,133,6,0,880310,Courier_C,3,0.2041,1,1,0
ORD000090699,2026-08-17 13:33:48,421.61,1,Footwear,12.85,COD,39.0,CUST023969,77,5,0,371116,Courier_B,1,0.1813,2,4,0
ORD000090119,2026-08-16 12:21:34,1093.48,3,Apparel,0.0,COD,59.0,CUST016328,12,4,0,807143,Courier_A,3,0.2867,3,1,0
ORD000092835,2026-08-21 15:58:31,265.99,1,Footwear,0.0,COD,49.0,CUST020769,507,4,0,823556,Courier_E,2,0.1708,1,1,1
ORD000085642,2026-08-08 04:19:38,157.42,1,Jewelry,20.81,Credit Card,0.0,CUST003220,330,5,0,383787,Courier_A,2,0.2667,0,2,0
ORD000098320,2026-08-31 22:05:09,139.66,1,Apparel,24.83,UPI,0.0,CUST016973,156,3,1,476634,Courier_A,2,0.1373,0,1,0
ORD000093227,2026-08-22 09:10:37,448.82,4,Footwear,0.0,COD,49.0,CUST007757,91,3,0,312071,Courier_E,1,0.1659,0,1,0
ORD000093443,2026-08-22 19:20:07,2361.85,4,Electronics,0.0,COD,49.0,CUST013210,87,3,1,263224,Courier_D,2,0.3738,3,5,1
ORD000090920,2026-08-17 23:48:44,508.22,2,Home,27.58,UPI,0.0,CUST015158,541,4,0,468940,Courier_A,1,0.3446,1,1,0
ORD000098897,2026-09-01 22:51:41,85.83,2,Electronics,16.63,UPI,0.0,CUST026365,1144,5,1,444894,Courier_C,1,0.1226,1,1,0
ORD000097289,2026-08-29 22:06:57,377.92,1,Electronics,0.0,COD,79.0,CUST006967,267,1,0,396628,Courier_A,2,0.1259,0,3,0
ORD000094591,2026-08-24 22:34:30,122.87,2,Jewelry,0.0,COD,79.0,CUST002536,49,4,0,199508,Courier_A,2,0.5328,0,1,0
ORD000087552,2026-08-11 18:47:08,93.01,1,Apparel,0.0,COD,20.0,CUST015695,337,3,0,843122,Courier_B,2,0.2542,3,1,0
ORD000089737,2026-08-15 18:43:51,823.15,5,Beauty,18.23,COD,20.0,CUST010190,2092,5,0,231485,Courier_A,1,0.3106,1,1,0
ORD000098373,2026-08-31 23:56:23,121.55,2,Footwear,0.0,COD,39.0,CUST011137,285,3,0,488273,Courier_C,1,0.2956,0,5,0
ORD000094197,2026-08-24 05:15:07,247.63,1,Beauty,9.54,UPI,0.0,CUST012855,474,2,0,931926,Courier_C,2,0.0442,1,1,0
ORD000094134,2026-08-24 02:34:26,330.07,1,Home,0.0,COD,39.0,CUST016197,192,4,1,822429,Courier_A,2,0.1575,3,1,0
ORD000095717,2026-08-27 01:49:02,126.48,3,Jewelry,18.8,COD,59.0,CUST027979,329,3,2,106365,Courier_D,3,0.2556,1,1,1
ORD000099945,2026-09-03 21:35:26,333.53,3,Apparel,16.71,Net Banking,0.0,CUST006917,138,3,0,526724,Courier_E,2,0.162,1,1,0
ORD000093421,2026-08-22 18:21:23,983.47,1,Electronics,0.0,Credit Card,0.0,CUST003022,186,3,0,702215,Courier_C,3,0.0986,0,1,0
ORD000099840,2026-09-03 16:30:00,403.97,3,Beauty,26.09,UPI,0.0,CUST007241,515,3,0,516528,Courier_A,1,0.0937,1,5,0
ORD000085206,2026-08-07 06:59:41,342.76,2,Apparel,26.21,COD,49.0,CUST013230,0,0,0,275250,Courier_E,2,0.2601,1,1,1
ORD000099816,2026-09-03 15:28:42,727.15,3,Apparel,0.0,UPI,0.0,CUST000730,97,3,0,865643,Courier_D,2,0.259,3,18,0
ORD000097711,2026-08-30 18:24:58,531.09,6,Beauty,15.9,Debit Card,0.0,CUST015405,790,8,2,639465,Courier_C,3,0.1956,1,1,0
ORD000096065,2026-08-27 16:40:54,3087.96,2,Beauty,34.03,COD,39.0,CUST012876,3650,2,0,926416,Courier_B,3,0.3961,2,1,0
ORD000096478,2026-08-28 09:55:08,2357.14,1,Home,5.12,COD,59.0,CUST015751,1815,4,0,523573,Courier_D,1,0.1936,4,1,0
ORD000096935,2026-08-29 05:45:51,1075.15,1,Apparel,17.04,UPI,0.0,CUST013484,532,2,0,550369,Courier_A,2,0.2002,4,1,0
ORD000099171,2026-09-02 10:57:39,2030.45,2,Apparel,4.07,UPI,0.0,CUST018609,132,3,0,549078,Courier_E,1,0.2268,2,3,0
ORD000093411,2026-08-22 18:01:47,1980.5,3,Home,0.0,COD,49.0,CUST024390,918,7,1,756541,Courier_C,1,0.1457,3,1,0
ORD000099494,2026-09-03 01:48:45,3481.57,1,Apparel,0.0,COD,59.0,CUST017148,409,3,0,608217,Courier_E,2,0.1165,0,5,0
ORD000088727,2026-08-13 22:00:15,781.13,1,Apparel,0.0,COD,29.0,CUST007538,358,2,0,554360,Courier_D,2,0.2825,4,1,0
ORD000090973,2026-08-18 01:55:52,2475.12,2,Apparel,18.31,COD,59.0,CUST015968,278,3,0,468940,Courier_A,1,0.3089,2,1,1
ORD000091008,2026-08-18 03:39:16,536.53,2,Beauty,33.85,COD,59.0,CUST000141,32,7,2,274990,Courier_A,2,0.103,1,4,1
ORD000095420,2026-08-26 12:04:50,402.53,3,Jewelry,12.42,COD,39.0,CUST014554,367,0,0,388393,Courier_A,2,0.111,1,1,0
ORD000091513,2026-08-19 04:48:59,435.1,3,Footwear,34.92,COD,29.0,CUST018898,0,0,0,418734,Courier_D,2,0.1397,2,4,0
ORD000092859,2026-08-21 16:58:17,2062.35,1,Beauty,23.85,COD,79.0,CUST026383,990,5,0,702215,Courier_A,3,0.1031,3,2,0
ORD000094441,2026-08-24 15:56:39,537.41,2,Jewelry,0.0,COD,59.0,CUST022959,73,4,0,670693,Courier_B,1,0.2385,1,1,0
ORD000095339,2026-08-26 09:14:06,175.42,2,Footwear,0.0,COD,20.0,CUST022128,302,4,0,353929,Courier_C,2,0.378,3,1,0
ORD000099120,2026-09-02 08:40:09,902.62,1,Footwear,10.26,COD,59.0,CUST013033,370,2,0,943477,Courier_B,2,0.2286,1,1,1
ORD000093546,2026-08-22 22:56:37,403.6,2,Electronics,0.0,Credit Card,0.0,CUST002451,44,3,0,363985,Courier_A,2,0.1841,0,1,0
ORD000093842,2026-08-23 12:09:59,1670.34,1,Apparel,11.21,Debit Card,0.0,CUST004065,38,3,0,667890,Courier_D,1,0.2091,1,1,0
ORD000089067,2026-08-14 13:57:45,1977.48,3,Electronics,15.98,Credit Card,0.0,CUST025457,70,1,0,709496,Courier_B,3,0.0916,6,1,0
ORD000093178,2026-08-22 07:06:43,1743.86,2,Beauty,0.0,UPI,0.0,CUST009698,306,7,0,673226,Courier_E,3,0.1533,0,18,1
ORD000087895,2026-08-12 09:57:28,2114.16,2,Footwear,0.0,Credit Card,0.0,CUST000913,127,4,0,664100,Courier_B,2,0.2061,3,1,0
ORD000085697,2026-08-08 06:45:19,295.7,1,Beauty,0.0,COD,49.0,CUST014670,181,0,0,438636,Courier_A,2,0.2017,1,1,1
ORD000089098,2026-08-14 15:34:29,768.98,1,Apparel,24.15,UPI,0.0,CUST024680,336,0,0,764844,Courier_A,3,0.1008,2,3,0
ORD000091721,2026-08-19 15:29:04,485.93,2,Apparel,13.64,UPI,0.0,CUST001281,765,5,0,470367,Courier_A,2,0.2235,0,4,0
ORD000088910,2026-08-14 06:04:05,1844.38,1,Apparel,0.0,UPI,0.0,CUST016915,220,0,0,729597,Courier_E,2,0.1893,0,4,1
ORD000085942,2026-08-08 18:04:04,1510.54,1,Footwear,28.96,UPI,0.0,CUST017531,410,4,0,666744,Courier_A,2,0.0,2,3,0
ORD000094381,2026-08-24 13:24:33,837.22,3,Beauty,0.0,UPI,0.0,CUST002121,490,2,0,786081,Courier_D,3,0.3127,0,1,0
ORD000086203,2026-08-09 05:38:49,168.17,3,Footwear,16.72,COD,79.0,CUST006841,110,5,0,225693,Courier_C,2,0.2344,2,1,0
ORD000094606,2026-08-24 23:06:48,50.0,3,Home,7.13,COD,29.0,CUST018707,1423,2,0,494711,Courier_C,3,0.4886,2,1,0
ORD000095376,2026-08-26 10:38:04,187.57,5,Electronics,0.0,UPI,0.0,CUST000713,59,2,0,831938,Courier_A,2,0.2323,1,1,0
ORD000096887,2026-08-29 03:28:58,225.83,1,Apparel,0.0,COD,29.0,CUST022255,763,1,0,971812,Courier_B,1,0.0433,2,1,1
ORD000085242,2026-08-07 08:41:30,50.0,2,Beauty,10.32,Credit Card,0.0,CUST022136,536,1,1,331725,Courier_A,3,0.0929,3,1,0
ORD000085579,2026-08-08 01:25:17,108.65,2,Electronics,13.74,COD,49.0,CUST021641,544,3,0,119888,Courier_A,3,0.1628,1,4,0
ORD000092791,2026-08-21 13:54:14,281.33,1,Home,24.8,Credit Card,0.0,CUST020905,277,1,0,615198,Courier_A,2,0.0415,0,1,0
ORD000086348,2026-08-09 12:08:24,270.79,2,Apparel,0.0,Credit Card,0.0,CUST008238,217,5,0,348817,Courier_A,2,0.1233,0,1,0
ORD000089974,2026-08-16 05:49:14,350.71,3,Electronics,8.32,UPI,0.0,CUST024593,63,5,0,309225,Courier_E,1,0.0904,2,1,0
ORD000088880,2026-08-14 05:01:26,1485.03,2,Beauty,15.94,Net Banking,0.0,CUST000083,351,6,0,490092,Courier_D,3,0.0411,2,1,1
ORD000099186,2026-09-02 11:38:57,1216.72,2,Apparel,0.0,Credit Card,0.0,CUST028649,607,1,0,122359,Courier_C,2,0.0,1,1,0
ORD000097510,2026-08-30 08:37:44,1347.22,3,Home,0.0,COD,29.0,CUST014844,14,5,0,515463,Courier_A,2,0.1413,1,4,0
ORD000090481,2026-08-17 03:58:34,275.73,3,Home,0.0,COD,79.0,CUST009577,274,4,0,823251,Courier_A,1,0.2529,2,4,0
ORD000095379,2026-08-26 10:44:56,1263.56,1,Apparel,16.4,COD,49.0,CUST026936,411,1,0,887116,Courier_A,2,0.2137,3,1,0
ORD000099161,2026-09-02 10:27:45,1914.04,1,Home,10.04,Debit Card,0.0,CUST013496,42,5,0,843085,Courier_B,2,0.1737,1,1,0
ORD000090979,2026-08-18 02:03:28,2826.41,2,Jewelry,0.0,Debit Card,0.0,CUST027333,135,5,0,349162,Courier_A,2,0.4018,2,4,0
ORD000087352,2026-08-11 09:26:04,1866.35,2,Electronics,28.26,UPI,0.0,CUST021659,139,3,0,729799,Courier_B,1,0.5735,2,1,0
ORD000097462,2026-08-30 06:29:38,420.18,3,Apparel,14.14,COD,49.0,CUST006227,297,1,0,793758,Courier_B,1,0.0949,1,16,0
ORD000096048,2026-08-27 16:02:16,1469.48,2,Beauty,35.98,UPI,0.0,CUST015526,76,5,0,953629,Courier_D,1,0.0,0,1,0
ORD000091683,2026-08-19 13:36:45,171.52,4,Beauty,15.94,Credit Card,0.0,CUST029327,175,5,0,543108,Courier_B,2,0.1614,1,1,0
ORD000085599,2026-08-08 02:16:21,701.9,3,Electronics,26.65,UPI,0.0,CUST026100,317,8,0,717284,Courier_A,3,0.362,1,1,1
ORD000091303,2026-08-18 18:24:36,878.63,2,Beauty,5.54,UPI,0.0,CUST027006,2293,4,2,974063,Courier_C,2,0.2758,1,1,0
ORD000089424,2026-08-15 05:33:14,2664.76,3,Apparel,36.1,UPI,0.0,CUST007742,166,5,0,858870,Courier_A,1,0.2902,4,1,0
ORD000094178,2026-08-24 04:22:25,762.27,3,Footwear,0.0,Credit Card,0.0,CUST019214,1052,0,0,752908,Courier_A,2,0.3835,1,1,0
ORD000099611,2026-09-03 06:42:18,362.73,2,Footwear,33.62,UPI,0.0,CUST016145,234,0,0,261232,Courier_C,3,0.119,2,9,0
ORD000095484,2026-08-26 15:38:10,215.07,3,Electronics,0.0,COD,79.0,CUST014743,249,4,0,436093,Courier_A,1,0.0671,3,3,0
ORD000086686,2026-08-10 03:31:48,392.53,2,Apparel,0.0,UPI,0.0,CUST008079,142,2,0,550528,Courier_A,3,0.1514,3,1,0
ORD000096170,2026-08-27 21:10:59,2617.88,3,Electronics,17.67,UPI,0.0,CUST028070,1657,3,0,272979,Courier_E,1,0.049,2,5,0
ORD000091328,2026-08-18 19:37:27,136.96,2,Beauty,7.73,UPI,0.0,CUST000118,482,3,0,962949,Courier_B,1,0.4455,1,20,0
ORD000087616,2026-08-11 21:08:51,603.21,1,Jewelry,33.14,Debit Card,0.0,CUST013262,178,3,1,697772,Courier_D,1,0.0155,3,1,1
ORD000097804,2026-08-30 22:43:27,86.06,1,Apparel,28.2,COD,39.0,CUST012864,152,2,0,373292,Courier_B,3,0.3103,2,19,0
ORD000085745,2026-08-08 09:10:27,156.27,1,Apparel,9.45,UPI,0.0,CUST005925,352,7,1,800785,Courier_D,3,0.0068,4,1,0
ORD000094302,2026-08-24 09:59:47,363.42,2,Apparel,0.0,COD,79.0,CUST015034,30,6,0,815357,Courier_B,1,0.0928,1,1,0
ORD000097940,2026-08-31 04:18:56,425.23,3,Electronics,26.97,COD,49.0,CUST028365,148,2,0,749451,Courier_B,3,0.2934,3,1,0
ORD000096645,2026-08-28 17:28:12,438.06,2,Apparel,0.0,COD,39.0,CUST025114,432,1,0,119888,Courier_E,3,0.1938,1,16,1
ORD000086174,2026-08-09 03:49:30,1371.4,2,Home,40.57,COD,59.0,CUST018359,112,2,0,238180,Courier_A,3,0.0571,0,1,1
ORD000094398,2026-08-24 14:11:07,563.85,2,Electronics,0.0,COD,49.0,CUST005216,127,2,0,509843,Courier_C,1,0.2077,1,3,0
ORD000089457,2026-08-15 07:11:57,640.4,3,Footwear,15.22,UPI,0.0,CUST021556,1277,6,1,501177,Courier_C,3,0.1314,0,1,0
ORD000094387,2026-08-24 13:39:51,894.64,2,Electronics,13.14,COD,49.0,CUST001728,123,1,0,216808,Courier_E,3,0.2478,1,5,1
ORD000085468,2026-08-07 20:00:11,815.22,2,Apparel,0.0,COD,49.0,CUST021141,108,1,0,929407,Courier_C,1,0.1383,3,1,1
ORD000086812,2026-08-10 08:39:10,892.71,1,Beauty,0.0,COD,49.0,CUST010844,147,3,2,983619,Courier_B,1,0.2305,1,2,0
ORD000091905,2026-08-19 22:46:54,368.94,1,Apparel,0.0,UPI,0.0,CUST029565,121,4,1,849763,Courier_E,1,0.4677,0,1,0
ORD000095207,2026-08-26 02:57:35,880.69,1,Home,27.74,UPI,0.0,CUST010605,60,3,0,887116,Courier_A,2,0.1801,3,1,0
ORD000094546,2026-08-24 20:29:23,704.91,2,Apparel,2.8,COD,39.0,CUST016572,114,2,0,522163,Courier_C,3,0.2052,2,1,0
ORD000089316,2026-08-15 00:40:34,507.98,2,Footwear,12.03,COD,29.0,CUST018365,110,4,0,815497,Courier_E,2,0.3882,2,4,0
ORD000085965,2026-08-08 19:05:50,543.45,1,Apparel,32.71,UPI,0.0,CUST007020,899,1,0,752908,Courier_C,2,0.347,0,1,0
ORD000087189,2026-08-11 01:10:29,1225.9,3,Beauty,33.23,UPI,0.0,CUST000611,168,2,0,312879,Courier_D,1,0.0846,3,1,0
ORD000090173,2026-08-16 14:36:56,494.72,2,Jewelry,0.0,COD,29.0,CUST017303,82,6,0,628425,Courier_B,3,0.0382,2,3,1
ORD000087354,2026-08-11 09:32:52,384.73,2,Jewelry,14.06,COD,29.0,CUST007394,100,3,0,320359,Courier_D,1,0.4565,0,1,0
ORD000090768,2026-08-17 17:21:21,546.86,3,Footwear,19.62,COD,49.0,CUST019538,224,3,0,951351,Courier_E,2,0.099,0,1,0
ORD000085896,2026-08-08 16:28:56,147.05,1,Beauty,22.9,UPI,0.0,CUST021187,105,5,0,361634,Courier_E,2,0.2612,1,1,0
ORD000092642,2026-08-21 07:42:11,891.73,4,Beauty,31.14,COD,99.0,CUST020602,424,5,0,611363,Courier_D,3,0.1355,2,2,1
ORD000091183,2026-08-18 12:25:09,529.92,4,Home,0.0,COD,59.0,CUST013894,203,0,0,610234,Courier_A,3,0.1647,1,1,0
ORD000089705,2026-08-15 17:11:24,967.0,2,Apparel,19.84,COD,39.0,CUST017210,69,0,0,225738,Courier_A,2,0.0639,3,1,1
ORD000097069,2026-08-29 11:54:12,903.98,1,Electronics,3.83,COD,79.0,CUST004055,404,3,0,497993,Courier_A,2,0.223,1,1,1
ORD000086336,2026-08-09 11:50:49,313.63,2,Home,25.86,COD,39.0,CUST002211,235,7,0,501177,Courier_B,3,0.1526,1,1,0
ORD000097422,2026-08-30 04:31:08,704.09,1,Electronics,0.0,COD,79.0,CUST006853,673,2,0,430623,Courier_D,2,0.4004,2,1,0
ORD000097079,2026-08-29 12:21:58,442.77,2,Footwear,15.37,UPI,0.0,CUST029546,185,3,0,813035,Courier_D,2,0.1614,3,1,0
ORD000093631,2026-08-23 02:22:03,4107.88,1,Footwear,31.15,UPI,0.0,CUST028091,82,4,1,146484,Courier_A,3,0.1494,2,1,0
ORD000092693,2026-08-21 09:57:02,1271.13,1,Footwear,0.0,UPI,0.0,CUST013720,134,5,0,355903,Courier_C,2,0.1316,0,1,0
ORD000088500,2026-08-13 12:09:12,1408.85,2,Apparel,25.77,COD,49.0,CUST016661,43,3,1,885352,Courier_A,1,0.0972,2,1,1
ORD000093710,2026-08-23 05:51:22,1046.99,1,Electronics,0.0,Credit Card,0.0,CUST022848,1177,4,0,659481,Courier_D,3,0.1085,0,14,0
ORD000094964,2026-08-25 15:15:14,1962.93,1,Apparel,0.0,COD,39.0,CUST027584,189,6,0,132540,Courier_A,3,0.1933,1,2,0
ORD000097817,2026-08-30 23:09:25,494.36,1,Electronics,0.0,UPI,0.0,CUST018028,310,1,0,151500,Courier_A,1,0.159,0,10,0
ORD000099306,2026-09-02 16:42:43,148.88,4,Footwear,24.43,UPI,0.0,CUST029287,417,3,0,976980,Courier_A,3,0.15,0,1,0
ORD000096216,2026-08-27 22:57:47,834.59,3,Electronics,0.0,COD,29.0,CUST020543,608,1,0,764258,Courier_D,3,0.2977,1,1,0
ORD000093760,2026-08-23 07:46:45,328.2,1,Home,0.0,Credit Card,0.0,CUST017080,296,1,0,504905,Courier_E,3,0.2296,1,1,0
ORD000088821,2026-08-14 02:16:39,476.43,3,Apparel,0.0,UPI,0.0,CUST026719,503,2,0,262513,Courier_E,1,0.4258,3,3,0
ORD000092729,2026-08-21 11:35:33,270.88,2,Footwear,10.32,COD,39.0,CUST019437,502,5,0,549078,Courier_D,1,0.199,1,1,1
ORD000097338,2026-08-30 00:24:46,301.05,1,Beauty,15.32,Net Banking,0.0,CUST020438,117,4,0,587093,Courier_C,3,0.1822,0,1,1
ORD000087154,2026-08-10 23:34:22,673.95,1,Apparel,0.0,COD,49.0,CUST029223,534,4,1,982079,Courier_A,3,0.2538,4,1,0
ORD000095014,2026-08-25 17:36:49,408.78,1,Home,0.0,UPI,0.0,CUST003115,925,2,1,714101,Courier_C,2,0.2318,0,1,0
ORD000091414,2026-08-18 23:19:13,489.72,1,Home,24.4,COD,39.0,CUST022451,633,2,0,803895,Courier_A,1,0.1009,2,1,0
ORD000086647,2026-08-10 01:54:36,490.33,2,Electronics,2.2,UPI,0.0,CUST019658,231,3,0,520397,Courier_B,2,0.3069,1,4,0
ORD000097807,2026-08-30 22:47:45,282.69,1,Apparel,18.72,COD,49.0,CUST029306,78,3,1,233306,Courier_B,3,0.3118,0,1,1
ORD000090051,2026-08-16 09:21:26,433.84,2,Apparel,0.0,COD,79.0,CUST009689,462,5,0,962688,Courier_C,3,0.1104,4,5,0
