order_id,timestamp,order_value,quantity,category,discount_pct,payment_method,cod_charge,customer_id,account_age_days,prior_orders,prior_rto_count,pincode,courier_id,pincode_tier,historical_pincode_rto_rate,orders_last_24h,device_cluster_size,rto_label
ORD000085021,2026-08-06 22:48:28,125.17,2,Footwear,14.55,COD,39.0,CUST001570,1192,6,1,312879,Courier_B,1,0.0653,3,1,0
ORD000085022,2026-08-06 22:52:48,285.19,1,Home,0.0,UPI,0.0,CUST023866,186,4,1,923308,Courier_A,2,0.3215,3,4,1
ORD000085023,2026-08-06 22:58:53,998.82,2,Home,0.0,COD,59.0,CUST010665,204,4,0,747497,Courier_B,1,0.3127,2,1,0
ORD000085024,2026-08-06 23:02:15,387.82,3,Footwear,0.0,COD,29.0,CUST024909,115,4,0,370685,Courier_D,2,0.1972,3,1,0
ORD000085025,2026-08-06 23:02:43,925.35,3,Apparel,17.69,UPI,0.0,CUST018469,735,2,0,924384,Courier_A,1,0.3177,1,1,0
ORD000085026,2026-08-06 23:09:51,613.69,2,Apparel,0.0,UPI,0.0,CUST007384,250,5,2,590119,Courier_A,3,0.0426,2,1,0
ORD000085027,2026-08-06 23:10:55,541.08,1,Footwear,0.0,COD,49.0,CUST013149,295,2,0,494006,Courier_C,3,0.1912,1,1,1
ORD000085028,2026-08-06 23:11:46,273.56,1,Electronics,30.33,UPI,0.0,CUST012100,0,0,0,787199,Courier_A,3,0.2603,1,2,1
ORD000085029,2026-08-06 23:19:13,1419.29,1,Beauty,15.48,Net Banking,0.0,CUST026843,214,3,0,404777,Courier_C,2,0.3081,2,1,0
ORD000085030,2026-08-06 23:21:24,796.63,1,Beauty,0.0,COD,39.0,CUST009482,299,3,0,427055,Courier_E,3,0.0,0,1,0
ORD000085031,2026-08-06 23:22:29,1364.87,2,Apparel,0.0,COD,79.0,CUST018803,412,3,0,686576,Courier_A,1,0.3133,3,1,0
ORD000085032,2026-08-06 23:22:35,2079.4,1,Home,40.52,Credit Card,0.0,CUST013923,64,3,1,962006,Courier_E,3,0.0834,1,3,0
ORD000085033,2026-08-06 23:24:06,831.68,1,Apparel,21.65,COD,79.0,CUST011623,1389,4,1,339071,Courier_E,2,0.1639,1,1,0
ORD000085034,2026-08-06 23:24:53,754.89,1,Beauty,0.0,UPI,0.0,CUST013225,473,2,0,951133,Courier_C,2,0.276,3,11,0
ORD000085035,2026-08-06 23:25:51,496.69,3,Footwear,42.12,UPI,0.0,CUST014967,321,1,0,752908,Courier_B,2,0.3398,0,1,1
ORD000085036,2026-08-06 23:29:18,315.93,3,Electronics,0.0,COD,49.0,CUST014733,922,5,0,490206,Courier_A,3,0.2796,1,1,0
ORD000085037,2026-08-06 23:32:16,2598.3,1,Jewelry,22.44,UPI,0.0,CUST002044,277,2,0,696461,Courier_B,1,0.1065,1,1,0
ORD000085038,2026-08-06 23:35:05,455.49,3,Beauty,12.65,COD,39.0,CUST008290,51,5,0,448379,Courier_D,2,0.3371,1,1,0
ORD000085039,2026-08-06 23:37:34,1486.15,4,Electronics,16.88,COD,49.0,CUST026769,0,0,0,160837,Courier_C,3,0.0274,3,1,0
ORD000085040,2026-08-06 23:40:00,433.18,2,Footwear,6.14,UPI,0.0,CUST023039,116,6,1,802647,Courier_D,2,0.0848,0,4,1
ORD000085041,2026-08-06 23:42:00,679.17,2,Electronics,0.0,UPI,0.0,CUST010799,170,5,0,463515,Courier_A,2,0.4773,4,1,1
ORD000085042,2026-08-06 23:45:15,657.56,3,Footwear,0.0,COD,20.0,CUST009410,579,5,0,803012,Courier_C,2,0.0299,1,1,0
ORD000085043,2026-08-06 23:47:44,430.78,2,Apparel,0.0,Credit Card,0.0,CUST025823,693,4,0,712536,Courier_E,3,0.1641,2,2,0
ORD000085044,2026-08-06 23:48:09,797.45,1,Beauty,0.0,COD,79.0,CUST001530,588,3,0,171266,Courier_C,3,0.3449,2,2,0
ORD000085045,2026-08-06 23:52:38,2503.68,2,Electronics,29.53,UPI,0.0,CUST020594,67,4,0,964105,Courier_D,2,0.2585,0,1,1
ORD000085046,2026-08-06 23:55:29,617.64,1,Footwear,0.0,UPI,0.0,CUST023740,1585,2,0,793758,Courier_A,1,0.0892,0,5,0
ORD000085047,2026-08-06 23:55:32,708.13,2,Footwear,0.0,UPI,0.0,CUST000842,277,2,0,755732,Courier_B,1,0.4504,1,1,1
ORD000085048,2026-08-06 23:55:55,1633.02,1,Electronics,11.56,COD,49.0,CUST015256,102,2,0,895645,Courier_A,2,0.2698,2,1,0
ORD000085049,2026-08-06 23:57:34,2326.07,3,Jewelry,0.0,COD,39.0,CUST014695,106,3,0,250136,Courier_E,1,0.166,2,1,0
ORD000085050,2026-08-06 23:57:44,1441.03,1,Apparel,15.98,UPI,0.0,CUST025103,939,7,0,761154,Courier_C,1,0.2021,2,1,0
ORD000085051,2026-08-07 00:04:58,668.46,2,Electronics,10.14,Credit Card,0.0,CUST021745,107,5,0,292941,Courier_D,1,0.2201,1,1,0
ORD000085052,2026-08-07 00:06:38,734.18,3,Home,0.0,COD,29.0,CUST012369,186,3,0,341690,Courier_D,2,0.092,2,1,0
ORD000085053,2026-08-07 00:06:56,912.07,2,Jewelry,0.0,UPI,0.0,CUST006258,578,2,0,427170,Courier_B,3,0.1056,0,2,0
ORD000085054,2026-08-07 00:07:39,1087.15,4,Footwear,24.9,Credit Card,0.0,CUST023215,396,3,0,498380,Courier_D,2,0.188,1,1,1
ORD000085055,2026-08-07 00:09:13,638.16,2,Electronics,11.44,Debit Card,0.0,CUST009607,215,6,0,860304,Courier_B,3,0.0725,2,5,0
ORD000085056,2026-08-07 00:09:32,734.4,2,Beauty,22.18,COD,39.0,CUST012542,360,1,0,490206,Courier_A,3,0.2954,1,1,1
ORD000085057,2026-08-07 00:10:06,354.82,5,Electronics,0.0,COD,39.0,CUST026385,528,7,0,343411,Courier_C,3,0.0812,0,1,0
ORD000085058,2026-08-07 00:12:40,234.49,2,Apparel,35.65,Credit Card,0.0,CUST009948,174,3,0,615126,Courier_B,1,0.145,1,5,0
ORD000085059,2026-08-07 00:18:41,3122.09,1,Footwear,11.79,COD,20.0,CUST001086,360,8,0,901144,Courier_D,1,0.1147,1,1,0
ORD000085060,2026-08-07 00:20:01,225.11,1,Apparel,9.53,COD,79.0,CUST015237,30,2,0,360723,Courier_E,2,0.1618,1,2,0
ORD000085061,2026-08-07 00:21:14,794.64,1,Home,0.0,Net Banking,0.0,CUST024217,95,2,0,359234,Courier_C,2,0.0369,1,1,0
ORD000085062,2026-08-07 00:21:45,851.31,2,Electronics,21.03,UPI,0.0,CUST020403,253,2,0,858870,Courier_C,1,0.26,0,1,0
ORD000085063,2026-08-07 00:24:49,190.57,2,Apparel,17.33,Debit Card,0.0,CUST000487,111,3,0,794791,Courier_D,1,0.4044,1,1,0
ORD000085064,2026-08-07 00:25:42,1997.36,2,Footwear,0.0,COD,49.0,CUST016486,107,1,0,531320,Courier_D,2,0.3753,3,1,1
ORD000085065,2026-08-07 00:27:56,1407.62,1,Beauty,22.94,UPI,0.0,CUST019015,279,4,2,305163,Courier_C,2,0.0806,1,5,1
ORD000085066,2026-08-07 00:28:45,1432.95,1,Home,15.89,COD,49.0,CUST021883,1751,5,0,408428,Courier_C,3,0.2806,2,1,0
ORD000085067,2026-08-07 00:34:49,319.24,1,Apparel,0.0,COD,39.0,CUST018145,290,4,0,787831,Courier_B,2,0.1408,4,1,0
ORD000085068,2026-08-07 00:37:59,968.45,2,Footwear,29.94,COD,49.0,CUST020305,134,5,1,229964,Courier_E,2,0.1984,0,1,0
ORD000085069,2026-08-07 00:49:01,241.93,1,Electronics,0.0,COD,29.0,CUST021407,267,6,1,831901,Courier_E,2,0.0,4,1,1
ORD000085070,2026-08-07 00:49:11,377.24,2,Beauty,22.55,Credit Card,0.0,CUST018488,43,5,0,815497,Courier_C,2,0.4176,1,1,0
ORD000085071,2026-08-07 00:50:13,322.97,3,Jewelry,15.61,Credit Card,0.0,CUST022772,421,2,0,533723,Courier_A,2,0.1598,2,1,0
ORD000085072,2026-08-07 00:50:18,181.12,3,Beauty,0.0,UPI,0.0,CUST008249,500,9,0,597542,Courier_B,3,0.0238,4,1,0
ORD000085073,2026-08-07 00:51:41,982.78,2,Home,0.0,Credit Card,0.0,CUST009648,1496,1,0,703930,Courier_C,1,0.1874,1,1,0
ORD000085074,2026-08-07 00:53:03,796.87,1,Home,0.0,Debit Card,0.0,CUST004257,215,3,1,355464,Courier_B,2,0.0409,2,1,0
ORD000085075,2026-08-07 00:58:24,761.28,3,Beauty,0.0,COD,79.0,CUST022078,107,5,0,712336,Courier_A,3,0.1165,3,4,1
ORD000085076,2026-08-07 01:00:53,143.9,2,Footwear,0.0,UPI,0.0,CUST017555,66,2,1,199508,Courier_B,2,0.5258,1,2,0
ORD000085077,2026-08-07 01:03:43,1569.48,2,Apparel,12.21,UPI,0.0,CUST016877,129,2,0,691898,Courier_C,1,0.3288,2,1,0
ORD000085078,2026-08-07 01:09:51,625.68,1,Footwear,0.0,COD,49.0,CUST006224,1688,2,0,974063,Courier_E,2,0.2295,0,3,0
ORD000085079,2026-08-07 01:13:13,411.33,5,Footwear,5.63,Net Banking,0.0,CUST014073,59,6,0,325332,Courier_B,2,0.3376,1,1,0
ORD000085080,2026-08-07 01:13:30,293.8,3,Home,0.0,COD,29.0,CUST005294,225,4,0,953548,Courier_B,3,0.0162,2,3,0
ORD000085081,2026-08-07 01:18:07,130.67,4,Apparel,16.15,COD,29.0,CUST011661,642,3,0,702215,Courier_B,3,0.0966,1,1,0
ORD000085082,2026-08-07 01:18:09,314.4,4,Electronics,30.86,COD,39.0,CUST002755,516,5,1,263269,Courier_D,1,0.2833,1,1,1
ORD000085083,2026-08-07 01:19:20,1797.01,2,Electronics,0.0,UPI,0.0,CUST028479,29,4,0,597542,Courier_E,3,0.0018,2,1,1
ORD000085084,2026-08-07 01:22:55,283.62,2,Apparel,0.0,COD,59.0,CUST019255,277,1,0,848713,Courier_D,3,0.3443,2,1,0
ORD000085085,2026-08-07 01:30:34,2011.32,6,Footwear,8.73,COD,79.0,CUST007130,81,2,0,773540,Courier_A,3,0.2221,1,1,0
ORD000085086,2026-08-07 01:34:49,846.83,6,Footwear,0.0,UPI,0.0,CUST007644,20,4,2,930588,Courier_B,2,0.3723,0,3,1
ORD000085087,2026-08-07 01:39:48,731.8,4,Footwear,0.0,COD,49.0,CUST012133,335,2,0,587634,Courier_A,1,0.2312,1,1,0
ORD000085088,2026-08-07 01:39:58,755.62,2,Jewelry,0.0,COD,79.0,CUST026120,84,5,1,157373,Courier_B,3,0.6276,0,1,1
ORD000085089,2026-08-07 01:40:53,812.57,1,Apparel,0.0,UPI,0.0,CUST005559,147,4,0,823556,Courier_C,2,0.2001,1,1,0
ORD000085090,2026-08-07 01:42:45,280.36,3,Footwear,0.0,COD,49.0,CUST010575,63,2,0,761074,Courier_B,2,0.07,0,1,0
ORD000085091,2026-08-07 01:45:44,221.53,1,Electronics,0.0,COD,39.0,CUST023131,122,6,1,282330,Courier_A,2,0.4213,3,1,0
ORD000085092,2026-08-07 01:47:38,249.94,3,Electronics,0.0,UPI,0.0,CUST012311,257,2,0,104773,Courier_A,1,0.113,2,1,0
ORD000085093,2026-08-07 01:48:13,317.91,3,Apparel,6.98,Net Banking,0.0,CUST014202,629,4,0,750176,Courier_B,2,0.0956,1,1,0
ORD000085094,2026-08-07 01:51:21,226.87,2,Home,26.88,COD,79.0,CUST020865,98,2,0,554360,Courier_A,2,0.2329,2,1,0
ORD000085095,2026-08-07 01:56:05,1381.48,2,Electronics,28.59,UPI,0.0,CUST026976,208,4,0,781551,Courier_C,2,0.1605,1,5,0
ORD000085096,2026-08-07 01:58:08,353.41,1,Beauty,8.13,UPI,0.0,CUST009075,439,4,0,951351,Courier_A,2,0.0123,0,1,0
ORD000085097,2026-08-07 02:00:51,706.49,2,Electronics,12.54,COD,99.0,CUST018370,756,2,0,794791,Courier_B,1,0.4456,2,1,0
ORD000085098,2026-08-07 02:01:23,1334.92,3,Beauty,5.41,COD,39.0,CUST000889,0,0,0,929214,Courier_C,1,0.2971,3,1,0
ORD000085099,2026-08-07 02:05:36,130.12,2,Apparel,23.74,COD,49.0,CUST022056,277,6,0,969906,Courier_A,2,0.3149,2,1,1
ORD000085100,2026-08-07 02:13:28,1488.7,1,Beauty,6.46,COD,59.0,CUST005384,167,2,0,509880,Courier_B,1,0.2047,3,4,1
ORD000085101,2026-08-07 02:15:10,685.84,4,Jewelry,17.32,Credit Card,0.0,CUST000164,835,2,0,385214,Courier_D,3,0.2974,2,5,0
ORD000085102,2026-08-07 02:15:52,2969.03,2,Footwear,8.94,UPI,0.0,CUST006976,78,4,0,254111,Courier_C,2,0.0651,1,1,0
ORD000085103,2026-08-07 02:18:34,303.1,1,Footwear,6.32,COD,49.0,CUST007748,263,2,0,893042,Courier_A,2,0.137,1,2,0
ORD000085104,2026-08-07 02:18:59,475.42,1,Apparel,6.59,COD,79.0,CUST013807,101,1,0,962688,Courier_B,3,0.1585,2,1,0
ORD000085105,2026-08-07 02:19:17,1238.37,2,Footwear,6.66,Debit Card,0.0,CUST016917,169,2,0,847491,Courier_E,1,0.268,2,3,0
ORD000085106,2026-08-07 02:27:20,637.12,2,Apparel,1.34,COD,29.0,CUST009904,76,3,0,427679,Courier_A,1,0.2176,2,5,0
ORD000085107,2026-08-07 02:27:26,207.14,2,Footwear,0.0,Debit Card,0.0,CUST022014,1816,1,0,500528,Courier_C,1,0.1797,1,3,0
ORD000085108,2026-08-07 02:27:38,618.57,1,Electronics,0.0,Credit Card,0.0,CUST029189,269,3,0,203887,Courier_C,2,0.0583,4,1,0
ORD000085109,2026-08-07 02:31:33,180.1,2,Electronics,0.0,COD,49.0,CUST027208,853,6,0,136130,Courier_D,2,0.2531,4,1,0
ORD000085110,2026-08-07 02:32:20,1089.13,1,Footwear,0.0,COD,39.0,CUST028888,56,3,1,215098,Courier_A,3,0.0261,3,1,0
ORD000085111,2026-08-07 02:33:21,1922.07,1,Home,0.0,UPI,0.0,CUST011216,264,3,0,526706,Courier_A,2,0.3201,2,1,0
ORD000085112,2026-08-07 02:36:27,404.6,2,Beauty,0.0,COD,59.0,CUST009803,201,5,0,822429,Courier_E,2,0.1253,3,1,1
ORD000085113,2026-08-07 02:45:10,910.46,2,Electronics,0.0,UPI,0.0,CUST023924,382,4,1,388393,Courier_D,2,0.148,4,1,0
ORD000085114,2026-08-07 02:48:52,214.69,1,Electronics,0.0,UPI,0.0,CUST011992,312,1,0,131194,Courier_D,2,0.1764,2,5,0
ORD000085115,2026-08-07 02:51:31,462.69,4,Electronics,0.0,Debit Card,0.0,CUST018466,137,3,0,963727,Courier_B,2,0.0836,3,1,0
ORD000085116,2026-08-07 03:01:09,1034.4,1,Beauty,27.0,COD,49.0,CUST002460,66,1,0,463607,Courier_B,2,0.4448,2,1,0
ORD000085117,2026-08-07 03:09:23,677.34,1,Apparel,35.92,COD,49.0,CUST003523,724,7,0,512993,Courier_A,2,0.1346,0,3,0
ORD000085118,2026-08-07 03:13:07,790.85,4,Electronics,0.0,COD,49.0,CUST028108,212,1,0,385214,Courier_A,3,0.3075,0,1,1
ORD000085119,2026-08-07 03:13:36,210.27,1,Apparel,0.0,Debit Card,0.0,CUST024961,1471,4,2,816444,Courier_D,2,0.3907,1,1,0
ORD000085120,2026-08-07 03:18:43,581.09,3,Electronics,31.36,COD,39.0,CUST017630,722,4,0,669408,Courier_A,2,0.1772,1,5,1
ORD000085121,2026-08-07 03:18:44,464.03,2,Electronics,0.0,UPI,0.0,CUST015299,292,4,1,139108,Courier_A,1,0.0659,2,11,0
ORD000085122,2026-08-07 03:26:50,607.17,3,Apparel,19.66,COD,49.0,CUST000442,156,3,0,672511,Courier_B,2,0.1933,1,1,0
ORD000085123,2026-08-07 03:29:47,1471.58,1,Beauty,0.0,COD,49.0,CUST004069,0,0,0,287382,Courier_E,1,0.0325,1,2,1
ORD000085124,2026-08-07 03:33:41,263.7,4,Footwear,15.62,UPI,0.0,CUST014483,70,2,0,909819,Courier_C,2,0.0608,1,3,0
ORD000085125,2026-08-07 03:33:51,1152.18,4,Jewelry,11.92,COD,39.0,CUST007131,199,6,1,394625,Courier_B,1,0.1889,1,1,0
ORD000085126,2026-08-07 03:45:01,516.43,1,Apparel,0.0,COD,39.0,CUST012203,693,4,0,269261,Courier_A,3,0.1059,1,1,0
ORD000085127,2026-08-07 03:46:01,1032.49,2,Jewelry,0.0,COD,39.0,CUST003847,866,2,0,942045,Courier_A,3,0.2638,1,19,1
ORD000085128,2026-08-07 03:49:07,1324.3,1,Beauty,16.57,Net Banking,0.0,CUST000584,513,2,0,226126,Courier_A,2,0.2612,2,4,0
ORD000085129,2026-08-07 03:58:19,183.37,2,Apparel,0.0,COD,59.0,CUST017411,140,4,0,620849,Courier_D,2,0.2662,3,1,0
ORD000085130,2026-08-07 03:59:25,677.48,2,Apparel,9.13,COD,39.0,CUST014625,115,6,0,194699,Courier_B,1,0.1,3,1,1
ORD000085131,2026-08-07 04:01:56,334.5,1,Apparel,0.0,COD,39.0,CUST011743,903,6,1,133503,Courier_C,2,0.1735,5,1,1
ORD000085132,2026-08-07 04:02:54,588.71,2,Electronics,0.0,COD,39.0,CUST015270,296,2,0,615126,Courier_C,1,0.0562,0,1,0
ORD000085133,2026-08-07 04:02:57,5760.75,3,Footwear,5.82,UPI,0.0,CUST028162,738,4,0,926740,Courier_D,1,0.1325,1,1,0
ORD000085134,2026-08-07 04:03:03,2399.41,4,Footwear,8.9,COD,79.0,CUST029183,283,4,1,537642,Courier_C,2,0.0505,2,1,1
ORD000085135,2026-08-07 04:03:46,398.74,1,Beauty,16.62,Debit Card,0.0,CUST012699,413,3,0,709481,Courier_B,2,0.0667,2,1,0
ORD000085136,2026-08-07 04:04:14,792.73,2,Electronics,0.0,UPI,0.0,CUST005963,1173,2,0,304008,Courier_B,3,0.2213,0,1,0
ORD000085137,2026-08-07 04:08:07,1396.47,1,Apparel,41.19,UPI,0.0,CUST011205,397,4,0,943373,Courier_B,2,0.4485,1,1,0
ORD000085138,2026-08-07 04:16:51,534.15,2,Apparel,0.0,COD,39.0,CUST009811,66,2,0,208190,Courier_A,2,0.2573,1,1,1
ORD000085139,2026-08-07 04:18:08,759.28,2,Home,0.0,COD,99.0,CUST001845,164,2,0,438636,Courier_A,2,0.2856,2,20,1
ORD000085140,2026-08-07 04:20:09,715.32,2,Apparel,8.88,COD,29.0,CUST025886,66,3,1,475043,Courier_B,1,0.0936,1,1,1
ORD000085141,2026-08-07 04:22:27,918.32,4,Home,18.25,Net Banking,0.0,CUST016100,355,10,1,714101,Courier_D,2,0.2047,2,2,0
ORD000085142,2026-08-07 04:27:00,1349.63,2,Home,0.0,COD,49.0,CUST027710,1566,4,0,933359,Courier_A,2,0.117,0,1,0
ORD000085143,2026-08-07 04:27:17,5338.83,2,Jewelry,0.0,UPI,0.0,CUST013653,240,2,0,488082,Courier_A,1,0.2635,0,1,0
ORD000085144,2026-08-07 04:28:51,420.23,3,Electronics,0.0,Debit Card,0.0,CUST004793,368,6,0,329012,Courier_C,3,0.1602,1,12,0
ORD000085145,2026-08-07 04:29:04,820.06,2,Footwear,0.0,UPI,0.0,CUST019604,117,3,0,189160,Courier_B,2,0.537,1,1,0
ORD000085146,2026-08-07 04:34:04,131.01,1,Electronics,15.3,COD,29.0,CUST008410,248,3,0,175936,Courier_A,2,0.0736,3,4,0
ORD000085147,2026-08-07 04:35:02,677.11,2,Footwear,15.18,COD,99.0,CUST011970,273,1,0,542798,Courier_E,1,0.3232,6,11,0
ORD000085148,2026-08-07 04:35:52,147.56,1,Jewelry,0.0,Net Banking,0.0,CUST009916,1130,5,0,139745,Courier_B,2,0.039,1,4,0
ORD000085149,2026-08-07 04:37:41,581.99,3,Electronics,0.0,Net Banking,0.0,CUST028441,0,0,0,919427,Courier_B,1,0.0511,0,2,0
ORD000085150,2026-08-07 04:37:51,869.74,2,Electronics,28.89,UPI,0.0,CUST006574,1482,2,0,433355,Courier_D,1,0.0678,0,1,0
ORD000085151,2026-08-07 04:40:08,402.72,4,Beauty,0.0,UPI,0.0,CUST025280,98,4,0,628425,Courier_A,3,0.0594,1,1,0
ORD000085152,2026-08-07 04:40:08,359.97,1,Apparel,0.0,UPI,0.0,CUST024030,47,3,0,526724,Courier_B,2,0.1854,0,1,0
ORD000085153,2026-08-07 04:44:26,122.99,1,Apparel,32.97,COD,49.0,CUST024974,134,0,0,427170,Courier_A,3,0.0672,1,4,0
ORD000085154,2026-08-07 04:44:56,384.67,2,Beauty,0.0,Debit Card,0.0,CUST029138,65,5,0,737806,Courier_B,3,0.0374,2,1,0
ORD000085155,2026-08-07 04:45:02,554.79,3,Jewelry,0.0,UPI,0.0,CUST028961,224,2,1,350253,Courier_E,1,0.2152,2,1,0
ORD000085156,2026-08-07 04:45:42,600.0,2,Beauty,0.0,COD,79.0,CUST005043,2267,4,0,616639,Courier_C,2,0.2188,3,3,0
ORD000085157,2026-08-07 04:46:33,623.52,2,Apparel,19.27,COD,39.0,CUST022476,145,2,0,490347,Courier_D,3,0.4012,0,1,0
ORD000085158,2026-08-07 04:46:37,270.48,2,Home,0.0,UPI,0.0,CUST003691,156,7,1,576694,Courier_B,2,0.1796,4,4,0
ORD000085159,2026-08-07 04:50:58,831.2,2,Electronics,20.71,COD,39.0,CUST012542,360,2,0,814732,Courier_A,2,0.0904,1,1,0
ORD000085160,2026-08-07 04:51:23,233.85,1,Footwear,0.0,UPI,0.0,CUST009747,455,3,1,110880,Courier_D,2,0.217,0,1,0
ORD000085161,2026-08-07 04:53:34,1537.15,3,Apparel,19.36,COD,39.0,CUST025115,140,5,0,148019,Courier_E,2,0.1687,1,1,0
ORD000085162,2026-08-07 04:56:29,847.01,1,Footwear,18.66,UPI,0.0,CUST005526,163,3,0,248546,Courier_A,2,0.1775,2,1,0
ORD000085163,2026-08-07 04:56:55,896.85,1,Apparel,18.62,COD,59.0,CUST021824,196,4,0,244471,Courier_E,3,0.6124,1,1,1
ORD000085164,2026-08-07 04:58:21,1044.77,1,Electronics,16.42,COD,20.0,CUST003922,798,5,0,312071,Courier_A,1,0.2103,1,1,0
ORD000085165,2026-08-07 05:03:12,365.87,1,Electronics,0.0,Debit Card,0.0,CUST008971,137,3,1,184666,Courier_A,3,0.1442,1,1,0
ORD000085166,2026-08-07 05:07:49,453.14,4,Beauty,0.0,UPI,0.0,CUST000608,0,0,0,429344,Courier_C,2,0.1821,1,1,1
ORD000085167,2026-08-07 05:08:50,112.57,1,Apparel,5.75,UPI,0.0,CUST027193,316,6,0,523989,Courier_A,2,0.1412,2,1,0
ORD000085168,2026-08-07 05:09:25,513.18,3,Apparel,0.0,COD,39.0,CUST005732,324,3,0,868822,Courier_A,3,0.0338,4,1,0
ORD000085169,2026-08-07 05:10:40,550.1,1,Jewelry,23.97,UPI,0.0,CUST029557,296,3,0,907174,Courier_D,1,0.2101,0,9,0
ORD000085170,2026-08-07 05:11:04,651.82,4,Jewelry,25.19,UPI,0.0,CUST021396,589,3,1,136130,Courier_C,2,0.2445,1,1,0
ORD000085171,2026-08-07 05:14:08,468.29,1,Electronics,0.0,UPI,0.0,CUST024248,302,4,0,912018,Courier_A,1,0.2664,1,1,0
ORD000085172,2026-08-07 05:14:49,453.81,3,Apparel,12.53,COD,99.0,CUST010272,848,4,0,720159,Courier_B,1,0.184,2,1,0
ORD000085173,2026-08-07 05:16:03,316.8,1,Electronics,0.0,Debit Card,0.0,CUST012383,196,6,2,400647,Courier_C,1,0.1262,0,1,0
ORD000085174,2026-08-07 05:16:21,824.1,3,Electronics,25.51,UPI,0.0,CUST011215,480,6,0,374219,Courier_C,3,0.1813,1,1,0
ORD000085175,2026-08-07 05:17:56,431.32,2,Beauty,0.0,Net Banking,0.0,CUST029749,527,2,0,476977,Courier_A,2,0.2131,0,1,0
ORD000085176,2026-08-07 05:18:10,922.5,1,Electronics,0.0,Credit Card,0.0,CUST028268,262,3,0,792986,Courier_D,1,0.298,3,1,0
ORD000085177,2026-08-07 05:18:42,666.81,3,Jewelry,0.0,Debit Card,0.0,CUST012560,1436,3,0,922291,Courier_D,2,0.3325,2,1,0
ORD000085178,2026-08-07 05:25:11,429.96,4,Home,33.36,COD,39.0,CUST018480,227,2,0,864344,Courier_D,1,0.0861,0,4,0
ORD000085179,2026-08-07 05:26:43,573.08,2,Jewelry,17.25,COD,79.0,CUST011977,119,0,0,637499,Courier_D,1,0.0386,2,1,1
ORD000085180,2026-08-07 05:27:17,1797.19,3,Footwear,31.68,UPI,0.0,CUST009071,436,5,1,494553,Courier_C,3,0.2389,2,1,0
ORD000085181,2026-08-07 05:28:23,234.05,1,Apparel,19.5,COD,49.0,CUST020878,303,6,0,278351,Courier_A,3,0.2162,2,2,0
ORD000085182,2026-08-07 05:28:55,456.98,1,Beauty,10.04,COD,29.0,CUST024124,335,2,0,408056,Courier_E,1,0.3213,1,1,0
ORD000085183,2026-08-07 05:38:09,601.0,2,Apparel,0.0,COD,79.0,CUST023187,586,4,0,934886,Courier_D,1,0.0936,1,1,1
ORD000085184,2026-08-07 05:40:56,1084.61,2,Jewelry,39.72,COD,59.0,CUST001093,0,0,0,454090,Courier_A,3,0.3649,1,1,0
ORD000085185,2026-08-07 05:44:16,363.96,3,Apparel,23.86,Credit Card,0.0,CUST002885,329,2,0,430264,Courier_A,2,0.0824,3,1,0
ORD000085186,2026-08-07 05:47:39,979.68,2,Footwear,0.0,COD,39.0,CUST028097,1858,2,0,729178,Courier_C,3,0.0,2,1,0
ORD000085187,2026-08-07 05:52:29,432.04,2,Beauty,0.0,UPI,0.0,CUST017750,140,4,0,677977,Courier_C,2,0.2228,0,1,0
ORD000085188,2026-08-07 05:56:19,656.74,4,Electronics,0.0,COD,39.0,CUST015345,327,0,0,129133,Courier_B,2,0.2898,1,3,0
ORD000085189,2026-08-07 05:57:35,126.13,3,Beauty,0.0,UPI,0.0,CUST012047,173,1,0,105856,Courier_C,2,0.2626,0,1,0
ORD000085190,2026-08-07 05:57:47,616.71,1,Electronics,20.88,COD,29.0,CUST012089,534,3,0,842688,Courier_B,2,0.3667,6,12,0
ORD000085191,2026-08-07 06:00:04,427.64,1,Apparel,0.0,Net Banking,0.0,CUST026906,134,5,0,712336,Courier_D,3,0.0878,2,1,0
ORD000085192,2026-08-07 06:03:24,641.42,1,Electronics,0.0,UPI,0.0,CUST002211,235,7,0,373292,Courier_E,3,0.3072,1,1,0
ORD000085193,2026-08-07 06:04:58,792.16,2,Footwear,24.83,UPI,0.0,CUST015931,582,2,0,181380,Courier_E,2,0.2363,1,1,0
ORD000085194,2026-08-07 06:08:12,273.9,1,Apparel,6.08,UPI,0.0,CUST027522,717,4,1,418734,Courier_A,2,0.0538,3,1,0
ORD000085195,2026-08-07 06:12:09,404.32,3,Jewelry,6.26,UPI,0.0,CUST015157,236,3,0,590305,Courier_D,2,0.1261,2,1,0
ORD000085196,2026-08-07 06:12:45,612.23,3,Apparel,35.39,COD,29.0,CUST017065,168,1,0,461780,Courier_A,3,0.1921,4,1,0
ORD000085197,2026-08-07 06:17:37,899.91,2,Footwear,16.27,UPI,0.0,CUST000010,215,4,0,610234,Courier_E,3,0.1924,1,2,0
ORD000085198,2026-08-07 06:20:10,364.21,3,Electronics,26.26,COD,49.0,CUST021134,337,2,0,593374,Courier_A,2,0.2061,0,16,0
ORD000085199,2026-08-07 06:25:16,577.07,2,Footwear,0.0,COD,49.0,CUST004882,41,7,0,934214,Courier_D,2,0.2401,1,1,1
ORD000085200,2026-08-07 06:27:59,129.59,2,Home,0.0,Net Banking,0.0,CUST015644,752,4,1,131620,Courier_A,3,0.0097,0,2,0
ORD000085201,2026-08-07 06:34:05,1949.03,2,Apparel,0.0,COD,59.0,CUST023289,0,0,0,813189,Courier_B,3,0.1908,5,1,0
ORD000085202,2026-08-07 06:44:09,443.26,2,Electronics,24.55,Credit Card,0.0,CUST025267,127,2,0,379153,Courier_C,2,0.2422,4,1,0
ORD000085203,2026-08-07 06:44:49,680.04,3,Apparel,0.0,COD,39.0,CUST028027,418,5,1,309225,Courier_B,1,0.1079,4,1,0
ORD000085204,2026-08-07 06:55:33,589.7,3,Footwear,15.31,COD,99.0,CUST012502,1844,7,0,467888,Courier_A,3,0.2662,3,1,0
ORD000085205,2026-08-07 06:58:08,593.37,3,Footwear,27.91,COD,79.0,CUST019486,102,4,0,498642,Courier_A,2,0.3838,1,1,1
ORD000085206,2026-08-07 06:59:41,342.76,2,Apparel,26.21,COD,49.0,CUST013230,0,0,0,275250,Courier_E,2,0.2601,1,1,1
ORD000085207,2026-08-07 07:08:38,801.97,3,Apparel,0.0,Debit Card,0.0,CUST021738,48,4,1,992549,Courier_D,2,0.2433,3,11,0
ORD000085208,2026-08-07 07:11:13,113.81,1,Apparel,1.48,COD,29.0,CUST016573,1420,2,0,809484,Courier_B,1,0.0944,4,1,0
ORD000085209,2026-08-07 07:16:04,878.84,6,Electronics,0.0,COD,39.0,CUST020018,22,6,0,461780,Courier_C,3,0.1895,2,19,0
ORD000085210,2026-08-07 07:20:26,418.21,1,Beauty,0.0,UPI,0.0,CUST006977,1038,4,0,177411,Courier_B,2,0.3694,1,1,1
ORD000085211,2026-08-07 07:26:27,219.04,1,Apparel,0.0,COD,49.0,CUST016234,66,2,0,821498,Courier_D,2,0.0684,3,4,0
ORD000085212,2026-08-07 07:28:33,871.99,1,Footwear,0.0,UPI,0.0,CUST004408,1442,3,0,756541,Courier_B,1,0.1327,4,1,0
ORD000085213,2026-08-07 07:28:58,3120.39,3,Apparel,0.0,COD,49.0,CUST028905,502,4,2,726518,Courier_A,2,0.1955,2,1,0
ORD000085214,2026-08-07 07:28:59,222.3,3,Footwear,0.0,COD,59.0,CUST022702,309,7,0,629305,Courier_B,3,0.1141,2,1,0
ORD000085215,2026-08-07 07:30:16,990.27,1,Beauty,30.22,Net Banking,0.0,CUST020789,231,3,0,803012,Courier_A,2,0.0166,1,1,0
ORD000085216,2026-08-07 07:39:03,399.21,1,Jewelry,41.11,Debit Card,0.0,CUST011946,73,2,0,838806,Courier_A,3,0.2028,1,1,0
ORD000085217,2026-08-07 07:40:31,251.08,4,Apparel,26.83,COD,29.0,CUST008068,953,2,0,523573,Courier_D,1,0.1917,1,2,0
ORD000085218,2026-08-07 07:43:08,347.63,1,Apparel,0.0,UPI,0.0,CUST004526,235,3,0,639465,Courier_B,3,0.2446,0,5,0
ORD000085219,2026-08-07 07:44:12,637.75,3,Electronics,0.0,COD,49.0,CUST022087,262,7,0,969091,Courier_B,3,0.2795,1,3,0
ORD000085220,2026-08-07 07:44:30,1460.78,3,Home,14.84,UPI,0.0,CUST026392,669,1,0,699053,Courier_A,3,0.0936,0,1,0
ORD000085221,2026-08-07 07:45:17,1352.11,1,Electronics,6.34,UPI,0.0,CUST011861,448,8,0,600859,Courier_E,3,0.1083,1,1,0
ORD000085222,2026-08-07 07:45:21,1281.87,1,Apparel,6.72,Net Banking,0.0,CUST019655,182,4,0,672388,Courier_B,3,0.1955,1,1,1
ORD000085223,2026-08-07 07:50:02,761.27,6,Beauty,0.0,Debit Card,0.0,CUST028116,69,3,0,768338,Courier_D,1,0.2223,2,2,0
ORD000085224,2026-08-07 07:53:35,808.74,3,Beauty,3.07,UPI,0.0,CUST010537,157,4,0,813189,Courier_D,3,0.2296,3,3,0
ORD000085225,2026-08-07 07:54:59,408.69,2,Footwear,0.0,UPI,0.0,CUST018064,472,5,0,492669,Courier_B,2,0.0724,1,1,0
ORD000085226,2026-08-07 07:55:02,481.26,4,Jewelry,0.0,Net Banking,0.0,CUST028835,665,2,0,160837,Courier_A,3,0.0514,2,3,0
ORD000085227,2026-08-07 07:55:50,442.62,2,Apparel,17.95,COD,79.0,CUST014927,240,1,0,236288,Courier_A,3,0.1033,2,3,0
ORD000085228,2026-08-07 08:00:10,1184.93,2,Electronics,0.0,COD,29.0,CUST015362,519,3,1,821214,Courier_A,1,0.2711,2,1,0
ORD000085229,2026-08-07 08:00:33,281.2,3,Electronics,4.42,UPI,0.0,CUST004760,53,1,0,992549,Courier_D,2,0.2456,2,1,1
ORD000085230,2026-08-07 08:01:59,288.23,2,Apparel,0.7,COD,59.0,CUST010272,848,4,0,837709,Courier_A,2,0.2162,3,1,0
ORD000085231,2026-08-07 08:02:05,516.65,1,Beauty,0.0,COD,29.0,CUST021685,75,3,1,163173,Courier_B,2,0.1418,0,1,0
ORD000085232,2026-08-07 08:02:36,998.09,2,Electronics,27.64,COD,59.0,CUST007592,636,1,1,709428,Courier_E,2,0.1909,1,4,0
ORD000085233,2026-08-07 08:06:07,222.76,2,Footwear,27.29,Debit Card,0.0,CUST022541,432,2,0,847515,Courier_A,1,0.2081,3,1,0
ORD000085234,2026-08-07 08:10:40,2464.4,4,Home,0.0,COD,29.0,CUST005848,1033,3,0,823251,Courier_D,1,0.2131,1,1,0
ORD000085235,2026-08-07 08:11:02,605.17,2,Apparel,8.16,COD,39.0,CUST029818,507,2,0,181380,Courier_C,2,0.3229,0,5,1
ORD000085236,2026-08-07 08:17:42,1208.12,2,Apparel,0.0,Credit Card,0.0,CUST007441,97,4,0,991596,Courier_B,1,0.1441,2,1,1
ORD000085237,2026-08-07 08:19:05,1305.43,2,Electronics,6.36,Debit Card,0.0,CUST017022,188,6,0,336051,Courier_C,3,0.2663,0,2,0
ORD000085238,2026-08-07 08:21:17,300.86,3,Jewelry,15.67,Debit Card,0.0,CUST026900,288,1,0,753798,Courier_E,2,0.1112,0,2,0
ORD000085239,2026-08-07 08:23:48,734.29,1,Jewelry,30.49,COD,20.0,CUST001074,394,3,1,258986,Courier_A,3,0.083,1,2,0
ORD000085240,2026-08-07 08:25:58,585.38,2,Electronics,21.54,Credit Card,0.0,CUST010498,311,7,0,522163,Courier_B,3,0.2186,0,5,0
ORD000085241,2026-08-07 08:34:10,498.29,3,Footwear,7.64,COD,39.0,CUST020827,300,3,0,226229,Courier_A,3,0.0098,5,1,0
ORD000085242,2026-08-07 08:41:30,50.0,2,Beauty,10.32,Credit Card,0.0,CUST022136,536,1,1,331725,Courier_A,3,0.0929,3,1,0
ORD000085243,2026-08-07 08:45:54,688.22,2,Home,19.05,Debit Card,0.0,CUST010486,258,5,1,369772,Courier_E,3,0.2935,2,1,1
ORD000085244,2026-08-07 08:49:47,593.95,1,Apparel,0.0,Debit Card,0.0,CUST006701,263,2,0,672715,Courier_C,2,0.1666,1,2,0
ORD000085245,2026-08-07 08:55:34,221.19,3,Jewelry,26.21,COD,49.0,CUST004880,378,9,1,864344,Courier_B,1,0.0347,3,5,0
ORD000085246,2026-08-07 09:00:09,713.85,4,Beauty,0.0,COD,49.0,CUST015459,177,3,0,327967,Courier_E,1,0.1919,4,1,0
ORD000085247,2026-08-07 09:08:28,641.43,2,Home,0.0,COD,29.0,CUST017618,128,7,1,895645,Courier_A,2,0.2882,3,2,0
ORD000085248,2026-08-07 09:12:53,2079.98,4,Apparel,19.76,COD,39.0,CUST009226,280,4,0,212415,Courier_B,2,0.1308,1,13,0
ORD000085249,2026-08-07 09:13:37,1055.54,3,Electronics,8.19,Credit Card,0.0,CUST019258,321,0,0,465408,Courier_C,2,0.0,2,2,0
ORD000085250,2026-08-07 09:13:40,543.53,2,Apparel,16.2,UPI,0.0,CUST027732,331,3,0,660873,Courier_B,1,0.1514,1,1,0
ORD000085251,2026-08-07 09:14:52,98.19,3,Electronics,0.0,UPI,0.0,CUST011888,1013,3,0,613863,Courier_C,3,0.2152,0,1,0
ORD000085252,2026-08-07 09:15:00,2867.52,1,Home,23.74,Net Banking,0.0,CUST004474,363,0,0,483080,Courier_A,1,0.352,6,1,0
ORD000085253,2026-08-07 09:18:16,208.18,5,Electronics,15.88,Net Banking,0.0,CUST006839,98,1,0,263224,Courier_C,2,0.4164,1,1,0
ORD000085254,2026-08-07 09:18:47,823.81,4,Jewelry,11.67,Credit Card,0.0,CUST011638,28,1,0,139745,Courier_A,2,0.0859,0,3,0
ORD000085255,2026-08-07 09:22:21,2780.9,1,Beauty,6.01,Credit Card,0.0,CUST001468,315,3,0,611363,Courier_A,3,0.163,1,1,0
ORD000085256,2026-08-07 09:24:55,562.58,2,Apparel,3.37,UPI,0.0,CUST010474,139,5,0,545164,Courier_C,1,0.121,2,1,0
ORD000085257,2026-08-07 09:29:26,742.53,2,Jewelry,28.08,COD,49.0,CUST010943,305,2,0,806683,Courier_B,2,0.1843,0,1,0
ORD000085258,2026-08-07 09:35:04,335.09,2,Beauty,2.68,COD,49.0,CUST008086,221,2,0,177411,Courier_B,2,0.396,2,1,0
ORD000085259,2026-08-07 09:37:10,1793.94,2,Electronics,20.87,COD,79.0,CUST025985,320,5,2,192985,Courier_C,3,0.2579,1,1,1
ORD000085260,2026-08-07 09:40:48,262.08,1,Footwear,20.0,COD,49.0,CUST010215,540,3,0,316704,Courier_A,2,0.2808,1,1,0
ORD000085261,2026-08-07 09:41:20,2516.56,3,Apparel,34.45,COD,49.0,CUST016678,335,2,0,314662,Courier_C,1,0.1523,4,18,0
ORD000085262,2026-08-07 09:46:47,1199.04,2,Electronics,13.87,UPI,0.0,CUST007289,380,3,1,512617,Courier_C,2,0.4496,1,3,0
ORD000085263,2026-08-07 09:47:02,305.57,1,Apparel,0.0,COD,39.0,CUST010801,178,4,1,582626,Courier_A,1,0.1164,0,1,0
ORD000085264,2026-08-07 09:48:56,395.61,4,Footwear,0.0,COD,99.0,CUST025874,62,3,0,210439,Courier_E,2,0.4955,1,1,1
ORD000085265,2026-08-07 09:50:02,1914.2,2,Electronics,0.0,COD,59.0,CUST003415,189,1,0,307037,Courier_D,1,0.0797,1,1,0
ORD000085266,2026-08-07 09:55:25,1144.53,2,Footwear,0.0,COD,59.0,CUST002520,103,3,0,856360,Courier_A,2,0.2103,1,5,0
ORD000085267,2026-08-07 10:02:26,852.89,1,Apparel,17.1,COD,59.0,CUST027020,0,0,0,976012,Courier_A,1,0.0221,3,1,0
ORD000085268,2026-08-07 10:05:52,343.68,3,Apparel,0.0,UPI,0.0,CUST026553,498,7,0,327967,Courier_E,1,0.1858,0,1,0
ORD000085269,2026-08-07 10:09:51,3623.48,5,Electronics,0.0,Net Banking,0.0,CUST007776,175,4,0,519606,Courier_A,2,0.0673,3,1,0
ORD000085270,2026-08-07 10:11:19,556.04,1,Jewelry,0.0,COD,99.0,CUST026364,105,3,0,429634,Courier_C,1,0.1722,3,2,0
ORD000085271,2026-08-07 10:11:40,623.03,4,Home,0.0,UPI,0.0,CUST026312,864,5,0,379153,Courier_C,2,0.1596,1,1,0
ORD000085272,2026-08-07 10:16:32,643.54,2,Apparel,10.61,UPI,0.0,CUST000434,87,3,0,315385,Courier_C,3,0.3724,2,1,0
ORD000085273,2026-08-07 10:20:35,530.39,1,Beauty,0.0,Debit Card,0.0,CUST003756,65,2,0,826888,Courier_E,2,0.0387,1,4,0
ORD000085274,2026-08-07 10:22:21,186.89,2,Footwear,0.0,Credit Card,0.0,CUST025170,411,3,0,940382,Courier_D,2,0.2861,1,1,0
ORD000085275,2026-08-07 10:33:15,1083.79,2,Apparel,0.0,UPI,0.0,CUST009066,1252,6,0,401813,Courier_A,2,0.228,3,4,0
ORD000085276,2026-08-07 10:33:17,357.44,3,Electronics,0.0,UPI,0.0,CUST016091,665,6,1,975263,Courier_A,3,0.268,0,1,0
ORD000085277,2026-08-07 10:34:35,738.55,2,Apparel,0.0,COD,39.0,CUST024191,56,2,0,823499,Courier_A,1,0.0748,4,3,1
ORD000085278,2026-08-07 10:39:15,311.43,1,Apparel,0.0,Credit Card,0.0,CUST026504,592,3,0,598994,Courier_B,2,0.2288,3,1,0
ORD000085279,2026-08-07 10:43:04,760.36,4,Apparel,20.62,UPI,0.0,CUST008469,395,3,0,563213,Courier_E,2,0.2391,6,1,1
ORD000085280,2026-08-07 10:46:31,1767.12,2,Electronics,0.0,COD,49.0,CUST003018,21,5,0,509880,Courier_B,1,0.201,1,16,0
ORD000085281,2026-08-07 10:50:43,399.12,1,Footwear,11.21,COD,49.0,CUST002668,146,4,0,914384,Courier_C,2,0.327,0,1,0
ORD000085282,2026-08-07 10:51:31,791.81,1,Electronics,8.21,UPI,0.0,CUST013876,152,7,0,539241,Courier_C,3,0.1986,1,2,0
ORD000085283,2026-08-07 10:53:31,322.58,1,Beauty,0.0,UPI,0.0,CUST012769,116,2,0,322933,Courier_D,3,0.3129,0,3,0
ORD000085284,2026-08-07 10:54:54,277.9,2,Apparel,0.0,Credit Card,0.0,CUST005678,321,4,1,972701,Courier_E,1,0.2563,0,1,0
ORD000085285,2026-08-07 10:57:07,960.17,2,Beauty,0.0,COD,39.0,CUST015153,458,2,0,962949,Courier_D,1,0.5239,0,1,0
ORD000085286,2026-08-07 10:59:11,903.63,2,Apparel,0.0,UPI,0.0,CUST005565,125,5,0,808680,Courier_A,2,0.3277,0,1,0
ORD000085287,2026-08-07 11:02:51,271.74,3,Home,12.54,COD,39.0,CUST020566,245,2,0,788240,Courier_A,1,0.0987,1,1,0
ORD000085288,2026-08-07 11:03:13,201.06,4,Electronics,0.0,COD,79.0,CUST022533,270,4,0,476501,Courier_B,2,0.2633,0,1,0
ORD000085289,2026-08-07 11:03:39,131.95,1,Footwear,0.0,COD,29.0,CUST002273,244,4,0,475043,Courier_C,1,0.0568,0,1,0
ORD000085290,2026-08-07 11:04:23,400.35,2,Electronics,0.0,COD,49.0,CUST022959,73,4,0,238715,Courier_B,2,0.1487,3,1,1
ORD000085291,2026-08-07 11:05:05,645.91,1,Apparel,0.0,COD,49.0,CUST017939,369,2,0,673226,Courier_A,3,0.1482,4,1,1
ORD000085292,2026-08-07 11:12:55,836.32,2,Electronics,0.0,UPI,0.0,CUST016159,109,4,0,934886,Courier_A,1,0.0569,1,2,0
ORD000085293,2026-08-07 11:14:01,873.18,3,Apparel,0.0,UPI,0.0,CUST015521,203,6,0,770577,Courier_C,3,0.3199,2,1,0
ORD000085294,2026-08-07 11:14:48,193.29,4,Electronics,0.0,Debit Card,0.0,CUST000380,1764,2,0,496735,Courier_C,2,0.0377,1,1,0
ORD000085295,2026-08-07 11:15:31,640.05,4,Electronics,51.99,COD,39.0,CUST000117,147,3,0,131620,Courier_B,3,0.0,3,5,0
ORD000085296,2026-08-07 11:15:40,169.72,1,Apparel,0.0,UPI,0.0,CUST013419,396,5,0,815497,Courier_D,2,0.3913,1,1,0
ORD000085297,2026-08-07 11:20:11,1843.12,2,Home,0.0,Credit Card,0.0,CUST001148,118,6,0,244802,Courier_A,2,0.1729,2,1,0
ORD000085298,2026-08-07 11:28:50,722.78,2,Jewelry,0.0,Credit Card,0.0,CUST026855,2409,4,0,931926,Courier_A,2,0.1503,3,1,0
ORD000085299,2026-08-07 11:30:08,887.44,4,Apparel,16.22,COD,39.0,CUST025855,270,1,0,146484,Courier_C,3,0.0951,1,1,1
ORD000085300,2026-08-07 11:33:48,576.72,2,Home,6.08,COD,59.0,CUST006437,350,4,0,929407,Courier_A,1,0.1635,4,1,0
ORD000085301,2026-08-07 11:40:06,300.01,2,Apparel,0.0,UPI,0.0,CUST020464,131,5,0,229964,Courier_A,2,0.2352,1,1,0
ORD000085302,2026-08-07 11:41:56,521.37,3,Home,0.99,COD,29.0,CUST011951,348,4,0,185555,Courier_A,1,0.1834,1,1,0
ORD000085303,2026-08-07 11:43:37,193.15,1,Apparel,0.0,UPI,0.0,CUST025501,68,0,0,964937,Courier_C,2,0.0561,2,1,0
ORD000085304,2026-08-07 11:46:26,222.57,2,Apparel,23.65,COD,39.0,CUST003711,322,4,0,481328,Courier_A,2,0.0976,1,3,0
ORD000085305,2026-08-07 11:55:21,5681.59,4,Beauty,26.98,COD,79.0,CUST000177,41,3,0,577420,Courier_A,3,0.2681,1,1,0
ORD000085306,2026-08-07 11:56:25,946.86,2,Home,19.42,Credit Card,0.0,CUST026941,274,6,0,636120,Courier_B,1,0.1421,0,1,0
ORD000085307,2026-08-07 12:03:34,667.14,6,Electronics,0.0,Debit Card,0.0,CUST003683,45,5,0,388496,Courier_B,3,0.1469,1,4,0
ORD000085308,2026-08-07 12:05:50,242.42,3,Electronics,0.0,COD,79.0,CUST011900,69,6,0,226126,Courier_E,2,0.2234,4,1,0
ORD000085309,2026-08-07 12:06:09,814.27,2,Apparel,0.0,COD,49.0,CUST010654,230,2,0,139745,Courier_E,2,0.0645,3,1,0
ORD000085310,2026-08-07 12:09:33,209.12,3,Jewelry,5.82,Net Banking,0.0,CUST002808,1813,4,0,628425,Courier_A,3,0.0325,1,1,0
ORD000085311,2026-08-07 12:13:21,224.19,3,Apparel,0.0,Debit Card,0.0,CUST029851,309,7,1,427679,Courier_C,1,0.2379,2,1,0
ORD000085312,2026-08-07 12:16:15,991.68,1,Home,0.0,UPI,0.0,CUST015719,169,2,0,233585,Courier_E,1,0.1219,0,1,0
ORD000085313,2026-08-07 12:17:32,1337.41,3,Home,17.96,Credit Card,0.0,CUST026906,134,7,0,258959,Courier_A,3,0.1199,1,1,0
ORD000085314,2026-08-07 12:18:02,422.49,1,Electronics,0.0,Net Banking,0.0,CUST025770,378,4,0,861511,Courier_A,3,0.2914,3,1,0
ORD000085315,2026-08-07 12:18:55,293.34,2,Home,0.0,COD,59.0,CUST026033,234,4,0,651264,Courier_A,1,0.0608,3,1,0
ORD000085316,2026-08-07 12:23:38,956.45,2,Apparel,14.55,Credit Card,0.0,CUST025422,262,1,0,654615,Courier_A,3,0.1427,0,3,0
ORD000085317,2026-08-07 12:24:45,1065.5,2,Beauty,0.0,COD,79.0,CUST012407,40,1,0,816723,Courier_D,2,0.312,2,1,0
ORD000085318,2026-08-07 12:26:25,1022.25,3,Footwear,0.0,Debit Card,0.0,CUST017212,44,3,0,744635,Courier_A,2,0.4186,2,1,0
ORD000085319,2026-08-07 12:32:52,1086.59,2,Beauty,22.14,UPI,0.0,CUST003142,687,4,0,104886,Courier_B,1,0.1152,1,1,0
ORD000085320,2026-08-07 12:35:51,770.14,2,Electronics,13.89,COD,59.0,CUST013207,171,5,0,667890,Courier_B,1,0.2417,2,1,0
ORD000085321,2026-08-07 12:37:12,378.03,3,Apparel,9.6,COD,49.0,CUST021124,700,6,0,905920,Courier_C,2,0.1108,0,1,0
ORD000085322,2026-08-07 12:37:15,1062.15,2,Footwear,8.09,COD,29.0,CUST016394,189,3,0,654970,Courier_C,3,0.1832,1,1,0
ORD000085323,2026-08-07 12:37:36,269.55,3,Jewelry,17.93,COD,39.0,CUST029257,292,4,0,282330,Courier_D,2,0.4301,1,17,1
ORD000085324,2026-08-07 12:43:43,543.16,5,Beauty,29.02,COD,79.0,CUST022734,3412,6,0,554088,Courier_B,2,0.163,4,1,0
ORD000085325,2026-08-07 12:43:57,757.16,1,Beauty,28.88,Credit Card,0.0,CUST018437,238,3,0,781551,Courier_E,2,0.1632,2,1,1
ORD000085326,2026-08-07 12:48:22,409.05,2,Apparel,24.58,UPI,0.0,CUST005500,214,4,3,158414,Courier_B,1,0.0386,1,3,0
ORD000085327,2026-08-07 12:48:44,904.1,2,Home,0.0,COD,59.0,CUST023045,359,5,0,590305,Courier_B,2,0.1341,1,1,0
ORD000085328,2026-08-07 12:52:51,1560.72,2,Apparel,0.0,COD,29.0,CUST022243,19,3,0,577652,Courier_D,3,0.1607,1,1,0
ORD000085329,2026-08-07 12:56:06,1250.16,2,Beauty,0.0,COD,99.0,CUST019738,192,2,0,421903,Courier_B,2,0.0,3,1,0
ORD000085330,2026-08-07 12:57:31,877.84,2,Apparel,24.85,COD,49.0,CUST002291,64,2,0,476547,Courier_B,3,0.0246,1,4,0
ORD000085331,2026-08-07 12:59:54,253.68,2,Electronics,11.18,Debit Card,0.0,CUST005155,97,1,0,909819,Courier_E,2,0.0828,1,1,0
ORD000085332,2026-08-07 13:00:31,484.36,2,Home,0.0,UPI,0.0,CUST022721,399,2,0,952372,Courier_C,1,0.2884,1,1,0
ORD000085333,2026-08-07 13:07:07,323.15,2,Apparel,0.0,UPI,0.0,CUST005148,75,2,0,853073,Courier_C,3,0.3416,1,4,0
ORD000085334,2026-08-07 13:07:26,1903.46,4,Beauty,21.11,COD,99.0,CUST026116,161,5,0,787831,Courier_D,2,0.1423,0,1,0
ORD000085335,2026-08-07 13:09:07,339.69,1,Apparel,0.0,Credit Card,0.0,CUST029635,769,3,0,218848,Courier_A,2,0.2247,1,3,0
ORD000085336,2026-08-07 13:12:01,394.1,2,Apparel,0.0,Credit Card,0.0,CUST008691,61,3,0,638422,Courier_A,3,0.2298,1,1,0
ORD000085337,2026-08-07 13:12:36,2037.39,1,Beauty,0.0,COD,49.0,CUST022559,260,1,0,368795,Courier_B,1,0.257,3,1,0
ORD000085338,2026-08-07 13:14:50,402.48,1,Apparel,0.0,COD,20.0,CUST005003,57,4,0,756766,Courier_A,3,0.0,1,4,0
ORD000085339,2026-08-07 13:15:29,1048.95,1,Footwear,0.0,COD,39.0,CUST025576,660,5,0,622523,Courier_E,1,0.1938,1,1,0
ORD000085340,2026-08-07 13:15:44,581.06,2,Beauty,0.0,COD,20.0,CUST001008,528,3,0,959532,Courier_D,3,0.1047,2,1,0
ORD000085341,2026-08-07 13:16:59,587.69,4,Beauty,0.0,Net Banking,0.0,CUST022292,499,2,0,359241,Courier_B,2,0.1264,0,5,0
ORD000085342,2026-08-07 13:17:09,1868.08,1,Home,0.0,COD,99.0,CUST006088,207,7,1,799198,Courier_A,3,0.3144,0,8,0
ORD000085343,2026-08-07 13:18:22,135.31,4,Apparel,3.93,Credit Card,0.0,CUST020549,2049,2,0,158414,Courier_E,1,0.0,0,1,0
ORD000085344,2026-08-07 13:22:40,664.93,1,Apparel,0.0,COD,59.0,CUST024946,291,7,0,703930,Courier_B,1,0.1319,3,1,0
ORD000085345,2026-08-07 13:28:02,2082.53,4,Footwear,0.0,COD,49.0,CUST003413,0,0,0,965592,Courier_E,1,0.1188,0,4,0
ORD000085346,2026-08-07 13:30:05,601.08,1,Beauty,0.0,COD,79.0,CUST014731,503,6,0,140279,Courier_C,2,0.2221,2,1,0
ORD000085347,2026-08-07 13:40:03,1319.5,4,Electronics,35.56,COD,29.0,CUST013079,210,4,0,509843,Courier_A,1,0.211,1,1,0
ORD000085348,2026-08-07 13:42:23,602.0,2,Apparel,33.97,UPI,0.0,CUST002491,388,1,0,876950,Courier_A,3,0.0792,3,1,0
ORD000085349,2026-08-07 13:44:01,504.41,2,Apparel,11.55,UPI,0.0,CUST015584,363,3,0,696209,Courier_A,2,0.1326,2,1,0
ORD000085350,2026-08-07 13:48:00,3049.51,4,Jewelry,0.0,UPI,0.0,CUST019137,459,5,0,276672,Courier_C,1,0.1547,0,1,0
ORD000085351,2026-08-07 13:48:35,562.07,2,Apparel,0.0,UPI,0.0,CUST000752,330,4,1,664100,Courier_A,2,0.2444,2,5,0
ORD000085352,2026-08-07 13:48:51,1025.56,4,Footwear,0.0,Credit Card,0.0,CUST006166,1046,4,1,959532,Courier_B,3,0.0989,3,1,0
ORD000085353,2026-08-07 13:50:12,775.85,1,Home,0.0,COD,59.0,CUST003620,1052,1,0,488273,Courier_A,1,0.2988,2,4,0
ORD000085354,2026-08-07 14:01:07,700.22,2,Beauty,0.0,COD,79.0,CUST008643,96,4,0,137421,Courier_A,2,0.0885,1,1,0
ORD000085355,2026-08-07 14:02:20,1859.58,1,Footwear,0.0,COD,20.0,CUST029896,1207,2,1,664785,Courier_A,3,0.1266,2,1,0
ORD000085356,2026-08-07 14:02:55,480.06,1,Beauty,0.0,COD,49.0,CUST022091,42,5,2,228695,Courier_C,3,0.1207,1,2,0
ORD000085357,2026-08-07 14:06:10,1197.78,2,Jewelry,0.0,Credit Card,0.0,CUST013156,68,4,0,352917,Courier_D,1,0.1277,1,4,0
ORD000085358,2026-08-07 14:06:32,431.21,3,Electronics,24.46,COD,79.0,CUST014559,608,1,0,412449,Courier_A,2,0.2096,1,5,0
ORD000085359,2026-08-07 14:10:00,1664.43,3,Apparel,19.29,COD,39.0,CUST010616,458,2,0,823556,Courier_E,2,0.1479,2,2,0
ORD000085360,2026-08-07 14:12:33,391.75,1,Footwear,9.5,COD,99.0,CUST001942,256,4,0,632716,Courier_D,2,0.1355,5,1,0
ORD000085361,2026-08-07 14:19:55,1458.16,3,Electronics,0.0,UPI,0.0,CUST028702,143,2,0,103940,Courier_C,1,0.1004,2,1,0
ORD000085362,2026-08-07 14:37:55,478.63,2,Beauty,25.73,UPI,0.0,CUST015586,281,1,0,351203,Courier_B,2,0.1221,1,1,0
ORD000085363,2026-08-07 14:47:51,526.3,3,Footwear,16.46,Debit Card,0.0,CUST025421,264,2,1,512600,Courier_A,1,0.1399,2,1,0
ORD000085364,2026-08-07 14:48:42,710.56,4,Jewelry,15.07,UPI,0.0,CUST014883,0,0,0,726938,Courier_C,3,0.0959,3,2,0
ORD000085365,2026-08-07 14:49:12,222.4,2,Footwear,0.0,Debit Card,0.0,CUST028722,1672,5,0,903815,Courier_C,3,0.3205,1,1,0
ORD000085366,2026-08-07 14:51:30,633.89,2,Electronics,0.0,COD,39.0,CUST004208,601,3,1,488273,Courier_D,1,0.2883,1,3,1
ORD000085367,2026-08-07 14:54:47,489.54,2,Apparel,0.0,Debit Card,0.0,CUST017707,362,5,0,488554,Courier_D,3,0.411,0,1,0
ORD000085368,2026-08-07 14:55:41,190.65,2,Home,0.0,COD,59.0,CUST028824,281,4,0,384588,Courier_C,3,0.0311,1,1,0
ORD000085369,2026-08-07 15:02:36,285.55,1,Home,29.66,COD,29.0,CUST013558,71,4,0,427170,Courier_D,3,0.0991,2,19,1
ORD000085370,2026-08-07 15:07:57,342.32,2,Apparel,0.0,COD,39.0,CUST026627,311,3,0,615126,Courier_E,1,0.0292,1,1,1
ORD000085371,2026-08-07 15:08:05,471.91,2,Home,0.0,UPI,0.0,CUST022484,722,0,0,209578,Courier_B,1,0.295,2,1,1
ORD000085372,2026-08-07 15:08:14,703.87,1,Home,0.0,UPI,0.0,CUST028088,86,5,0,709481,Courier_A,2,0.0726,1,1,0
ORD000085373,2026-08-07 15:16:42,591.53,2,Footwear,2.62,COD,59.0,CUST021745,107,3,0,248900,Courier_C,1,0.2681,4,1,0
ORD000085374,2026-08-07 15:17:07,574.17,3,Apparel,38.42,COD,49.0,CUST003693,3650,1,0,218848,Courier_A,2,0.2097,0,4,1
ORD000085375,2026-08-07 15:21:06,692.58,1,Home,10.97,COD,79.0,CUST027851,205,7,1,805607,Courier_B,1,0.156,3,1,0
ORD000085376,2026-08-07 15:24:10,354.55,3,Apparel,12.48,COD,39.0,CUST004447,447,4,1,249457,Courier_D,1,0.2183,3,1,0
ORD000085377,2026-08-07 15:28:11,338.91,2,Footwear,0.0,Credit Card,0.0,CUST028913,523,3,0,216367,Courier_A,2,0.124,2,1,0
ORD000085378,2026-08-07 15:33:46,629.37,2,Electronics,0.0,UPI,0.0,CUST024315,370,2,0,356115,Courier_B,2,0.3419,3,1,1
ORD000085379,2026-08-07 15:35:24,591.94,4,Apparel,31.05,Net Banking,0.0,CUST005636,27,2,0,539453,Courier_A,2,0.2017,0,1,0
ORD000085380,2026-08-07 15:41:19,1046.2,2,Jewelry,0.0,Net Banking,0.0,CUST026547,95,5,1,628444,Courier_C,3,0.1917,2,1,0
ORD000085381,2026-08-07 15:46:20,677.07,2,Electronics,24.94,UPI,0.0,CUST009707,2114,4,0,441755,Courier_B,1,0.1595,0,5,0
ORD000085382,2026-08-07 15:50:43,216.77,2,Electronics,0.0,UPI,0.0,CUST020981,820,4,0,561464,Courier_C,2,0.1567,0,1,0
ORD000085383,2026-08-07 15:52:52,472.64,4,Apparel,5.93,COD,49.0,CUST005060,115,6,0,952372,Courier_B,1,0.2826,1,5,1
ORD000085384,2026-08-07 15:58:42,738.57,4,Apparel,0.0,COD,59.0,CUST017221,591,5,0,527694,Courier_C,3,0.0894,0,1,0
ORD000085385,2026-08-07 16:07:14,1092.83,3,Footwear,28.15,COD,59.0,CUST025208,1753,4,1,186089,Courier_D,1,0.2646,2,1,0
ORD000085386,2026-08-07 16:11:47,1461.25,1,Footwear,0.0,Net Banking,0.0,CUST014106,50,2,0,198172,Courier_A,1,0.3831,3,1,0
ORD000085387,2026-08-07 16:11:54,372.45,3,Electronics,0.0,COD,39.0,CUST022403,310,2,0,131620,Courier_C,3,0.0,1,2,0
ORD000085388,2026-08-07 16:12:33,240.25,2,Apparel,12.63,COD,49.0,CUST018944,660,3,0,976980,Courier_A,3,0.1027,0,1,0
ORD000085389,2026-08-07 16:15:55,265.64,1,Footwear,23.7,UPI,0.0,CUST028737,576,2,1,695165,Courier_C,3,0.0658,3,1,0
ORD000085390,2026-08-07 16:17:35,7107.4,1,Apparel,0.0,Credit Card,0.0,CUST025359,34,6,1,570217,Courier_C,1,0.0943,2,5,0
ORD000085391,2026-08-07 16:20:46,1266.51,3,Footwear,0.0,COD,29.0,CUST000109,203,3,0,592322,Courier_B,2,0.136,2,1,0
ORD000085392,2026-08-07 16:24:13,112.11,1,Footwear,0.0,Credit Card,0.0,CUST018679,84,9,0,865643,Courier_B,2,0.2324,0,1,0
ORD000085393,2026-08-07 16:26:10,261.3,2,Apparel,0.0,COD,29.0,CUST023449,234,2,0,807527,Courier_D,1,0.3055,3,1,1
ORD000085394,2026-08-07 16:28:42,705.87,3,Electronics,0.0,Credit Card,0.0,CUST018866,130,2,1,476634,Courier_D,2,0.1589,2,3,0
ORD000085395,2026-08-07 16:36:40,1688.51,5,Footwear,0.0,UPI,0.0,CUST001256,880,3,0,814732,Courier_C,2,0.0714,2,1,0
ORD000085396,2026-08-07 16:39:33,730.75,2,Electronics,8.68,Debit Card,0.0,CUST025175,173,3,0,637499,Courier_A,1,0.0266,1,1,0
ORD000085397,2026-08-07 16:39:36,1421.41,2,Jewelry,0.0,Credit Card,0.0,CUST026379,50,2,0,717284,Courier_C,3,0.2919,1,1,0
ORD000085398,2026-08-07 16:39:52,609.57,2,Home,0.0,COD,59.0,CUST017061,273,4,0,802647,Courier_D,2,0.0971,1,1,0
ORD000085399,2026-08-07 16:45:00,553.86,1,Electronics,23.17,UPI,0.0,CUST010412,184,1,0,675360,Courier_C,2,0.0,2,1,0
ORD000085400,2026-08-07 16:48:02,609.81,4,Apparel,4.64,COD,39.0,CUST004359,1015,5,0,914136,Courier_D,1,0.2242,1,1,0
ORD000085401,2026-08-07 16:48:40,1026.05,3,Apparel,0.0,COD,39.0,CUST004484,126,2,1,108917,Courier_B,2,0.2104,1,1,0
ORD000085402,2026-08-07 16:50:17,370.76,3,Footwear,21.47,UPI,0.0,CUST000464,374,2,0,558329,Courier_D,2,0.0404,0,1,0
ORD000085403,2026-08-07 16:52:53,2119.49,2,Apparel,0.0,UPI,0.0,CUST028835,665,1,0,504071,Courier_D,1,0.0816,2,1,0
ORD000085404,2026-08-07 16:53:40,934.9,3,Beauty,4.73,COD,20.0,CUST006539,284,3,0,281122,Courier_A,2,0.055,1,1,1
ORD000085405,2026-08-07 16:53:46,80.87,5,Beauty,0.0,COD,59.0,CUST011335,113,1,1,861837,Courier_B,3,0.3736,0,2,1
ORD000085406,2026-08-07 16:58:29,566.57,4,Beauty,19.32,COD,39.0,CUST015786,28,3,0,146484,Courier_B,3,0.1878,4,1,0
ORD000085407,2026-08-07 17:00:03,938.1,1,Footwear,32.63,COD,99.0,CUST014777,768,6,0,669408,Courier_A,2,0.0944,2,5,0
ORD000085408,2026-08-07 17:01:38,930.57,3,Apparel,4.06,Credit Card,0.0,CUST024813,60,3,0,782085,Courier_B,2,0.3459,2,1,0
ORD000085409,2026-08-07 17:01:50,425.07,2,Footwear,0.0,COD,49.0,CUST020028,64,5,0,738553,Courier_B,3,0.1511,3,1,0
ORD000085410,2026-08-07 17:05:28,658.22,2,Apparel,9.43,COD,49.0,CUST022159,127,2,0,180968,Courier_A,2,0.1836,1,1,1
ORD000085411,2026-08-07 17:07:39,241.87,2,Apparel,0.0,UPI,0.0,CUST022366,198,4,0,696858,Courier_A,3,0.1229,0,1,0
ORD000085412,2026-08-07 17:09:24,421.98,2,Apparel,0.0,COD,99.0,CUST022112,314,6,1,197643,Courier_B,3,0.261,1,1,1
ORD000085413,2026-08-07 17:16:55,554.6,3,Apparel,0.0,Credit Card,0.0,CUST019939,552,3,0,684997,Courier_B,2,0.2769,2,1,1
ORD000085414,2026-08-07 17:18:09,1377.44,3,Electronics,0.0,UPI,0.0,CUST029358,66,6,1,909819,Courier_B,2,0.0771,1,1,0
ORD000085415,2026-08-07 17:18:58,1155.57,2,Footwear,0.0,COD,49.0,CUST029563,193,3,0,531320,Courier_B,2,0.3574,0,1,0
ORD000085416,2026-08-07 17:21:58,1610.12,1,Apparel,1.94,UPI,0.0,CUST021203,25,4,0,371186,Courier_A,2,0.2117,1,1,0
ORD000085417,2026-08-07 17:22:48,153.82,1,Electronics,0.0,COD,79.0,CUST007549,0,0,0,684370,Courier_E,1,0.2242,1,1,0
ORD000085418,2026-08-07 17:26:17,242.89,3,Beauty,10.92,COD,49.0,CUST001863,355,4,0,570241,Courier_A,1,0.1385,1,3,0
ORD000085419,2026-08-07 17:29:47,576.98,1,Beauty,12.33,UPI,0.0,CUST022966,152,7,0,923790,Courier_D,2,0.4184,2,1,0
ORD000085420,2026-08-07 17:30:02,868.08,1,Apparel,20.55,UPI,0.0,CUST021251,476,3,0,653198,Courier_B,2,0.2651,0,1,0
ORD000085421,2026-08-07 17:31:48,257.14,3,Beauty,21.38,COD,49.0,CUST025105,110,4,0,966726,Courier_C,3,0.376,0,4,0
ORD000085422,2026-08-07 17:33:21,435.16,2,Home,0.0,UPI,0.0,CUST028189,390,5,1,744635,Courier_E,2,0.3473,3,1,0
ORD000085423,2026-08-07 17:41:43,291.52,3,Home,3.28,COD,20.0,CUST014134,241,2,0,861837,Courier_E,3,0.3808,0,5,1
ORD000085424,2026-08-07 17:45:07,265.59,3,Home,0.0,COD,99.0,CUST018337,113,3,0,502006,Courier_B,1,0.16,0,1,0
ORD000085425,2026-08-07 17:46:03,297.6,1,Beauty,6.72,COD,39.0,CUST009262,94,5,0,861837,Courier_E,3,0.3343,0,1,0
ORD000085426,2026-08-07 17:46:29,342.3,1,Electronics,25.12,UPI,0.0,CUST029489,638,3,0,430264,Courier_A,2,0.0885,1,1,0
ORD000085427,2026-08-07 17:49:55,471.88,2,Electronics,0.0,COD,79.0,CUST023803,109,2,0,207727,Courier_A,3,0.0696,1,2,0
ORD000085428,2026-08-07 17:53:01,509.39,2,Apparel,0.0,COD,39.0,CUST017005,287,2,0,918349,Courier_A,3,0.1475,2,13,1
ORD000085429,2026-08-07 17:53:14,2873.05,2,Footwear,8.48,COD,59.0,CUST011749,118,5,0,636916,Courier_A,1,0.0746,2,3,0
ORD000085430,2026-08-07 17:55:00,879.73,1,Footwear,0.0,COD,39.0,CUST017651,39,1,0,893042,Courier_A,2,0.1447,2,1,1
ORD000085431,2026-08-07 17:57:58,301.84,2,Beauty,11.21,UPI,0.0,CUST008004,822,7,0,889948,Courier_C,2,0.0934,2,1,0
ORD000085432,2026-08-07 18:00:06,1069.19,2,Beauty,14.66,UPI,0.0,CUST020390,229,3,0,902174,Courier_B,3,0.3113,1,1,0
ORD000085433,2026-08-07 18:02:41,919.95,3,Electronics,0.0,Debit Card,0.0,CUST016859,763,5,0,386049,Courier_B,2,0.0936,1,4,0
ORD000085434,2026-08-07 18:10:25,350.93,2,Apparel,10.27,UPI,0.0,CUST022265,174,2,0,562598,Courier_B,3,0.0159,1,2,0
ORD000085435,2026-08-07 18:10:50,99.98,2,Apparel,0.0,UPI,0.0,CUST008341,297,6,0,987742,Courier_C,3,0.2269,2,1,1
ORD000085436,2026-08-07 18:12:24,1443.22,2,Electronics,21.23,Debit Card,0.0,CUST018612,336,4,0,880310,Courier_A,3,0.2318,0,1,0
ORD000085437,2026-08-07 18:14:14,1473.15,1,Apparel,0.0,COD,59.0,CUST019320,223,6,0,175936,Courier_C,2,0.0971,1,1,0
ORD000085438,2026-08-07 18:17:59,372.53,4,Beauty,13.35,Net Banking,0.0,CUST028071,1923,4,3,497993,Courier_A,2,0.1784,0,1,0
ORD000085439,2026-08-07 18:20:50,503.87,2,Home,29.33,COD,59.0,CUST027445,1220,4,0,607529,Courier_A,2,0.3625,2,2,0
ORD000085440,2026-08-07 18:21:18,386.93,1,Home,0.0,UPI,0.0,CUST007083,351,4,1,724434,Courier_E,2,0.2369,1,1,0
ORD000085441,2026-08-07 18:27:05,604.16,1,Apparel,0.0,Credit Card,0.0,CUST020610,219,2,0,339071,Courier_E,2,0.1111,2,4,0
ORD000085442,2026-08-07 18:29:33,1668.92,3,Footwear,0.0,Debit Card,0.0,CUST007838,176,3,0,120421,Courier_A,3,0.2042,2,1,0
ORD000085443,2026-08-07 18:29:47,340.33,2,Electronics,10.76,Debit Card,0.0,CUST016064,104,3,0,355903,Courier_C,2,0.1037,0,1,0
ORD000085444,2026-08-07 18:30:19,738.76,1,Apparel,5.49,Debit Card,0.0,CUST000523,487,3,0,199508,Courier_A,2,0.5112,1,1,0
ORD000085445,2026-08-07 18:31:28,785.52,1,Footwear,0.0,COD,99.0,CUST011217,393,4,0,382916,Courier_D,1,0.1457,1,5,0
ORD000085446,2026-08-07 18:34:55,858.61,1,Home,0.0,COD,39.0,CUST027824,72,6,0,530251,Courier_A,1,0.1651,3,1,0
ORD000085447,2026-08-07 18:36:30,940.95,2,Home,24.65,UPI,0.0,CUST006331,1238,4,1,300933,Courier_C,2,0.2334,1,16,1
ORD000085448,2026-08-07 18:36:38,491.79,2,Electronics,21.01,UPI,0.0,CUST000844,487,3,0,781167,Courier_E,2,0.2354,1,1,0
ORD000085449,2026-08-07 18:36:40,1516.61,3,Electronics,0.0,COD,79.0,CUST013297,0,0,0,401813,Courier_C,2,0.3302,0,3,1
ORD000085450,2026-08-07 18:42:07,441.34,1,Jewelry,0.0,COD,39.0,CUST028475,782,3,0,282330,Courier_A,2,0.4258,2,1,0
ORD000085451,2026-08-07 18:44:53,1577.15,1,Electronics,0.0,COD,29.0,CUST018300,47,5,0,597740,Courier_B,1,0.3547,3,5,1
ORD000085452,2026-08-07 18:51:52,347.4,2,Apparel,0.0,UPI,0.0,CUST014446,612,2,0,608288,Courier_C,3,0.0181,2,1,0
ORD000085453,2026-08-07 19:01:49,283.4,1,Electronics,6.63,COD,99.0,CUST027372,663,2,0,842688,Courier_A,2,0.3567,3,4,1
ORD000085454,2026-08-07 19:03:14,629.56,1,Apparel,36.33,COD,29.0,CUST029561,68,2,0,717194,Courier_A,3,0.2781,0,1,1
ORD000085455,2026-08-07 19:05:35,1368.07,2,Apparel,30.14,UPI,0.0,CUST019688,51,5,1,995659,Courier_E,2,0.6769,1,1,0
ORD000085456,2026-08-07 19:06:48,653.48,7,Apparel,10.96,UPI,0.0,CUST012820,78,5,0,225182,Courier_D,3,0.1266,1,1,0
ORD000085457,2026-08-07 19:08:01,590.29,6,Home,0.0,COD,49.0,CUST023837,123,5,0,489282,Courier_A,3,0.1019,0,1,0
ORD000085458,2026-08-07 19:08:35,470.05,3,Beauty,9.78,Debit Card,0.0,CUST017516,522,3,0,608288,Courier_A,3,0.0883,2,1,0
ORD000085459,2026-08-07 19:19:23,1855.26,2,Apparel,25.5,COD,39.0,CUST023753,348,6,0,520058,Courier_C,3,0.1116,1,3,1
ORD000085460,2026-08-07 19:19:47,587.78,3,Electronics,0.0,UPI,0.0,CUST016615,742,2,0,341690,Courier_D,2,0.1307,1,2,0
ORD000085461,2026-08-07 19:24:21,487.36,3,Beauty,24.97,COD,20.0,CUST027482,762,3,2,929214,Courier_A,1,0.3041,3,1,1
ORD000085462,2026-08-07 19:24:35,415.61,1,Beauty,0.0,COD,59.0,CUST021337,1116,2,0,544221,Courier_E,2,0.1819,1,3,1
ORD000085463,2026-08-07 19:24:36,263.28,2,Apparel,2.93,Credit Card,0.0,CUST029261,394,4,0,753798,Courier_C,2,0.1049,1,1,0
ORD000085464,2026-08-07 19:26:44,282.25,2,Footwear,9.68,Debit Card,0.0,CUST028364,80,1,0,865916,Courier_A,3,0.0565,2,1,0
ORD000085465,2026-08-07 19:44:44,458.1,5,Apparel,34.56,Net Banking,0.0,CUST018633,114,4,0,194699,Courier_B,1,0.1341,2,6,1
ORD000085466,2026-08-07 19:49:38,714.22,2,Apparel,0.0,COD,59.0,CUST013703,478,1,0,955861,Courier_B,3,0.1834,2,1,0
ORD000085467,2026-08-07 19:55:17,503.77,4,Beauty,0.0,COD,49.0,CUST003541,130,2,0,441755,Courier_D,1,0.1676,0,1,0
ORD000085468,2026-08-07 20:00:11,815.22,2,Apparel,0.0,COD,49.0,CUST021141,108,1,0,929407,Courier_C,1,0.1383,3,1,1
ORD000085469,2026-08-07 20:02:05,271.6,1,Apparel,32.12,COD,39.0,CUST007378,236,2,0,218562,Courier_C,2,0.0796,0,5,0
ORD000085470,2026-08-07 20:02:31,399.51,3,Apparel,0.0,UPI,0.0,CUST011554,560,3,0,178914,Courier_D,2,0.1604,3,1,0
ORD000085471,2026-08-07 20:06:59,1642.66,1,Beauty,0.0,UPI,0.0,CUST024699,835,4,0,815497,Courier_C,2,0.3513,1,4,0
ORD000085472,2026-08-07 20:07:17,477.11,1,Beauty,0.0,UPI,0.0,CUST022697,554,4,2,997140,Courier_B,1,0.2911,1,1,0
ORD000085473,2026-08-07 20:07:26,1020.69,2,Beauty,0.0,Debit Card,0.0,CUST002318,142,3,0,694046,Courier_D,1,0.1963,1,1,0
ORD000085474,2026-08-07 20:10:58,256.79,1,Apparel,0.0,UPI,0.0,CUST001192,95,4,0,923790,Courier_C,2,0.4136,1,1,0
ORD000085475,2026-08-07 20:12:38,661.9,3,Beauty,0.0,UPI,0.0,CUST006303,74,2,0,942045,Courier_B,3,0.2274,1,2,0
ORD000085476,2026-08-07 20:18:34,1065.61,2,Beauty,0.0,COD,79.0,CUST021549,799,4,0,368795,Courier_B,1,0.2226,0,1,0
ORD000085477,2026-08-07 20:19:06,1965.41,2,Apparel,12.41,COD,99.0,CUST006851,206,2,0,664785,Courier_B,3,0.1554,3,4,0
ORD000085478,2026-08-07 20:22:34,2988.39,1,Home,0.0,UPI,0.0,CUST004442,450,4,0,380844,Courier_C,3,0.2515,0,1,1
ORD000085479,2026-08-07 20:24:02,932.48,1,Jewelry,13.98,Debit Card,0.0,CUST003020,209,1,0,827382,Courier_B,2,0.2932,0,1,0
ORD000085480,2026-08-07 20:24:16,268.69,1,Beauty,17.91,UPI,0.0,CUST007343,204,3,1,579494,Courier_C,2,0.0947,1,5,0
ORD000085481,2026-08-07 20:26:51,486.73,4,Apparel,5.92,COD,49.0,CUST014416,254,3,0,131194,Courier_C,2,0.1655,2,1,0
ORD000085482,2026-08-07 20:28:26,1530.41,2,Home,12.82,COD,59.0,CUST025426,0,0,0,837709,Courier_A,2,0.2397,1,1,0
ORD000085483,2026-08-07 20:28:55,335.64,5,Apparel,0.0,UPI,0.0,CUST013276,135,6,0,854070,Courier_A,1,0.1135,1,1,0
ORD000085484,2026-08-07 20:31:11,1463.18,3,Electronics,0.0,COD,29.0,CUST023546,234,8,2,543108,Courier_A,2,0.1877,3,1,0
ORD000085485,2026-08-07 20:32:44,2517.39,2,Apparel,0.0,UPI,0.0,CUST007208,120,5,0,745821,Courier_A,2,0.3417,1,1,0
ORD000085486,2026-08-07 20:33:36,1483.92,3,Home,35.76,Credit Card,0.0,CUST023537,41,6,0,902174,Courier_E,3,0.265,1,1,0
ORD000085487,2026-08-07 20:35:59,250.12,1,Footwear,24.52,UPI,0.0,CUST002179,740,3,2,643532,Courier_B,3,0.1472,0,1,0
ORD000085488,2026-08-07 20:38:22,739.64,1,Apparel,40.13,COD,39.0,CUST017697,19,4,2,133503,Courier_C,2,0.2157,0,1,0
ORD000085489,2026-08-07 20:39:14,950.17,4,Apparel,2.3,COD,39.0,CUST023381,0,0,0,756766,Courier_A,3,0.0382,1,3,0
ORD000085490,2026-08-07 20:39:31,579.42,4,Beauty,17.89,COD,29.0,CUST009608,302,4,1,236288,Courier_E,3,0.1204,1,1,0
ORD000085491,2026-08-07 20:41:55,218.88,1,Electronics,0.0,COD,29.0,CUST009969,191,5,0,805419,Courier_A,1,0.1757,1,6,0
ORD000085492,2026-08-07 20:42:48,1643.66,4,Electronics,37.92,COD,39.0,CUST016550,37,2,0,709428,Courier_A,2,0.0992,1,1,0
ORD000085493,2026-08-07 20:43:13,82.52,3,Electronics,20.65,UPI,0.0,CUST019735,268,5,0,544221,Courier_A,2,0.1929,1,1,0
ORD000085494,2026-08-07 20:43:46,759.69,2,Apparel,13.15,Credit Card,0.0,CUST011102,171,4,0,181777,Courier_A,3,0.2785,1,4,0
ORD000085495,2026-08-07 20:45:52,1055.88,3,Jewelry,0.0,COD,59.0,CUST018136,107,4,0,501177,Courier_D,3,0.1167,2,1,0
ORD000085496,2026-08-07 20:47:46,318.06,1,Apparel,0.0,Credit Card,0.0,CUST009823,141,6,0,189160,Courier_A,2,0.5844,4,3,0
ORD000085497,2026-08-07 20:49:02,308.91,1,Jewelry,23.44,COD,59.0,CUST017429,163,5,0,117556,Courier_E,3,0.2967,1,1,1
ORD000085498,2026-08-07 20:50:06,306.32,3,Beauty,27.1,COD,39.0,CUST025465,157,3,0,348656,Courier_C,2,0.222,1,19,0
ORD000085499,2026-08-07 20:53:14,1095.13,2,Electronics,0.0,Credit Card,0.0,CUST029270,215,6,0,501836,Courier_A,2,0.0277,2,3,0
ORD000085500,2026-08-07 20:54:09,318.81,2,Footwear,0.0,Credit Card,0.0,CUST020582,125,2,0,868822,Courier_A,3,0.0335,2,1,0
ORD000085501,2026-08-07 20:55:24,1398.4,4,Footwear,0.0,UPI,0.0,CUST000728,145,3,0,352917,Courier_D,1,0.2092,4,4,1
ORD000085502,2026-08-07 20:58:47,233.17,2,Electronics,0.0,COD,39.0,CUST016975,2457,7,0,147717,Courier_B,1,0.1402,2,1,0
ORD000085503,2026-08-07 21:14:24,69.33,2,Home,0.0,UPI,0.0,CUST007180,608,3,0,782085,Courier_B,2,0.3295,0,1,0
ORD000085504,2026-08-07 21:16:07,818.12,2,Home,30.15,Credit Card,0.0,CUST024194,196,4,0,597561,Courier_A,2,0.0829,0,2,0
ORD000085505,2026-08-07 21:17:33,567.58,2,Electronics,0.0,UPI,0.0,CUST000495,398,0,0,312967,Courier_E,2,0.1494,3,1,0
ORD000085506,2026-08-07 21:19:59,1644.81,2,Jewelry,30.5,COD,99.0,CUST024639,337,3,0,715917,Courier_B,2,0.2346,2,1,0
ORD000085507,2026-08-07 21:21:06,178.96,1,Apparel,0.0,COD,49.0,CUST020087,255,3,1,630731,Courier_B,2,0.0717,1,3,0
ORD000085508,2026-08-07 21:32:49,1742.24,1,Home,0.0,UPI,0.0,CUST001489,396,3,0,202299,Courier_A,3,0.0712,3,1,0
ORD000085509,2026-08-07 21:33:12,587.3,1,Apparel,15.39,COD,79.0,CUST012020,533,2,0,937947,Courier_D,3,0.223,4,1,1
ORD000085510,2026-08-07 21:33:42,2136.46,1,Electronics,27.3,COD,49.0,CUST022402,188,1,0,424590,Courier_B,2,0.3114,3,4,0
ORD000085511,2026-08-07 21:44:23,239.48,1,Home,23.5,COD,49.0,CUST019220,44,4,0,897111,Courier_B,3,0.2373,0,1,1
ORD000085512,2026-08-07 21:47:44,364.73,1,Footwear,11.93,COD,39.0,CUST020083,198,1,0,320716,Courier_B,2,0.3978,0,1,0
ORD000085513,2026-08-07 21:49:56,951.48,1,Apparel,0.0,UPI,0.0,CUST016430,126,1,0,281122,Courier_B,2,0.0636,5,3,0
ORD000085514,2026-08-07 22:07:21,1040.77,3,Electronics,16.42,COD,29.0,CUST002257,0,0,0,790359,Courier_D,3,0.2641,0,1,1
ORD000085515,2026-08-07 22:07:47,556.25,3,Apparel,0.0,COD,79.0,CUST028612,48,7,0,697324,Courier_B,2,0.1766,1,1,0
ORD000085516,2026-08-07 22:10:33,857.94,1,Electronics,20.9,COD,79.0,CUST028660,1217,5,0,261232,Courier_A,3,0.1151,0,3,0
ORD000085517,2026-08-07 22:14:32,1679.85,2,Apparel,37.32,Credit Card,0.0,CUST017761,89,2,1,844071,Courier_A,3,0.1223,1,1,0
ORD000085518,2026-08-07 22:22:41,362.97,3,Home,0.0,COD,79.0,CUST024002,92,6,1,177411,Courier_B,2,0.357,0,1,0
ORD000085519,2026-08-07 22:24:24,661.21,2,Apparel,36.54,UPI,0.0,CUST013630,452,5,0,390647,Courier_C,2,0.3519,0,1,0
ORD000085520,2026-08-07 22:24:50,807.63,3,Jewelry,0.0,COD,20.0,CUST010899,235,6,0,796682,Courier_A,1,0.1542,0,1,0
ORD000085521,2026-08-07 22:26:10,389.75,1,Electronics,0.0,COD,29.0,CUST003805,388,3,0,788240,Courier_A,1,0.1036,0,3,0
ORD000085522,2026-08-07 22:27:14,1004.17,3,Home,13.68,COD,20.0,CUST013189,967,2,0,672511,Courier_B,2,0.1661,0,1,1
ORD000085523,2026-08-07 22:31:36,287.73,1,Footwear,3.17,COD,39.0,CUST005813,190,0,0,241810,Courier_A,3,0.2407,0,1,0
ORD000085524,2026-08-07 22:32:05,490.86,1,Footwear,0.0,COD,39.0,CUST002801,141,2,0,620174,Courier_C,2,0.0681,1,1,0
ORD000085525,2026-08-07 22:33:51,450.85,1,Jewelry,0.0,COD,59.0,CUST008639,13,0,0,545658,Courier_B,3,0.1338,0,1,1
ORD000085526,2026-08-07 22:38:18,2356.9,2,Electronics,20.22,COD,29.0,CUST017993,64,2,0,140390,Courier_D,1,0.1866,1,1,1
ORD000085527,2026-08-07 22:41:17,368.43,1,Apparel,7.48,Debit Card,0.0,CUST021963,170,2,0,241810,Courier_A,3,0.2376,0,4,0
ORD000085528,2026-08-07 22:43:10,429.3,4,Jewelry,12.94,COD,39.0,CUST001231,78,1,0,848275,Courier_C,2,0.0879,1,3,0
ORD000085529,2026-08-07 22:50:17,797.54,4,Apparel,0.0,COD,79.0,CUST014046,215,4,0,597542,Courier_B,3,0.087,3,1,1
ORD000085530,2026-08-07 22:55:17,236.29,3,Apparel,0.0,COD,39.0,CUST007907,801,4,1,202341,Courier_A,1,0.1491,2,1,0
ORD000085531,2026-08-07 22:57:38,1039.0,5,Jewelry,14.96,COD,39.0,CUST010612,188,4,0,209703,Courier_A,3,0.3384,1,1,0
ORD000085532,2026-08-07 23:01:56,2327.18,2,Beauty,0.0,UPI,0.0,CUST017965,107,1,0,959532,Courier_B,3,0.1033,0,5,0
ORD000085533,2026-08-07 23:02:30,1006.08,1,Beauty,8.07,Credit Card,0.0,CUST018014,177,3,0,643532,Courier_E,3,0.1336,3,1,0
ORD000085534,2026-08-07 23:11:10,793.14,2,Footwear,0.0,COD,99.0,CUST014164,32,4,0,178914,Courier_A,2,0.1991,0,1,0
ORD000085535,2026-08-07 23:15:16,1928.49,2,Apparel,0.0,UPI,0.0,CUST015687,181,3,0,863406,Courier_C,1,0.0879,1,2,0
ORD000085536,2026-08-07 23:21:32,1093.82,2,Footwear,0.0,UPI,0.0,CUST028871,19,5,0,802647,Courier_C,2,0.0957,2,1,0
ORD000085537,2026-08-07 23:24:08,575.82,3,Beauty,0.0,Net Banking,0.0,CUST005282,746,3,1,709496,Courier_B,3,0.1626,1,1,1
ORD000085538,2026-08-07 23:25:57,217.71,4,Beauty,32.06,Net Banking,0.0,CUST029201,812,2,0,798962,Courier_A,1,0.4214,0,1,0
ORD000085539,2026-08-07 23:27:58,1186.91,2,Jewelry,8.41,COD,39.0,CUST002232,112,3,0,550528,Courier_C,3,0.0963,2,1,1
ORD000085540,2026-08-07 23:28:17,850.69,3,Home,0.0,COD,79.0,CUST016898,0,0,0,570736,Courier_E,3,0.0,1,1,0
ORD000085541,2026-08-07 23:28:59,646.56,2,Apparel,42.17,COD,49.0,CUST023444,300,3,0,227041,Courier_C,1,0.191,1,2,0
ORD000085542,2026-08-07 23:29:24,274.53,2,Electronics,8.55,Credit Card,0.0,CUST010763,131,3,0,982079,Courier_C,3,0.2043,2,1,0
ORD000085543,2026-08-07 23:30:51,1187.86,1,Apparel,11.41,COD,49.0,CUST029531,42,4,0,309256,Courier_A,2,0.2217,1,4,1
ORD000085544,2026-08-07 23:31:06,475.3,1,Footwear,0.0,COD,29.0,CUST004453,1228,2,0,312071,Courier_C,1,0.1726,2,1,0
ORD000085545,2026-08-07 23:31:11,788.77,3,Apparel,17.89,COD,49.0,CUST027621,521,2,0,226095,Courier_A,3,0.0828,2,5,0
ORD000085546,2026-08-07 23:33:28,544.63,3,Footwear,0.0,UPI,0.0,CUST024397,167,4,0,382189,Courier_A,1,0.084,1,1,0
ORD000085547,2026-08-07 23:34:13,1988.06,2,Apparel,0.0,COD,29.0,CUST029377,516,5,0,868465,Courier_A,2,0.0416,0,1,0
ORD000085548,2026-08-07 23:36:21,550.93,1,Apparel,20.86,Credit Card,0.0,CUST016733,130,4,0,902957,Courier_C,2,0.0617,0,1,0
ORD000085549,2026-08-07 23:50:45,509.31,1,Home,0.0,COD,59.0,CUST008109,532,6,0,599375,Courier_D,2,0.1103,3,2,0
ORD000085550,2026-08-07 23:53:03,770.71,1,Apparel,0.0,COD,39.0,CUST021445,516,4,0,336051,Courier_B,3,0.3281,3,1,0
ORD000085551,2026-08-07 23:56:31,368.96,2,Footwear,21.1,COD,39.0,CUST029391,108,0,0,839684,Courier_A,1,0.294,1,1,0
ORD000085552,2026-08-07 23:59:29,235.66,1,Footwear,27.34,COD,49.0,CUST014081,127,7,0,954194,Courier_D,1,0.0061,1,1,0
ORD000085553,2026-08-08 00:02:28,631.06,2,Footwear,0.0,Credit Card,0.0,CUST020712,286,2,0,794324,Courier_B,1,0.0583,0,2,0
ORD000085554,2026-08-08 00:08:23,341.43,1,Apparel,3.44,UPI,0.0,CUST010704,89,4,0,696209,Courier_B,2,0.1557,3,1,1
ORD000085555,2026-08-08 00:12:56,1167.8,3,Beauty,0.0,COD,39.0,CUST023118,183,3,0,687100,Courier_D,2,0.2412,4,1,0
ORD000085556,2026-08-08 00:13:04,1141.24,1,Apparel,28.0,Credit Card,0.0,CUST028451,222,8,0,953016,Courier_D,3,0.1659,2,3,0
ORD000085557,2026-08-08 00:13:54,657.76,2,Electronics,0.0,COD,29.0,CUST013073,753,5,0,684266,Courier_E,3,0.2805,0,1,0
ORD000085558,2026-08-08 00:13:56,1999.17,3,Apparel,22.3,UPI,0.0,CUST019404,108,4,1,139108,Courier_C,1,0.2072,3,5,0
ORD000085559,2026-08-08 00:15:15,191.9,1,Home,0.0,UPI,0.0,CUST023768,112,3,0,483080,Courier_B,1,0.3728,0,1,0
ORD000085560,2026-08-08 00:23:18,618.63,1,Beauty,44.01,COD,49.0,CUST027643,122,3,0,919427,Courier_A,1,0.0513,0,1,0
ORD000085561,2026-08-08 00:28:51,834.42,4,Apparel,32.89,Debit Card,0.0,CUST023439,643,4,0,557252,Courier_B,3,0.076,1,1,0
ORD000085562,2026-08-08 00:37:59,3999.99,1,Beauty,0.0,COD,39.0,CUST015896,638,3,0,516468,Courier_C,2,0.1805,2,1,0
ORD000085563,2026-08-08 00:40:48,668.43,1,Apparel,8.61,UPI,0.0,CUST027407,281,4,1,684370,Courier_A,1,0.2596,2,5,0
ORD000085564,2026-08-08 00:45:10,417.42,2,Home,16.75,Net Banking,0.0,CUST025643,128,7,1,350253,Courier_C,1,0.1793,1,1,1
ORD000085565,2026-08-08 00:46:37,1900.04,2,Electronics,0.0,Credit Card,0.0,CUST014449,466,1,0,511311,Courier_D,1,0.1484,1,1,0
ORD000085566,2026-08-08 00:49:47,902.64,2,Apparel,0.0,UPI,0.0,CUST018699,298,4,0,470367,Courier_C,2,0.2035,1,1,0
ORD000085567,2026-08-08 00:52:04,410.26,1,Footwear,0.0,Net Banking,0.0,CUST009001,364,3,0,384136,Courier_E,1,0.0671,4,1,0
ORD000085568,2026-08-08 00:54:24,795.99,2,Apparel,0.0,Net Banking,0.0,CUST020308,104,3,0,745821,Courier_A,2,0.3591,2,1,1
ORD000085569,2026-08-08 00:54:34,286.36,2,Electronics,0.0,COD,49.0,CUST019671,789,5,1,144307,Courier_A,2,0.185,0,2,0
ORD000085570,2026-08-08 00:58:03,327.62,3,Footwear,13.92,COD,59.0,CUST014173,112,2,2,628425,Courier_E,3,0.0153,4,2,0
ORD000085571,2026-08-08 01:07:30,127.9,5,Footwear,0.0,UPI,0.0,CUST002409,584,2,0,579266,Courier_B,1,0.0297,1,1,1
ORD000085572,2026-08-08 01:08:48,62.66,2,Beauty,0.0,UPI,0.0,CUST004259,98,0,0,436057,Courier_C,2,0.0754,2,5,1
ORD000085573,2026-08-08 01:09:55,397.6,1,Footwear,0.0,Net Banking,0.0,CUST027457,41,3,0,208190,Courier_C,2,0.2632,1,1,0
ORD000085574,2026-08-08 01:10:57,290.01,2,Footwear,10.38,Credit Card,0.0,CUST008020,79,3,0,398177,Courier_E,3,0.4117,0,5,0
ORD000085575,2026-08-08 01:17:42,289.99,2,Apparel,6.9,UPI,0.0,CUST025278,269,0,0,933359,Courier_A,2,0.1571,0,1,0
ORD000085576,2026-08-08 01:19:20,703.33,2,Footwear,16.59,COD,20.0,CUST018576,376,2,0,673226,Courier_D,3,0.1063,0,4,1
ORD000085577,2026-08-08 01:20:27,731.68,2,Beauty,0.0,UPI,0.0,CUST016026,304,4,2,542798,Courier_D,1,0.3235,1,1,0
ORD000085578,2026-08-08 01:21:24,314.96,2,Apparel,0.0,Credit Card,0.0,CUST005430,300,2,0,441378,Courier_D,1,0.1363,0,1,0
ORD000085579,2026-08-08 01:25:17,108.65,2,Electronics,13.74,COD,49.0,CUST021641,544,3,0,119888,Courier_A,3,0.1628,1,4,0
ORD000085580,2026-08-08 01:26:58,865.41,1,Footwear,0.0,Credit Card,0.0,CUST013239,327,4,0,749451,Courier_D,3,0.2777,2,1,0
ORD000085581,2026-08-08 01:28:32,154.95,1,Apparel,0.0,COD,99.0,CUST022819,297,4,0,907174,Courier_A,1,0.2513,4,3,0
ORD000085582,2026-08-08 01:32:46,1109.96,2,Beauty,0.0,Credit Card,0.0,CUST002891,107,6,2,504976,Courier_C,1,0.1307,0,5,0
ORD000085583,2026-08-08 01:34:05,566.68,1,Beauty,0.0,COD,39.0,CUST024082,124,5,0,880310,Courier_A,3,0.1643,2,1,0
ORD000085584,2026-08-08 01:40:29,932.46,2,Electronics,0.0,COD,39.0,CUST021316,175,3,0,195758,Courier_C,3,0.1518,1,3,0
ORD000085585,2026-08-08 01:42:15,2121.52,3,Home,28.65,COD,79.0,CUST025311,307,4,0,965592,Courier_E,1,0.1316,2,1,0
ORD000085586,2026-08-08 01:46:21,789.79,1,Footwear,33.48,UPI,0.0,CUST025931,639,3,0,774402,Courier_A,2,0.0999,2,1,0
ORD000085587,2026-08-08 01:48:08,427.95,4,Beauty,24.4,COD,59.0,CUST016514,117,5,0,128700,Courier_A,3,0.2648,1,1,1
ORD000085588,2026-08-08 01:49:32,247.95,3,Home,6.36,UPI,0.0,CUST009580,238,7,0,341690,Courier_C,2,0.1467,0,1,0
ORD000085589,2026-08-08 01:52:33,2542.92,1,Footwear,7.1,COD,39.0,CUST012685,69,3,1,384136,Courier_C,1,0.1384,0,1,1
ORD000085590,2026-08-08 01:55:08,2381.31,2,Beauty,0.0,COD,59.0,CUST001852,379,5,0,545658,Courier_B,3,0.1354,4,1,0
ORD000085591,2026-08-08 01:57:29,4237.32,3,Footwear,0.0,COD,79.0,CUST004623,96,4,0,490517,Courier_A,3,0.1823,2,5,1
ORD000085592,2026-08-08 01:59:16,3069.2,2,Jewelry,4.02,UPI,0.0,CUST009832,568,2,0,348817,Courier_B,2,0.0916,0,4,0
ORD000085593,2026-08-08 02:01:21,2069.86,1,Home,0.0,Credit Card,0.0,CUST020823,963,4,0,207727,Courier_E,3,0.0522,1,1,0
ORD000085594,2026-08-08 02:02:11,5683.72,1,Footwear,0.0,COD,20.0,CUST002413,356,3,1,798962,Courier_C,1,0.3765,3,1,0
ORD000085595,2026-08-08 02:02:33,928.77,2,Home,0.0,COD,49.0,CUST007963,700,5,0,316704,Courier_A,2,0.2554,1,14,1
ORD000085596,2026-08-08 02:04:08,227.69,1,Apparel,0.0,UPI,0.0,CUST028109,0,0,0,844071,Courier_C,3,0.0889,0,1,1
ORD000085597,2026-08-08 02:07:51,1469.44,2,Apparel,16.09,Credit Card,0.0,CUST003320,249,5,0,355903,Courier_E,2,0.1082,0,5,0
ORD000085598,2026-08-08 02:16:09,1960.47,2,Electronics,0.0,UPI,0.0,CUST011149,279,2,0,573309,Courier_D,1,0.1428,2,1,0
ORD000085599,2026-08-08 02:16:21,701.9,3,Electronics,26.65,UPI,0.0,CUST026100,317,8,0,717284,Courier_A,3,0.362,1,1,1
ORD000085600,2026-08-08 02:16:31,1365.06,1,Apparel,8.4,COD,39.0,CUST002273,244,5,0,579266,Courier_A,1,0.0537,1,1,0
ORD000085601,2026-08-08 02:17:13,1846.4,1,Electronics,4.4,UPI,0.0,CUST006079,677,3,0,709496,Courier_A,3,0.0864,0,19,0
ORD000085602,2026-08-08 02:17:56,654.53,2,Beauty,36.82,Credit Card,0.0,CUST029383,372,1,0,504905,Courier_B,3,0.1921,2,1,0
ORD000085603,2026-08-08 02:18:35,430.26,1,Apparel,0.0,COD,79.0,CUST027398,339,4,0,634127,Courier_A,2,0.2361,0,1,0
ORD000085604,2026-08-08 02:18:44,648.69,2,Home,20.08,UPI,0.0,CUST027051,89,7,0,111069,Courier_A,2,0.5695,2,1,0
ORD000085605,2026-08-08 02:20:21,361.55,2,Apparel,13.11,UPI,0.0,CUST026718,27,2,0,490092,Courier_D,3,0.0662,2,1,0
ORD000085606,2026-08-08 02:26:09,534.24,1,Beauty,28.87,UPI,0.0,CUST000759,428,3,1,503849,Courier_A,1,0.3177,0,1,0
ORD000085607,2026-08-08 02:30:24,246.35,2,Home,0.0,COD,39.0,CUST025902,124,4,2,238180,Courier_C,3,0.1199,2,1,1
ORD000085608,2026-08-08 02:32:54,199.11,3,Apparel,0.0,UPI,0.0,CUST015931,582,2,0,398177,Courier_B,3,0.4284,2,20,0
ORD000085609,2026-08-08 02:33:39,547.31,2,Electronics,0.0,COD,20.0,CUST008263,194,3,1,168637,Courier_B,2,0.1414,2,1,0
ORD000085610,2026-08-08 02:38:45,1422.58,1,Apparel,0.0,Credit Card,0.0,CUST022004,1025,5,0,320716,Courier_B,2,0.335,4,1,0
ORD000085611,2026-08-08 02:41:32,595.96,2,Footwear,0.0,COD,59.0,CUST002750,143,3,1,514284,Courier_B,1,0.3164,2,18,0
ORD000085612,2026-08-08 02:47:37,1130.95,3,Beauty,15.38,COD,49.0,CUST022380,108,2,0,272979,Courier_C,1,0.0989,4,5,0
ORD000085613,2026-08-08 02:47:56,765.42,1,Home,0.0,UPI,0.0,CUST029646,184,3,1,865292,Courier_B,1,0.3731,1,4,0
ORD000085614,2026-08-08 02:48:26,295.52,1,Apparel,3.35,COD,59.0,CUST003611,16,7,0,749451,Courier_A,3,0.339,0,1,0
ORD000085615,2026-08-08 02:51:05,296.01,2,Footwear,22.0,UPI,0.0,CUST012469,755,3,0,761450,Courier_C,2,0.4542,3,2,0
ORD000085616,2026-08-08 02:52:58,954.02,1,Apparel,0.0,Debit Card,0.0,CUST001428,218,2,0,418734,Courier_C,2,0.1573,1,1,0
ORD000085617,2026-08-08 02:53:29,1701.82,3,Beauty,0.0,Credit Card,0.0,CUST027844,203,5,1,207727,Courier_D,3,0.0641,2,1,0
ORD000085618,2026-08-08 02:54:09,268.88,2,Home,0.0,COD,39.0,CUST021771,77,4,0,444894,Courier_B,1,0.1079,1,1,0
ORD000085619,2026-08-08 03:06:09,740.44,2,Apparel,18.48,Net Banking,0.0,CUST025980,2765,8,1,672511,Courier_E,2,0.1586,0,1,0
ORD000085620,2026-08-08 03:08:37,675.1,4,Apparel,0.0,Credit Card,0.0,CUST025795,2005,8,1,848713,Courier_A,3,0.3296,1,19,0
ORD000085621,2026-08-08 03:11:21,1555.71,1,Home,0.0,COD,59.0,CUST010144,419,3,1,132452,Courier_B,2,0.042,3,2,0
ORD000085622,2026-08-08 03:17:34,134.5,4,Electronics,0.0,Debit Card,0.0,CUST029969,101,2,0,762648,Courier_B,2,0.1063,2,1,0
ORD000085623,2026-08-08 03:17:43,538.14,3,Beauty,14.21,Credit Card,0.0,CUST003398,159,2,0,436577,Courier_C,2,0.0611,3,1,0
ORD000085624,2026-08-08 03:20:53,1751.47,2,Footwear,0.0,Debit Card,0.0,CUST006386,170,6,0,199508,Courier_A,2,0.5008,6,1,0
ORD000085625,2026-08-08 03:25:05,679.79,2,Footwear,0.0,Credit Card,0.0,CUST017769,84,2,0,895645,Courier_C,2,0.2787,0,5,0
ORD000085626,2026-08-08 03:25:14,1237.01,1,Apparel,13.46,Credit Card,0.0,CUST028142,219,3,0,964927,Courier_C,2,0.3351,3,1,1
ORD000085627,2026-08-08 03:32:17,1842.0,1,Beauty,0.0,UPI,0.0,CUST023359,1008,5,0,554360,Courier_B,2,0.2101,1,1,0
ORD000085628,2026-08-08 03:33:34,120.93,1,Apparel,19.84,COD,79.0,CUST010045,900,3,2,669408,Courier_C,2,0.0952,0,1,0
ORD000085629,2026-08-08 03:34:48,428.67,1,Home,0.0,COD,39.0,CUST025541,772,4,0,909819,Courier_C,2,0.1133,2,2,0
ORD000085630,2026-08-08 03:39:49,1582.09,1,Apparel,8.35,Debit Card,0.0,CUST002106,265,3,0,471106,Courier_C,1,0.166,1,1,0
ORD000085631,2026-08-08 03:49:47,662.07,3,Footwear,0.0,Credit Card,0.0,CUST029361,615,5,2,843122,Courier_B,2,0.2071,0,1,0
ORD000085632,2026-08-08 03:50:07,1493.29,3,Apparel,22.75,COD,49.0,CUST023737,80,1,0,907465,Courier_A,2,0.1003,0,1,0
ORD000085633,2026-08-08 03:53:15,622.06,3,Home,0.0,COD,49.0,CUST003324,145,1,0,931973,Courier_A,3,0.3411,4,14,1
ORD000085634,2026-08-08 03:55:45,413.17,2,Home,30.87,COD,39.0,CUST008004,822,5,0,903815,Courier_D,3,0.291,4,3,0
ORD000085635,2026-08-08 03:57:15,248.02,3,Apparel,9.78,Debit Card,0.0,CUST009770,170,3,1,425339,Courier_D,1,0.2991,0,1,0
ORD000085636,2026-08-08 03:58:17,3100.85,1,Electronics,23.16,Debit Card,0.0,CUST022714,1144,6,1,138111,Courier_A,2,0.0899,0,5,0
ORD000085637,2026-08-08 03:59:25,848.94,3,Apparel,0.0,COD,29.0,CUST024082,124,6,0,258986,Courier_C,3,0.1181,3,1,0
ORD000085638,2026-08-08 04:07:27,1135.83,1,Footwear,10.45,COD,20.0,CUST025014,923,5,0,476501,Courier_A,2,0.2101,0,4,0
ORD000085639,2026-08-08 04:09:15,755.18,2,Beauty,0.0,UPI,0.0,CUST009726,27,6,1,928439,Courier_C,2,0.1663,2,1,0
ORD000085640,2026-08-08 04:11:44,336.02,2,Jewelry,35.2,COD,29.0,CUST029483,625,2,0,501836,Courier_B,2,0.0,1,1,0
ORD000085641,2026-08-08 04:15:06,1057.51,1,Apparel,0.0,COD,59.0,CUST018176,31,0,0,837709,Courier_A,2,0.2484,0,1,0
ORD000085642,2026-08-08 04:19:38,157.42,1,Jewelry,20.81,Credit Card,0.0,CUST003220,330,5,0,383787,Courier_A,2,0.2667,0,2,0
ORD000085643,2026-08-08 04:23:25,517.88,2,Jewelry,9.3,COD,29.0,CUST007796,493,6,0,755732,Courier_A,1,0.461,5,1,0
ORD000085644,2026-08-08 04:29:18,535.75,1,Electronics,10.55,COD,99.0,CUST011491,355,2,0,743457,Courier_C,2,0.1901,1,19,0
ORD000085645,2026-08-08 04:31:17,332.69,2,Footwear,5.99,COD,39.0,CUST019040,182,5,0,598590,Courier_A,2,0.2874,2,1,1
ORD000085646,2026-08-08 04:35:34,423.18,2,Home,16.7,COD,49.0,CUST009404,1375,7,0,901144,Courier_C,1,0.1578,1,1,0
ORD000085647,2026-08-08 04:37:40,501.01,2,Beauty,4.62,COD,39.0,CUST022323,60,6,0,104886,Courier_A,1,0.1444,2,1,1
ORD000085648,2026-08-08 04:37:42,391.36,1,Electronics,1.24,COD,99.0,CUST026298,795,2,0,695078,Courier_D,1,0.0276,1,3,0
ORD000085649,2026-08-08 04:37:58,898.67,3,Home,0.0,Net Banking,0.0,CUST026000,988,1,0,671138,Courier_C,2,0.1159,1,1,0
ORD000085650,2026-08-08 04:41:51,443.39,2,Apparel,0.0,COD,20.0,CUST016481,115,3,0,912018,Courier_B,1,0.2331,1,1,0
ORD000085651,2026-08-08 04:43:38,1888.09,4,Apparel,0.0,Credit Card,0.0,CUST026146,59,6,1,324340,Courier_A,1,0.08,0,1,0
ORD000085652,2026-08-08 04:54:34,507.32,2,Apparel,0.0,COD,49.0,CUST018771,128,1,0,139745,Courier_C,2,0.0426,1,19,0
ORD000085653,2026-08-08 04:55:26,1118.31,1,Jewelry,0.0,COD,29.0,CUST025460,450,1,0,702215,Courier_A,3,0.068,0,1,1
ORD000085654,2026-08-08 04:56:10,1017.02,1,Electronics,0.0,Credit Card,0.0,CUST026289,351,3,1,622523,Courier_B,1,0.1928,2,4,0
ORD000085655,2026-08-08 04:56:44,211.23,1,Home,0.0,UPI,0.0,CUST003047,161,3,0,209703,Courier_A,3,0.3266,2,1,0
ORD000085656,2026-08-08 04:56:51,938.15,4,Beauty,25.97,UPI,0.0,CUST022219,201,6,2,620849,Courier_D,2,0.2303,0,1,0
ORD000085657,2026-08-08 04:57:28,309.33,2,Beauty,0.0,Debit Card,0.0,CUST026707,302,2,0,942304,Courier_B,3,0.1842,1,7,0
ORD000085658,2026-08-08 05:00:26,132.62,1,Home,13.15,UPI,0.0,CUST023676,220,1,0,131620,Courier_C,3,0.055,0,1,1
ORD000085659,2026-08-08 05:13:34,2229.84,2,Electronics,0.0,UPI,0.0,CUST006385,177,3,1,800259,Courier_C,2,0.1144,3,5,0
ORD000085660,2026-08-08 05:25:06,239.5,2,Footwear,16.13,UPI,0.0,CUST006209,172,4,0,924384,Courier_D,1,0.2891,2,1,0
ORD000085661,2026-08-08 05:28:59,891.26,2,Electronics,0.0,Debit Card,0.0,CUST014130,390,2,0,113112,Courier_A,3,0.0237,1,1,0
ORD000085662,2026-08-08 05:29:07,1158.32,1,Beauty,12.6,UPI,0.0,CUST024041,1592,3,0,476634,Courier_B,2,0.1404,4,3,0
ORD000085663,2026-08-08 05:31:16,635.35,2,Home,0.0,COD,79.0,CUST020745,309,2,0,953933,Courier_A,3,0.1509,4,4,0
ORD000085664,2026-08-08 05:32:03,82.71,3,Home,0.0,COD,79.0,CUST014552,56,2,1,727548,Courier_B,3,0.3614,0,1,1
ORD000085665,2026-08-08 05:33:17,530.17,1,Electronics,27.26,Net Banking,0.0,CUST021321,324,3,0,400186,Courier_A,3,0.1782,1,1,0
ORD000085666,2026-08-08 05:33:49,1374.35,3,Beauty,0.0,Credit Card,0.0,CUST025377,403,2,0,693028,Courier_D,1,0.2133,3,5,0
ORD000085667,2026-08-08 05:33:54,617.27,2,Apparel,14.52,Net Banking,0.0,CUST001690,706,3,0,385214,Courier_D,3,0.2592,1,4,0
ORD000085668,2026-08-08 05:34:58,266.46,3,Apparel,0.0,COD,79.0,CUST008229,1445,3,0,702215,Courier_B,3,0.0651,0,9,0
ORD000085669,2026-08-08 05:36:05,601.5,1,Electronics,0.0,UPI,0.0,CUST013175,55,5,0,221043,Courier_D,2,0.21,2,3,0
ORD000085670,2026-08-08 05:42:31,1855.42,1,Apparel,20.2,UPI,0.0,CUST014552,56,2,0,104925,Courier_E,2,0.1076,1,2,0
ORD000085671,2026-08-08 05:43:44,493.27,4,Apparel,11.74,UPI,0.0,CUST023677,48,7,0,666744,Courier_A,2,0.0185,0,1,0
ORD000085672,2026-08-08 05:47:26,152.83,4,Jewelry,25.49,COD,39.0,CUST011382,703,3,0,907174,Courier_D,1,0.1829,2,9,1
ORD000085673,2026-08-08 05:50:24,538.15,3,Apparel,0.0,COD,99.0,CUST005090,201,6,0,755732,Courier_E,1,0.4322,3,1,1
ORD000085674,2026-08-08 05:55:05,997.16,2,Electronics,5.45,COD,49.0,CUST017626,78,4,0,424619,Courier_A,2,0.2394,4,4,0
ORD000085675,2026-08-08 05:56:52,577.21,1,Beauty,0.0,COD,59.0,CUST016475,97,0,0,589943,Courier_D,3,0.2485,2,1,0
ORD000085676,2026-08-08 05:59:02,231.74,2,Electronics,0.0,UPI,0.0,CUST001748,242,3,0,616639,Courier_E,2,0.2139,0,1,0
ORD000085677,2026-08-08 06:01:19,1538.35,3,Apparel,11.37,UPI,0.0,CUST003563,363,3,0,262513,Courier_A,1,0.4161,4,1,0
ORD000085678,2026-08-08 06:10:51,684.1,2,Home,0.0,COD,49.0,CUST025146,180,2,0,738553,Courier_A,3,0.1556,2,1,0
ORD000085679,2026-08-08 06:11:23,220.29,2,Jewelry,16.91,UPI,0.0,CUST002244,1753,5,0,144307,Courier_B,2,0.171,4,1,0
ORD000085680,2026-08-08 06:13:40,402.97,1,Apparel,12.8,COD,59.0,CUST010435,987,2,0,807527,Courier_A,1,0.3648,3,16,0
ORD000085681,2026-08-08 06:15:49,417.29,3,Apparel,0.0,UPI,0.0,CUST010725,256,1,0,923308,Courier_C,2,0.367,1,1,0
ORD000085682,2026-08-08 06:16:32,825.49,4,Beauty,21.53,COD,49.0,CUST022229,194,2,0,221043,Courier_C,2,0.216,1,4,0
ORD000085683,2026-08-08 06:17:21,117.34,2,Jewelry,0.0,UPI,0.0,CUST007155,340,4,0,684997,Courier_E,2,0.256,0,1,0
ORD000085684,2026-08-08 06:17:43,442.78,2,Home,16.71,UPI,0.0,CUST011255,0,0,0,929214,Courier_B,1,0.2902,2,1,0
ORD000085685,2026-08-08 06:19:08,387.45,3,Apparel,18.42,COD,49.0,CUST017224,478,2,0,667890,Courier_D,1,0.1812,1,1,0
ORD000085686,2026-08-08 06:21:55,1296.32,4,Apparel,0.0,COD,20.0,CUST004348,176,2,0,483080,Courier_B,1,0.3655,1,4,1
ORD000085687,2026-08-08 06:22:11,1262.85,4,Electronics,14.12,COD,49.0,CUST028342,94,1,1,186676,Courier_D,1,0.2245,0,1,0
ORD000085688,2026-08-08 06:25:11,869.39,3,Jewelry,0.0,Credit Card,0.0,CUST018272,150,3,0,861837,Courier_A,3,0.3984,1,1,1
ORD000085689,2026-08-08 06:26:18,176.84,3,Footwear,7.33,Credit Card,0.0,CUST005942,349,2,0,650325,Courier_E,3,0.0163,2,1,1
ORD000085690,2026-08-08 06:30:10,343.32,1,Apparel,48.19,COD,49.0,CUST012332,111,2,1,789126,Courier_E,3,0.2599,2,1,1
ORD000085691,2026-08-08 06:32:17,2333.95,3,Apparel,0.0,UPI,0.0,CUST023270,109,5,0,694046,Courier_A,1,0.1619,0,1,0
ORD000085692,2026-08-08 06:38:35,775.09,2,Footwear,16.97,COD,39.0,CUST029832,515,7,1,270348,Courier_D,3,0.2493,1,1,0
ORD000085693,2026-08-08 06:44:09,1499.23,1,Footwear,25.41,COD,79.0,CUST003469,158,3,0,136130,Courier_A,2,0.2132,1,1,0
ORD000085694,2026-08-08 06:44:12,642.62,3,Electronics,0.0,COD,39.0,CUST011865,665,3,0,476547,Courier_C,3,0.089,0,1,0
ORD000085695,2026-08-08 06:44:27,301.66,3,Jewelry,6.18,UPI,0.0,CUST023466,1004,3,0,885352,Courier_A,1,0.0737,1,1,0
ORD000085696,2026-08-08 06:45:15,459.02,3,Apparel,0.0,Credit Card,0.0,CUST014710,162,4,0,981939,Courier_A,2,0.3564,3,1,1
ORD000085697,2026-08-08 06:45:19,295.7,1,Beauty,0.0,COD,49.0,CUST014670,181,0,0,438636,Courier_A,2,0.2017,1,1,1
ORD000085698,2026-08-08 06:46:12,1343.36,4,Apparel,0.0,COD,49.0,CUST019349,314,7,0,847491,Courier_A,1,0.2066,5,1,0
ORD000085699,2026-08-08 06:46:57,614.8,1,Home,28.48,UPI,0.0,CUST008268,1082,4,0,992497,Courier_B,2,0.3087,1,5,0
ORD000085700,2026-08-08 06:50:25,134.22,1,Apparel,29.29,COD,49.0,CUST018178,545,3,1,520058,Courier_B,3,0.119,1,1,0
ORD000085701,2026-08-08 06:51:08,622.67,1,Home,0.0,UPI,0.0,CUST000969,1575,4,0,673226,Courier_A,3,0.228,2,1,1
ORD000085702,2026-08-08 06:57:34,2246.79,2,Beauty,0.0,COD,59.0,CUST022828,504,6,0,664785,Courier_D,3,0.1287,2,1,0
ORD000085703,2026-08-08 07:10:50,674.04,3,Footwear,17.01,COD,59.0,CUST018304,220,3,0,460687,Courier_C,2,0.2797,1,1,1
ORD000085704,2026-08-08 07:11:39,90.98,1,Footwear,0.0,UPI,0.0,CUST001233,1558,1,0,622523,Courier_E,1,0.1818,4,1,0
ORD000085705,2026-08-08 07:12:40,480.55,2,Beauty,34.55,UPI,0.0,CUST025899,262,1,0,189160,Courier_C,2,0.6004,2,5,1
ORD000085706,2026-08-08 07:13:27,263.88,2,Home,0.0,COD,49.0,CUST017716,90,4,0,552806,Courier_E,2,0.3373,1,1,0
ORD000085707,2026-08-08 07:15:58,1456.62,2,Apparel,0.0,COD,29.0,CUST015358,164,6,2,146744,Courier_A,3,0.144,2,1,1
ORD000085708,2026-08-08 07:16:22,437.68,1,Footwear,20.71,UPI,0.0,CUST004349,125,3,0,384588,Courier_C,3,0.0785,2,4,0
ORD000085709,2026-08-08 07:20:56,520.66,2,Apparel,19.5,UPI,0.0,CUST018297,889,3,0,501177,Courier_C,3,0.1668,2,4,0
ORD000085710,2026-08-08 07:22:07,346.43,4,Footwear,0.0,UPI,0.0,CUST026309,332,6,0,806683,Courier_A,2,0.2037,2,2,0
ORD000085711,2026-08-08 07:27:24,1420.59,2,Electronics,0.0,COD,79.0,CUST024415,738,4,0,835190,Courier_A,2,0.4537,2,5,0
ORD000085712,2026-08-08 07:28:24,454.68,4,Footwear,19.13,COD,29.0,CUST005572,100,7,1,755732,Courier_C,1,0.4794,1,1,0
ORD000085713,2026-08-08 07:28:34,958.73,2,Jewelry,0.0,UPI,0.0,CUST029890,1758,4,0,327967,Courier_C,1,0.1007,4,1,0
ORD000085714,2026-08-08 07:34:17,146.94,3,Home,36.08,UPI,0.0,CUST005742,89,7,1,548974,Courier_B,2,0.281,1,1,0
ORD000085715,2026-08-08 07:40:11,390.68,4,Home,12.27,UPI,0.0,CUST017150,156,5,0,745821,Courier_A,2,0.3379,1,1,0
ORD000085716,2026-08-08 07:40:51,850.11,1,Apparel,0.0,Credit Card,0.0,CUST013897,394,2,0,744761,Courier_E,3,0.0361,3,1,0
ORD000085717,2026-08-08 07:49:51,401.3,1,Beauty,6.42,UPI,0.0,CUST011116,83,3,1,791259,Courier_A,2,0.0386,1,1,0
ORD000085718,2026-08-08 07:50:41,723.82,2,Jewelry,0.0,COD,39.0,CUST025698,118,5,0,522293,Courier_C,2,0.4684,0,1,1
ORD000085719,2026-08-08 07:52:15,1236.36,1,Apparel,0.0,UPI,0.0,CUST016590,97,2,0,218562,Courier_A,2,0.1109,0,1,1
ORD000085720,2026-08-08 07:52:59,309.16,2,Beauty,24.0,Credit Card,0.0,CUST010111,175,6,1,225738,Courier_B,2,0.0508,1,1,0
ORD000085721,2026-08-08 07:56:16,392.75,2,Footwear,29.05,UPI,0.0,CUST017842,603,4,0,999013,Courier_A,3,0.3713,1,1,0
ORD000085722,2026-08-08 07:56:16,634.73,2,Footwear,8.56,UPI,0.0,CUST010344,399,3,0,359241,Courier_A,2,0.1937,2,1,0
ORD000085723,2026-08-08 07:57:17,2164.39,5,Home,0.0,COD,29.0,CUST028521,160,5,0,485092,Courier_A,3,0.3016,1,1,0
ORD000085724,2026-08-08 08:00:46,1872.58,1,Apparel,0.0,UPI,0.0,CUST002355,315,4,1,171208,Courier_D,2,0.4194,1,4,1
ORD000085725,2026-08-08 08:05:50,385.37,3,Electronics,34.62,COD,99.0,CUST029484,1382,2,0,954194,Courier_A,1,0.0332,0,1,0
ORD000085726,2026-08-08 08:05:58,471.08,2,Home,0.0,COD,39.0,CUST023708,0,0,0,756766,Courier_C,3,0.012,1,1,0
ORD000085727,2026-08-08 08:07:56,1351.7,1,Electronics,0.0,COD,39.0,CUST009797,3110,1,0,526724,Courier_E,2,0.1609,1,1,0
ORD000085728,2026-08-08 08:10:40,451.38,2,Beauty,0.0,COD,39.0,CUST010953,232,3,0,385214,Courier_A,3,0.2934,1,1,0
ORD000085729,2026-08-08 08:12:28,645.09,4,Apparel,0.0,Credit Card,0.0,CUST003741,103,2,0,195758,Courier_B,3,0.1657,1,1,0
ORD000085730,2026-08-08 08:14:11,1881.99,2,Footwear,16.43,Credit Card,0.0,CUST004049,493,1,0,880523,Courier_E,3,0.0573,0,1,0
ORD000085731,2026-08-08 08:17:42,516.44,2,Jewelry,0.0,COD,59.0,CUST018064,472,3,0,504071,Courier_D,1,0.1132,0,1,0
ORD000085732,2026-08-08 08:22:46,192.33,2,Footwear,39.37,UPI,0.0,CUST001669,761,4,0,312650,Courier_C,1,0.1827,0,1,0
ORD000085733,2026-08-08 08:23:59,379.87,1,Electronics,0.0,UPI,0.0,CUST018087,84,2,0,240669,Courier_E,2,0.2319,2,1,0
ORD000085734,2026-08-08 08:27:33,462.98,1,Apparel,3.96,UPI,0.0,CUST025239,225,7,0,630731,Courier_B,2,0.0859,4,20,0
ORD000085735,2026-08-08 08:29:54,1845.01,3,Jewelry,26.66,Credit Card,0.0,CUST022660,232,4,0,113112,Courier_B,3,0.0783,2,1,0
ORD000085736,2026-08-08 08:35:31,395.09,2,Footwear,12.59,UPI,0.0,CUST017830,284,4,0,714776,Courier_B,3,0.2026,0,4,1
ORD000085737,2026-08-08 08:37:27,646.44,2,Electronics,26.32,Net Banking,0.0,CUST013941,1744,2,0,815497,Courier_B,2,0.3583,2,4,0
ORD000085738,2026-08-08 08:43:40,115.22,3,Apparel,0.0,COD,29.0,CUST025236,317,2,1,511311,Courier_A,1,0.2008,2,4,0
ORD000085739,2026-08-08 08:45:38,2000.69,3,Footwear,0.0,COD,39.0,CUST018741,51,3,0,628444,Courier_B,3,0.2065,1,1,1
ORD000085740,2026-08-08 08:47:15,988.9,1,Electronics,31.22,COD,39.0,CUST027890,114,2,1,803012,Courier_D,2,0.0031,4,2,0
ORD000085741,2026-08-08 08:49:41,281.84,2,Apparel,0.0,COD,39.0,CUST017646,559,5,0,163173,Courier_A,2,0.1486,2,1,1
ORD000085742,2026-08-08 08:54:43,130.27,1,Electronics,9.74,UPI,0.0,CUST029944,464,3,0,501177,Courier_C,3,0.1867,1,1,1
ORD000085743,2026-08-08 08:57:21,740.58,3,Footwear,0.0,UPI,0.0,CUST019347,96,6,0,597561,Courier_B,2,0.1241,3,1,0
ORD000085744,2026-08-08 09:06:34,216.54,5,Apparel,19.18,COD,59.0,CUST028525,209,1,0,148019,Courier_A,2,0.1894,2,1,0
ORD000085745,2026-08-08 09:10:27,156.27,1,Apparel,9.45,UPI,0.0,CUST005925,352,7,1,800785,Courier_D,3,0.0068,4,1,0
ORD000085746,2026-08-08 09:17:54,790.93,2,Electronics,18.57,COD,29.0,CUST012121,319,5,0,691898,Courier_E,1,0.4242,0,4,1
ORD000085747,2026-08-08 09:19:17,2382.12,2,Beauty,4.05,COD,29.0,CUST004894,145,8,0,928439,Courier_A,2,0.1455,2,1,1
ORD000085748,2026-08-08 09:19:59,3218.13,4,Apparel,16.01,UPI,0.0,CUST001759,119,3,0,971281,Courier_E,3,0.0856,1,1,0
ORD000085749,2026-08-08 09:24:30,469.89,5,Electronics,21.91,Debit Card,0.0,CUST011398,127,3,0,699053,Courier_D,3,0.1638,2,1,0
ORD000085750,2026-08-08 09:24:56,1262.1,2,Home,0.0,UPI,0.0,CUST012519,137,3,0,963727,Courier_A,2,0.0652,2,4,0
ORD000085751,2026-08-08 09:28:05,712.76,4,Footwear,0.0,Credit Card,0.0,CUST016728,289,1,0,871634,Courier_D,3,0.0972,1,1,0
ORD000085752,2026-08-08 09:30:39,862.38,2,Home,0.0,UPI,0.0,CUST008343,0,0,0,297200,Courier_C,3,0.1096,1,1,1
ORD000085753,2026-08-08 09:32:49,399.95,2,Home,0.0,Credit Card,0.0,CUST020646,72,1,0,158414,Courier_B,1,0.09,3,1,1
ORD000085754,2026-08-08 09:33:05,1716.02,1,Jewelry,25.3,COD,39.0,CUST001918,96,2,0,962762,Courier_B,2,0.3459,1,1,0
ORD000085755,2026-08-08 09:40:51,349.53,1,Home,22.26,UPI,0.0,CUST020406,210,2,0,304008,Courier_B,3,0.2398,0,1,0
ORD000085756,2026-08-08 09:42:35,428.86,3,Apparel,0.0,Credit Card,0.0,CUST003373,1299,2,0,547190,Courier_A,2,0.6252,2,1,0
ORD000085757,2026-08-08 09:47:13,1105.96,2,Apparel,7.29,UPI,0.0,CUST018619,192,1,0,922291,Courier_D,2,0.3241,5,1,1
ORD000085758,2026-08-08 09:55:27,615.89,3,Apparel,0.0,UPI,0.0,CUST028321,27,7,0,300933,Courier_C,2,0.1664,0,1,0
ORD000085759,2026-08-08 09:57:16,907.64,1,Apparel,24.14,COD,29.0,CUST009182,70,2,0,918349,Courier_C,3,0.1394,0,5,0
ORD000085760,2026-08-08 10:02:34,455.43,1,Apparel,32.73,COD,39.0,CUST018661,523,2,1,182540,Courier_A,3,0.201,2,1,0
ORD000085761,2026-08-08 10:03:14,249.04,1,Footwear,12.94,Credit Card,0.0,CUST000368,524,2,0,934284,Courier_A,1,0.2216,2,19,0
ORD000085762,2026-08-08 10:05:28,463.31,1,Home,22.76,COD,49.0,CUST021413,535,1,1,823673,Courier_D,3,0.0716,5,4,0
ORD000085763,2026-08-08 10:11:05,1459.4,1,Footwear,19.51,UPI,0.0,CUST000233,999,4,0,827382,Courier_A,2,0.3139,1,1,1
ORD000085764,2026-08-08 10:11:07,846.38,3,Footwear,12.33,COD,49.0,CUST026406,24,3,0,274990,Courier_D,2,0.0901,1,1,0
ORD000085765,2026-08-08 10:13:45,1166.99,1,Electronics,8.48,COD,20.0,CUST029890,1758,3,0,433068,Courier_D,2,0.2838,4,20,1
ORD000085766,2026-08-08 10:16:35,777.8,1,Beauty,0.0,UPI,0.0,CUST009636,51,0,0,570241,Courier_B,1,0.1091,0,1,0
ORD000085767,2026-08-08 10:17:46,3372.61,1,Electronics,19.32,UPI,0.0,CUST024749,161,3,0,805419,Courier_C,1,0.1723,2,1,0
ORD000085768,2026-08-08 10:19:38,411.8,2,Footwear,13.45,COD,49.0,CUST016661,43,2,0,225182,Courier_E,3,0.1324,1,1,0
ORD000085769,2026-08-08 10:21:17,193.5,2,Jewelry,0.0,COD,79.0,CUST023609,134,3,0,650325,Courier_D,3,0.112,2,5,1
ORD000085770,2026-08-08 10:23:49,3066.69,6,Home,28.73,COD,29.0,CUST008045,3650,3,0,928381,Courier_A,3,0.2673,2,1,1
ORD000085771,2026-08-08 10:25:31,242.57,1,Apparel,5.31,Debit Card,0.0,CUST007850,27,4,0,208190,Courier_A,2,0.2996,2,1,0
ORD000085772,2026-08-08 10:28:52,797.6,3,Footwear,0.0,Credit Card,0.0,CUST020693,668,3,1,642033,Courier_A,1,0.1825,1,1,0
ORD000085773,2026-08-08 10:30:28,141.76,3,Jewelry,0.0,COD,39.0,CUST007790,524,3,0,248900,Courier_A,1,0.2407,1,5,0
ORD000085774,2026-08-08 10:32:26,1129.31,1,Electronics,32.61,COD,39.0,CUST007502,35,5,0,282050,Courier_D,2,0.3797,1,1,1
ORD000085775,2026-08-08 10:33:36,167.65,3,Electronics,0.0,UPI,0.0,CUST001325,279,7,0,226229,Courier_D,3,0.0114,0,1,0
ORD000085776,2026-08-08 10:34:43,467.65,3,Beauty,0.0,UPI,0.0,CUST018926,693,5,0,672511,Courier_C,2,0.1705,3,14,0
ORD000085777,2026-08-08 10:40:51,499.04,4,Home,0.0,Credit Card,0.0,CUST020071,88,4,0,868822,Courier_E,3,0.0605,1,5,0
ORD000085778,2026-08-08 10:42:32,1125.89,2,Footwear,0.0,Debit Card,0.0,CUST001857,254,3,0,206604,Courier_A,1,0.002,0,1,0
ORD000085779,2026-08-08 10:46:42,658.54,1,Electronics,9.37,UPI,0.0,CUST004961,117,6,0,138889,Courier_E,1,0.2407,6,1,1
ORD000085780,2026-08-08 10:47:25,228.6,3,Apparel,0.0,Net Banking,0.0,CUST006020,309,3,0,329012,Courier_D,3,0.1519,1,1,0
ORD000085781,2026-08-08 10:48:26,422.19,3,Footwear,13.1,COD,29.0,CUST006966,50,2,0,230606,Courier_C,1,0.048,2,1,0
ORD000085782,2026-08-08 10:48:36,377.87,4,Electronics,2.86,COD,39.0,CUST021662,358,2,0,515463,Courier_B,2,0.1425,1,1,1
ORD000085783,2026-08-08 10:48:42,1682.53,1,Footwear,0.0,COD,29.0,CUST024994,133,4,1,563213,Courier_A,2,0.1849,2,1,0
ORD000085784,2026-08-08 10:52:55,826.51,1,Footwear,0.0,UPI,0.0,CUST010362,210,5,0,341690,Courier_D,2,0.0899,2,1,0
ORD000085785,2026-08-08 10:53:21,965.33,1,Beauty,0.0,COD,49.0,CUST015755,521,3,0,924384,Courier_A,1,0.2761,2,1,0
ORD000085786,2026-08-08 10:58:00,381.3,4,Beauty,28.28,COD,59.0,CUST017545,789,5,0,744761,Courier_A,3,0.0533,1,3,0
ORD000085787,2026-08-08 10:58:32,1276.45,3,Beauty,0.0,Credit Card,0.0,CUST021448,187,5,0,789126,Courier_C,3,0.269,1,1,0
ORD000085788,2026-08-08 11:04:01,1180.19,3,Beauty,21.43,UPI,0.0,CUST011997,252,4,0,473913,Courier_D,3,0.2184,0,1,0
ORD000085789,2026-08-08 11:04:26,1146.7,1,Electronics,4.75,COD,39.0,CUST011046,171,6,0,777635,Courier_B,3,0.1157,0,2,1
ORD000085790,2026-08-08 11:06:35,172.38,1,Beauty,4.64,COD,99.0,CUST013431,188,5,0,146744,Courier_B,3,0.1824,1,1,0
ORD000085791,2026-08-08 11:06:38,1032.6,1,Apparel,0.0,UPI,0.0,CUST002500,171,2,0,809484,Courier_A,1,0.1067,2,1,0
ORD000085792,2026-08-08 11:07:25,972.88,2,Footwear,24.41,COD,49.0,CUST012815,280,7,0,470612,Courier_D,3,0.1734,1,4,0
ORD000085793,2026-08-08 11:09:00,1500.1,1,Apparel,0.0,UPI,0.0,CUST017498,24,2,0,670928,Courier_A,2,0.2805,1,1,0
ORD000085794,2026-08-08 11:13:28,2145.33,5,Electronics,0.0,UPI,0.0,CUST012235,537,1,0,427055,Courier_B,3,0.0262,1,1,0
ORD000085795,2026-08-08 11:18:12,684.07,3,Footwear,0.0,COD,49.0,CUST012298,195,1,0,992549,Courier_B,2,0.2202,0,2,0
ORD000085796,2026-08-08 11:18:16,395.2,3,Electronics,0.0,UPI,0.0,CUST013435,787,3,0,937947,Courier_B,3,0.2401,1,1,0
ORD000085797,2026-08-08 11:19:07,1231.52,3,Electronics,20.52,COD,49.0,CUST002441,181,1,0,805607,Courier_D,1,0.1065,0,3,0
ORD000085798,2026-08-08 11:26:56,415.24,1,Apparel,0.0,UPI,0.0,CUST025442,285,7,0,909819,Courier_B,2,0.0486,1,1,0
ORD000085799,2026-08-08 11:28:11,1846.82,1,Apparel,11.3,COD,79.0,CUST023264,1233,2,0,350253,Courier_C,1,0.2467,3,1,0
ORD000085800,2026-08-08 11:32:17,1064.63,5,Footwear,0.0,COD,29.0,CUST009908,99,5,0,427055,Courier_D,3,0.0216,2,1,0
ORD000085801,2026-08-08 11:40:06,1197.46,3,Beauty,0.0,COD,59.0,CUST000599,171,2,0,527694,Courier_A,3,0.0273,0,3,1
ORD000085802,2026-08-08 11:41:26,890.57,3,Apparel,7.88,COD,39.0,CUST020375,538,1,0,229416,Courier_E,1,0.0467,4,1,0
ORD000085803,2026-08-08 11:45:14,404.18,1,Apparel,20.81,COD,39.0,CUST006222,0,0,0,527694,Courier_A,3,0.1073,1,1,1
ORD000085804,2026-08-08 11:47:39,870.89,2,Home,0.0,COD,99.0,CUST024135,182,4,0,653198,Courier_A,2,0.2381,3,5,0
ORD000085805,2026-08-08 11:48:10,942.32,4,Electronics,13.38,COD,39.0,CUST013334,53,4,0,238180,Courier_A,3,0.1357,2,1,0
ORD000085806,2026-08-08 11:51:57,201.96,2,Electronics,0.0,COD,79.0,CUST018358,84,1,0,202341,Courier_A,1,0.1434,4,1,0
ORD000085807,2026-08-08 11:54:26,638.27,3,Electronics,0.0,COD,59.0,CUST029438,919,2,0,795787,Courier_C,3,0.1926,2,1,0
ORD000085808,2026-08-08 11:54:41,808.5,3,Footwear,0.0,UPI,0.0,CUST014044,0,0,0,198172,Courier_C,1,0.3918,4,5,0
ORD000085809,2026-08-08 11:55:46,853.73,1,Footwear,0.0,COD,29.0,CUST019236,178,4,0,229422,Courier_A,1,0.1447,2,1,0
ORD000085810,2026-08-08 11:55:51,619.67,2,Electronics,22.87,Credit Card,0.0,CUST018684,688,2,0,502006,Courier_B,1,0.2013,2,1,1
ORD000085811,2026-08-08 12:01:34,721.06,2,Electronics,27.4,COD,29.0,CUST019613,98,5,0,433068,Courier_D,2,0.301,0,1,1
ORD000085812,2026-08-08 12:02:03,169.14,2,Beauty,21.33,UPI,0.0,CUST016178,333,1,0,861511,Courier_D,3,0.2623,2,2,0
ORD000085813,2026-08-08 12:05:32,347.62,3,Footwear,42.24,COD,99.0,CUST008221,245,2,1,258959,Courier_A,3,0.1077,1,18,1
ORD000085814,2026-08-08 12:06:32,1063.66,1,Beauty,48.67,Credit Card,0.0,CUST025416,1122,2,0,768338,Courier_C,1,0.2324,0,1,0
ORD000085815,2026-08-08 12:07:59,855.39,3,Apparel,21.92,COD,29.0,CUST019752,360,3,0,121565,Courier_C,2,0.3158,2,1,1
ORD000085816,2026-08-08 12:11:36,1790.28,1,Footwear,32.24,COD,49.0,CUST016292,487,0,0,764665,Courier_A,3,0.1384,1,1,0
ORD000085817,2026-08-08 12:11:42,139.77,2,Electronics,0.0,Debit Card,0.0,CUST023568,195,2,0,793758,Courier_B,1,0.1736,0,1,0
ORD000085818,2026-08-08 12:12:38,668.84,2,Home,0.0,COD,59.0,CUST022385,0,0,0,670928,Courier_A,2,0.2093,3,1,1
ORD000085819,2026-08-08 12:13:32,491.14,4,Apparel,0.0,Credit Card,0.0,CUST027539,227,2,0,901144,Courier_A,1,0.1117,2,5,0
ORD000085820,2026-08-08 12:14:31,602.99,2,Home,0.0,UPI,0.0,CUST015825,1563,5,0,971490,Courier_D,3,0.0591,1,1,0
ORD000085821,2026-08-08 12:16:01,385.55,1,Home,10.01,COD,29.0,CUST015999,71,3,0,663408,Courier_A,1,0.0169,2,1,0
ORD000085822,2026-08-08 12:17:20,462.78,2,Beauty,14.11,Net Banking,0.0,CUST025781,34,2,0,716918,Courier_C,3,0.0943,4,1,0
ORD000085823,2026-08-08 12:20:24,1745.12,2,Footwear,0.0,COD,29.0,CUST027563,618,4,0,727548,Courier_A,3,0.3684,1,1,1
ORD000085824,2026-08-08 12:26:01,330.55,1,Apparel,27.18,COD,79.0,CUST027908,267,5,0,228695,Courier_E,3,0.1386,2,4,0
ORD000085825,2026-08-08 12:33:38,1245.9,3,Electronics,0.0,COD,29.0,CUST023134,263,2,0,576694,Courier_D,2,0.1846,2,1,1
ORD000085826,2026-08-08 12:36:55,4748.21,3,Footwear,0.0,UPI,0.0,CUST011179,73,6,2,963727,Courier_D,2,0.0416,0,1,0
ORD000085827,2026-08-08 12:41:08,1150.24,1,Apparel,0.0,COD,79.0,CUST027514,1068,5,0,531320,Courier_B,2,0.3285,0,1,0
ORD000085828,2026-08-08 12:42:10,803.75,3,Electronics,19.37,COD,29.0,CUST012652,89,2,0,771048,Courier_E,1,0.0762,1,1,0
ORD000085829,2026-08-08 12:45:51,1419.53,1,Apparel,0.0,COD,20.0,CUST022045,494,7,1,630731,Courier_D,2,0.1214,1,1,0
ORD000085830,2026-08-08 12:46:20,405.82,2,Apparel,0.0,COD,39.0,CUST026566,77,3,0,460687,Courier_B,2,0.2952,2,2,0
ORD000085831,2026-08-08 12:47:51,878.91,1,Home,42.99,COD,29.0,CUST006406,684,6,0,469380,Courier_B,3,0.1395,0,1,0
ORD000085832,2026-08-08 12:54:16,1251.83,1,Jewelry,18.9,Credit Card,0.0,CUST025054,1126,7,0,127709,Courier_E,2,0.2574,1,1,0
ORD000085833,2026-08-08 12:57:18,129.58,2,Jewelry,22.22,COD,49.0,CUST024003,159,5,0,396628,Courier_B,2,0.0571,1,3,0
ORD000085834,2026-08-08 13:02:12,537.45,2,Footwear,40.44,UPI,0.0,CUST017441,0,0,0,868465,Courier_C,2,0.0503,4,3,1
ORD000085835,2026-08-08 13:04:50,593.37,3,Apparel,0.0,UPI,0.0,CUST014223,77,4,0,756766,Courier_C,3,0.0,0,1,0
ORD000085836,2026-08-08 13:06:32,1038.72,2,Apparel,30.69,UPI,0.0,CUST017201,243,1,0,216367,Courier_D,2,0.1673,4,1,0
ORD000085837,2026-08-08 13:07:47,267.4,2,Apparel,0.0,COD,49.0,CUST016366,132,4,0,745022,Courier_A,1,0.3344,0,4,1
ORD000085838,2026-08-08 13:08:10,660.24,4,Electronics,0.0,Debit Card,0.0,CUST011204,1870,1,0,803012,Courier_E,2,0.0869,4,1,0
ORD000085839,2026-08-08 13:08:57,262.65,1,Beauty,4.01,COD,49.0,CUST009225,163,2,0,756541,Courier_D,1,0.1669,0,1,0
ORD000085840,2026-08-08 13:09:01,249.24,1,Apparel,0.0,Credit Card,0.0,CUST025890,590,5,0,615198,Courier_D,2,0.0559,3,4,0
ORD000085841,2026-08-08 13:09:09,1098.11,5,Electronics,21.56,UPI,0.0,CUST010012,185,2,0,665395,Courier_B,1,0.1226,4,1,0
ORD000085842,2026-08-08 13:12:51,1667.44,2,Beauty,0.0,COD,79.0,CUST011156,599,2,0,336963,Courier_A,1,0.0473,4,1,0
ORD000085843,2026-08-08 13:17:03,411.47,5,Jewelry,0.0,Net Banking,0.0,CUST018299,0,0,0,113112,Courier_B,3,0.0518,2,5,1
ORD000085844,2026-08-08 13:18:26,320.2,1,Beauty,41.91,Credit Card,0.0,CUST013760,105,2,0,532647,Courier_A,2,0.2226,3,1,0
ORD000085845,2026-08-08 13:19:59,775.0,3,Apparel,8.72,COD,39.0,CUST006671,510,4,0,615019,Courier_B,1,0.1009,0,16,0
ORD000085846,2026-08-08 13:20:20,702.47,4,Apparel,0.0,UPI,0.0,CUST005958,201,1,0,713629,Courier_E,3,0.1093,3,1,1
ORD000085847,2026-08-08 13:23:13,1209.36,3,Footwear,0.0,Credit Card,0.0,CUST005468,53,7,0,684370,Courier_E,1,0.2431,2,1,0
ORD000085848,2026-08-08 13:23:50,348.76,3,Home,19.27,Credit Card,0.0,CUST025535,67,1,0,843122,Courier_A,2,0.2144,2,1,0
ORD000085849,2026-08-08 13:27:26,250.63,2,Footwear,9.31,COD,49.0,CUST014949,158,2,0,504905,Courier_D,3,0.1962,0,1,0
ORD000085850,2026-08-08 13:31:55,825.88,2,Footwear,0.0,COD,99.0,CUST006679,193,7,1,349162,Courier_B,2,0.4029,1,5,0
ORD000085851,2026-08-08 13:38:26,917.39,3,Electronics,0.0,COD,59.0,CUST003484,210,1,0,599588,Courier_B,1,0.282,1,5,0
ORD000085852,2026-08-08 13:38:48,1092.36,1,Jewelry,9.86,Credit Card,0.0,CUST020563,904,3,0,180236,Courier_B,2,0.0007,1,1,0
ORD000085853,2026-08-08 13:42:51,1537.24,2,Home,0.0,COD,39.0,CUST004072,0,0,0,180236,Courier_D,2,0.0,3,1,1
ORD000085854,2026-08-08 13:44:37,145.09,2,Apparel,0.0,COD,29.0,CUST023564,346,3,0,436057,Courier_A,2,0.0877,1,1,0
ORD000085855,2026-08-08 13:44:46,854.81,3,Footwear,18.32,Debit Card,0.0,CUST016203,93,1,0,361634,Courier_B,2,0.2724,2,3,0
ORD000085856,2026-08-08 13:48:28,1784.16,1,Jewelry,0.0,COD,49.0,CUST003019,342,5,0,799198,Courier_A,3,0.3091,2,13,0
ORD000085857,2026-08-08 13:50:44,223.44,1,Apparel,0.0,COD,39.0,CUST020109,1803,6,0,147717,Courier_B,1,0.0862,0,1,0
ORD000085858,2026-08-08 13:53:47,253.33,1,Beauty,8.35,UPI,0.0,CUST020607,641,2,0,457597,Courier_D,1,0.2008,1,1,0
ORD000085859,2026-08-08 14:19:56,1517.77,4,Apparel,26.62,Credit Card,0.0,CUST011399,373,2,1,713629,Courier_C,3,0.1298,0,1,0
ORD000085860,2026-08-08 14:24:42,734.27,2,Beauty,9.63,UPI,0.0,CUST011307,362,2,0,868770,Courier_B,2,0.0266,2,16,0
ORD000085861,2026-08-08 14:32:18,2948.22,2,Electronics,0.0,UPI,0.0,CUST010130,63,4,0,764101,Courier_C,3,0.2553,1,1,0
ORD000085862,2026-08-08 14:36:38,570.08,3,Beauty,19.94,COD,79.0,CUST004896,224,7,2,749526,Courier_C,3,0.2328,2,1,1
ORD000085863,2026-08-08 14:37:32,411.58,2,Electronics,17.88,COD,79.0,CUST001514,334,2,0,491305,Courier_A,3,0.1247,2,1,0
ORD000085864,2026-08-08 14:39:32,576.33,1,Home,12.41,UPI,0.0,CUST000827,142,7,0,470612,Courier_B,3,0.2164,0,1,0
ORD000085865,2026-08-08 14:39:34,882.9,1,Apparel,0.0,COD,29.0,CUST015651,246,4,0,404286,Courier_D,3,0.2883,0,1,0
ORD000085866,2026-08-08 14:40:14,982.76,1,Beauty,10.44,Credit Card,0.0,CUST019087,474,6,0,615126,Courier_C,1,0.0918,0,1,0
ORD000085867,2026-08-08 14:40:47,387.73,1,Jewelry,14.34,COD,59.0,CUST026873,341,6,0,346532,Courier_B,2,0.1672,0,2,0
ORD000085868,2026-08-08 14:41:57,1749.86,2,Electronics,23.21,COD,39.0,CUST023469,402,2,0,942551,Courier_B,1,0.3603,3,1,0
ORD000085869,2026-08-08 14:44:24,814.53,2,Home,25.69,UPI,0.0,CUST005300,17,4,0,444894,Courier_C,1,0.1866,1,4,0
ORD000085870,2026-08-08 14:46:32,142.83,2,Footwear,17.87,COD,39.0,CUST023437,105,2,0,233585,Courier_C,1,0.2032,1,4,0
ORD000085871,2026-08-08 14:47:07,526.11,3,Jewelry,0.0,UPI,0.0,CUST022495,263,5,1,237862,Courier_D,1,0.2194,0,1,0
ORD000085872,2026-08-08 14:47:54,166.3,1,Apparel,0.0,UPI,0.0,CUST028267,174,4,0,244471,Courier_A,3,0.6575,2,20,0
ORD000085873,2026-08-08 14:52:25,816.14,3,Electronics,0.0,COD,39.0,CUST010181,0,0,0,823556,Courier_A,2,0.2503,0,3,1
ORD000085874,2026-08-08 14:52:56,1664.12,1,Apparel,0.0,COD,59.0,CUST009151,239,1,0,470612,Courier_A,3,0.227,2,1,1
ORD000085875,2026-08-08 14:53:50,623.74,2,Electronics,0.0,COD,29.0,CUST025591,499,6,1,925108,Courier_C,3,0.1165,0,1,1
ORD000085876,2026-08-08 15:01:11,2126.5,2,Electronics,0.0,Credit Card,0.0,CUST025375,654,4,0,594225,Courier_B,1,0.0677,1,1,0
ORD000085877,2026-08-08 15:02:12,378.85,2,Beauty,6.82,UPI,0.0,CUST010320,194,5,1,469380,Courier_D,3,0.1984,0,1,0
ORD000085878,2026-08-08 15:02:58,710.08,1,Apparel,0.0,Debit Card,0.0,CUST006883,212,5,0,861511,Courier_C,3,0.2729,0,1,0
ORD000085879,2026-08-08 15:08:41,315.51,2,Apparel,13.99,UPI,0.0,CUST009928,290,5,0,541284,Courier_C,2,0.129,1,1,0
ORD000085880,2026-08-08 15:08:55,308.67,1,Footwear,0.0,COD,39.0,CUST010497,795,4,1,756766,Courier_C,3,0.026,2,1,0
ORD000085881,2026-08-08 15:18:13,764.45,3,Home,27.62,COD,59.0,CUST022387,823,2,0,191461,Courier_B,3,0.3352,0,1,0
ORD000085882,2026-08-08 15:22:35,351.5,2,Beauty,0.0,COD,49.0,CUST010049,143,5,1,498380,Courier_E,2,0.3008,1,1,1
ORD000085883,2026-08-08 15:26:40,375.89,1,Electronics,0.0,COD,39.0,CUST005864,1456,5,0,761450,Courier_A,2,0.4505,2,1,0
ORD000085884,2026-08-08 15:27:02,370.57,3,Apparel,10.72,Credit Card,0.0,CUST018999,361,4,1,526706,Courier_B,2,0.279,2,2,1
ORD000085885,2026-08-08 15:32:11,3586.66,2,Apparel,0.0,COD,39.0,CUST020184,277,7,0,400186,Courier_B,3,0.1742,3,4,1
ORD000085886,2026-08-08 15:36:11,607.59,2,Footwear,0.0,COD,59.0,CUST002070,241,5,0,310345,Courier_E,1,0.2007,3,1,1
ORD000085887,2026-08-08 15:38:43,509.92,3,Beauty,6.54,COD,59.0,CUST008613,426,6,1,789126,Courier_A,3,0.3143,2,1,0
ORD000085888,2026-08-08 15:47:31,420.27,4,Footwear,30.55,COD,59.0,CUST008861,146,3,0,850003,Courier_C,2,0.2318,1,4,0
ORD000085889,2026-08-08 15:52:07,391.62,3,Home,26.7,COD,39.0,CUST027095,395,3,0,951351,Courier_B,2,0.0834,1,1,0
ORD000085890,2026-08-08 15:53:01,418.9,4,Beauty,20.49,Net Banking,0.0,CUST008170,172,3,0,974275,Courier_A,3,0.034,2,1,0
ORD000085891,2026-08-08 16:01:19,484.9,2,Footwear,9.52,UPI,0.0,CUST000895,200,4,1,430264,Courier_A,2,0.034,0,1,0
ORD000085892,2026-08-08 16:08:51,473.89,2,Jewelry,0.0,COD,20.0,CUST014872,219,8,2,625244,Courier_A,3,0.1253,1,1,0
ORD000085893,2026-08-08 16:22:15,282.02,5,Jewelry,32.03,COD,39.0,CUST017560,135,1,0,401813,Courier_B,2,0.2375,0,5,1
ORD000085894,2026-08-08 16:23:04,1949.95,4,Apparel,0.0,Debit Card,0.0,CUST008181,22,2,0,666934,Courier_A,3,0.0562,3,3,0
ORD000085895,2026-08-08 16:28:51,432.82,4,Footwear,2.6,Debit Card,0.0,CUST000835,666,6,0,835190,Courier_A,2,0.4112,2,2,0
ORD000085896,2026-08-08 16:28:56,147.05,1,Beauty,22.9,UPI,0.0,CUST021187,105,5,0,361634,Courier_E,2,0.2612,1,1,0
ORD000085897,2026-08-08 16:31:39,376.76,2,Electronics,0.0,UPI,0.0,CUST029652,135,2,0,696858,Courier_C,3,0.1406,1,1,1
ORD000085898,2026-08-08 16:33:52,1102.21,1,Electronics,29.01,UPI,0.0,CUST008974,1690,4,0,488643,Courier_A,1,0.4206,0,5,0
ORD000085899,2026-08-08 16:43:17,511.04,4,Apparel,0.0,COD,99.0,CUST026379,50,3,0,981939,Courier_C,2,0.3091,0,1,0
ORD000085900,2026-08-08 16:43:42,640.46,1,Apparel,10.21,Debit Card,0.0,CUST029253,558,3,0,619405,Courier_B,2,0.2476,3,1,0
ORD000085901,2026-08-08 16:46:00,169.7,4,Footwear,0.0,Debit Card,0.0,CUST018049,220,3,0,951351,Courier_C,2,0.0728,2,1,0
ORD000085902,2026-08-08 16:46:53,445.4,2,Apparel,18.05,COD,79.0,CUST008428,865,2,0,476035,Courier_B,1,0.2323,0,1,0
ORD000085903,2026-08-08 16:51:44,470.34,2,Footwear,0.0,COD,59.0,CUST023580,105,2,0,788240,Courier_A,1,0.1532,1,1,0
ORD000085904,2026-08-08 16:53:38,263.64,2,Beauty,15.01,COD,29.0,CUST016376,198,5,0,250136,Courier_D,1,0.2344,2,4,1
ORD000085905,2026-08-08 16:54:07,648.42,1,Apparel,0.0,UPI,0.0,CUST026412,613,2,0,277274,Courier_D,2,0.1075,2,4,0
ORD000085906,2026-08-08 16:55:15,4171.47,4,Electronics,43.08,UPI,0.0,CUST029476,1227,6,0,826264,Courier_B,3,0.1647,3,1,0
ORD000085907,2026-08-08 16:56:18,614.13,4,Footwear,0.0,UPI,0.0,CUST003814,195,4,0,112534,Courier_C,2,0.1339,2,1,0
ORD000085908,2026-08-08 16:56:44,363.21,2,Beauty,24.64,COD,39.0,CUST009656,269,4,1,615126,Courier_C,1,0.1011,1,5,0
ORD000085909,2026-08-08 16:57:54,78.64,3,Footwear,0.0,COD,49.0,CUST022264,58,9,1,523573,Courier_C,1,0.2224,1,3,0
ORD000085910,2026-08-08 16:59:42,1298.21,3,Home,0.0,COD,29.0,CUST013578,798,3,0,570241,Courier_A,1,0.1588,0,1,0
ORD000085911,2026-08-08 16:59:57,333.0,2,Electronics,0.0,UPI,0.0,CUST017334,3477,3,0,700975,Courier_E,1,0.1496,1,1,0
ORD000085912,2026-08-08 17:06:01,526.3,5,Beauty,0.0,UPI,0.0,CUST004772,1018,6,1,195758,Courier_B,3,0.1518,2,1,0
ORD000085913,2026-08-08 17:09:01,849.11,2,Apparel,23.08,Net Banking,0.0,CUST016297,86,2,0,483080,Courier_B,1,0.3684,1,1,0
ORD000085914,2026-08-08 17:09:43,481.89,2,Electronics,3.22,UPI,0.0,CUST012166,383,3,1,312071,Courier_B,1,0.1872,2,1,0
ORD000085915,2026-08-08 17:15:27,4094.78,2,Beauty,0.0,COD,39.0,CUST026808,571,0,0,545658,Courier_C,3,0.0761,0,2,0
ORD000085916,2026-08-08 17:18:25,841.22,2,Electronics,16.5,UPI,0.0,CUST026919,609,2,0,902957,Courier_A,2,0.0984,1,1,0
ORD000085917,2026-08-08 17:24:41,1396.54,2,Beauty,26.19,COD,39.0,CUST020852,211,2,0,159870,Courier_C,2,0.3285,0,3,0
ORD000085918,2026-08-08 17:25:26,937.87,1,Apparel,10.65,COD,59.0,CUST019055,248,6,0,573309,Courier_D,1,0.1402,0,1,0
ORD000085919,2026-08-08 17:25:44,1066.94,2,Electronics,38.71,COD,49.0,CUST026629,133,2,0,854948,Courier_B,2,0.2428,3,1,1
ORD000085920,2026-08-08 17:26:26,523.14,1,Apparel,0.0,COD,39.0,CUST004004,262,4,0,654409,Courier_E,1,0.074,2,1,0
ORD000085921,2026-08-08 17:27:14,328.6,5,Jewelry,29.49,COD,79.0,CUST010350,311,1,0,436057,Courier_E,2,0.0349,2,1,1
ORD000085922,2026-08-08 17:28:30,468.55,2,Jewelry,31.4,Debit Card,0.0,CUST023108,147,3,0,691898,Courier_A,1,0.3908,0,5,0
ORD000085923,2026-08-08 17:34:23,379.37,5,Apparel,23.66,Net Banking,0.0,CUST001755,764,5,0,119023,Courier_A,1,0.0,0,1,0
ORD000085924,2026-08-08 17:34:42,1146.94,1,Beauty,0.0,COD,49.0,CUST001197,182,6,0,585787,Courier_D,1,0.1035,2,2,0
ORD000085925,2026-08-08 17:37:42,1445.64,4,Apparel,0.0,COD,39.0,CUST000698,362,2,1,847491,Courier_C,1,0.2269,0,1,0
ORD000085926,2026-08-08 17:38:07,1030.06,2,Apparel,0.0,COD,39.0,CUST024924,235,1,0,395408,Courier_C,3,0.149,1,1,1
ORD000085927,2026-08-08 17:44:08,402.01,1,Apparel,22.12,Credit Card,0.0,CUST027077,317,2,0,764258,Courier_D,3,0.2037,2,2,0
ORD000085928,2026-08-08 17:44:49,2038.17,4,Apparel,0.0,COD,39.0,CUST010692,867,6,0,396628,Courier_A,2,0.1295,2,2,1
ORD000085929,2026-08-08 17:46:12,506.82,4,Electronics,11.61,COD,49.0,CUST027183,20,2,0,698930,Courier_B,1,0.3554,1,1,0
ORD000085930,2026-08-08 17:46:49,5261.56,1,Apparel,39.31,COD,29.0,CUST003205,440,2,0,931973,Courier_C,3,0.2506,1,4,0
ORD000085931,2026-08-08 17:47:16,998.18,2,Beauty,10.75,COD,39.0,CUST017198,38,4,0,877386,Courier_D,3,0.238,3,1,1
ORD000085932,2026-08-08 17:48:55,151.28,2,Apparel,44.39,UPI,0.0,CUST029122,159,6,1,197643,Courier_D,3,0.2573,1,1,0
ORD000085933,2026-08-08 17:51:37,1635.03,2,Jewelry,0.0,UPI,0.0,CUST023064,133,3,0,823251,Courier_D,1,0.203,1,1,0
ORD000085934,2026-08-08 17:51:48,163.44,3,Home,42.99,Net Banking,0.0,CUST025762,254,2,0,809484,Courier_E,1,0.0854,4,1,0
ORD000085935,2026-08-08 17:52:14,2242.23,1,Electronics,31.87,COD,29.0,CUST003295,64,4,1,315792,Courier_C,2,0.2524,1,11,1
ORD000085936,2026-08-08 17:54:24,1117.36,3,Footwear,0.0,UPI,0.0,CUST016541,0,0,0,181380,Courier_C,2,0.2313,2,1,0
ORD000085937,2026-08-08 17:57:24,2168.44,1,Apparel,18.67,COD,59.0,CUST005604,122,3,0,697324,Courier_B,2,0.1541,1,1,0
ORD000085938,2026-08-08 17:59:02,269.8,5,Beauty,5.99,COD,39.0,CUST022363,0,0,0,847491,Courier_B,1,0.2503,1,1,1
ORD000085939,2026-08-08 17:59:41,490.8,4,Apparel,4.33,COD,59.0,CUST001178,267,5,0,729178,Courier_C,3,0.0,2,4,1
ORD000085940,2026-08-08 18:01:56,550.51,2,Footwear,0.0,COD,39.0,CUST018961,152,1,0,388393,Courier_E,2,0.1701,3,1,0
ORD000085941,2026-08-08 18:03:29,367.63,4,Apparel,24.11,COD,39.0,CUST018530,0,0,0,659264,Courier_A,2,0.3134,1,5,1
ORD000085942,2026-08-08 18:04:04,1510.54,1,Footwear,28.96,UPI,0.0,CUST017531,410,4,0,666744,Courier_A,2,0.0,2,3,0
ORD000085943,2026-08-08 18:05:42,967.22,3,Footwear,12.23,COD,99.0,CUST002388,669,4,0,820298,Courier_B,2,0.5159,2,1,0
ORD000085944,2026-08-08 18:05:50,134.24,1,Apparel,0.0,UPI,0.0,CUST005590,154,4,1,545164,Courier_C,1,0.0783,3,5,0
ORD000085945,2026-08-08 18:05:50,902.04,2,Apparel,34.51,Debit Card,0.0,CUST007926,287,2,0,971812,Courier_A,1,0.1346,2,1,0
ORD000085946,2026-08-08 18:10:28,257.25,2,Apparel,27.56,UPI,0.0,CUST020156,127,5,1,953629,Courier_B,1,0.018,3,1,0
ORD000085947,2026-08-08 18:10:31,234.25,3,Beauty,0.0,UPI,0.0,CUST011703,746,5,0,666934,Courier_B,3,0.0236,1,1,0
ORD000085948,2026-08-08 18:14:17,1142.37,4,Apparel,0.0,COD,39.0,CUST021929,100,6,1,698997,Courier_C,2,0.1283,1,1,0
ORD000085949,2026-08-08 18:14:19,800.4,1,Footwear,10.66,Credit Card,0.0,CUST012307,201,6,0,547541,Courier_D,3,0.1885,3,2,0
ORD000085950,2026-08-08 18:14:41,1018.8,2,Apparel,28.44,Credit Card,0.0,CUST009553,0,0,0,583754,Courier_A,2,0.1249,1,1,1
ORD000085951,2026-08-08 18:22:38,341.02,4,Jewelry,46.67,COD,29.0,CUST016042,323,3,0,628444,Courier_C,3,0.1637,5,1,0
ORD000085952,2026-08-08 18:23:49,1264.45,2,Electronics,20.14,COD,59.0,CUST028463,96,1,0,999753,Courier_A,2,0.1573,4,1,0
ORD000085953,2026-08-08 18:24:01,685.02,2,Footwear,0.0,COD,79.0,CUST004007,245,2,0,104925,Courier_B,2,0.0487,2,5,0
ORD000085954,2026-08-08 18:24:10,738.39,2,Beauty,25.87,Credit Card,0.0,CUST020225,563,1,0,996684,Courier_C,3,0.1196,2,1,0
ORD000085955,2026-08-08 18:35:08,832.99,2,Footwear,3.71,COD,20.0,CUST004067,306,4,0,802647,Courier_B,2,0.1285,1,1,0
ORD000085956,2026-08-08 18:36:50,2625.29,1,Electronics,17.75,Credit Card,0.0,CUST017649,185,6,1,977095,Courier_B,2,0.1713,1,1,0
ORD000085957,2026-08-08 18:38:59,471.62,3,Footwear,13.96,COD,49.0,CUST016544,879,1,0,678032,Courier_D,3,0.4522,1,1,0
ORD000085958,2026-08-08 18:39:39,4995.64,1,Apparel,0.0,Debit Card,0.0,CUST026319,194,4,1,686412,Courier_A,1,0.1565,1,3,0
ORD000085959,2026-08-08 18:41:16,454.44,6,Beauty,13.88,COD,49.0,CUST007494,1173,4,0,615198,Courier_B,2,0.0835,3,5,0
ORD000085960,2026-08-08 18:46:51,791.23,2,Jewelry,0.0,Credit Card,0.0,CUST020216,1880,6,1,847491,Courier_C,1,0.2238,1,2,0
ORD000085961,2026-08-08 18:47:49,1233.58,4,Footwear,0.0,UPI,0.0,CUST019022,287,4,0,502006,Courier_B,1,0.1984,1,1,1
ORD000085962,2026-08-08 18:50:46,417.04,3,Electronics,0.0,COD,59.0,CUST012204,98,5,0,630731,Courier_B,2,0.074,4,1,0
ORD000085963,2026-08-08 18:57:16,381.23,2,Footwear,2.35,Debit Card,0.0,CUST019117,137,5,0,528196,Courier_A,1,0.3183,0,5,0
ORD000085964,2026-08-08 19:01:28,1241.16,3,Home,0.0,Debit Card,0.0,CUST003419,122,5,1,715917,Courier_A,2,0.296,3,1,0
ORD000085965,2026-08-08 19:05:50,543.45,1,Apparel,32.71,UPI,0.0,CUST007020,899,1,0,752908,Courier_C,2,0.347,0,1,0
ORD000085966,2026-08-08 19:08:54,1452.42,2,Apparel,0.0,COD,29.0,CUST018114,660,5,1,341690,Courier_D,2,0.1379,1,1,0
ORD000085967,2026-08-08 19:09:51,452.26,2,Beauty,10.97,Credit Card,0.0,CUST008455,459,2,0,281122,Courier_A,2,0.0744,0,1,0
ORD000085968,2026-08-08 19:10:29,308.39,1,Apparel,0.0,Debit Card,0.0,CUST017168,173,1,0,253407,Courier_C,3,0.2735,0,1,0
ORD000085969,2026-08-08 19:11:42,1415.41,3,Footwear,0.0,COD,39.0,CUST011896,162,0,0,465408,Courier_A,2,0.0,0,4,0
ORD000085970,2026-08-08 19:14:39,1091.04,2,Footwear,24.34,COD,49.0,CUST026612,1284,5,0,806986,Courier_A,2,0.1116,2,1,0
ORD000085971,2026-08-08 19:15:35,1398.53,3,Apparel,10.69,UPI,0.0,CUST020991,156,4,0,800785,Courier_A,3,0.0629,1,1,0
ORD000085972,2026-08-08 19:17:42,586.24,2,Apparel,0.0,UPI,0.0,CUST005363,159,1,0,206944,Courier_B,3,0.3001,3,1,1
ORD000085973,2026-08-08 19:18:24,1708.44,2,Home,0.0,COD,49.0,CUST007169,148,1,0,303027,Courier_A,1,0.138,2,5,1
ORD000085974,2026-08-08 19:20:16,1097.4,1,Beauty,9.52,COD,59.0,CUST020462,20,3,0,495265,Courier_C,2,0.4278,1,1,1
ORD000085975,2026-08-08 19:21:29,501.43,2,Apparel,45.22,COD,49.0,CUST015038,1093,3,0,619405,Courier_C,2,0.2947,1,5,0
ORD000085976,2026-08-08 19:27:38,143.04,2,Home,0.0,COD,49.0,CUST019330,1519,1,0,696209,Courier_C,2,0.1648,2,1,0
ORD000085977,2026-08-08 19:32:29,344.32,2,Jewelry,20.63,COD,29.0,CUST011586,0,0,0,250136,Courier_A,1,0.2123,0,4,0
ORD000085978,2026-08-08 19:35:30,202.64,4,Beauty,47.94,COD,59.0,CUST023831,569,2,0,189971,Courier_B,1,0.2884,1,1,0
ORD000085979,2026-08-08 19:37:18,1022.22,3,Apparel,0.0,UPI,0.0,CUST024561,129,5,1,281122,Courier_E,2,0.0939,1,1,0
ORD000085980,2026-08-08 19:38:02,727.79,1,Footwear,0.0,COD,49.0,CUST027741,136,5,0,781551,Courier_B,2,0.1477,1,2,0
ORD000085981,2026-08-08 19:42:11,909.48,4,Footwear,28.96,COD,29.0,CUST029311,783,4,0,106619,Courier_B,2,0.1586,0,1,0
ORD000085982,2026-08-08 19:44:09,1322.37,1,Electronics,13.54,COD,59.0,CUST011003,108,6,1,756766,Courier_A,3,0.033,2,3,0
ORD000085983,2026-08-08 19:47:11,2081.99,2,Electronics,0.0,UPI,0.0,CUST018382,0,0,0,937947,Courier_B,3,0.2335,2,1,0
ORD000085984,2026-08-08 19:47:20,765.12,1,Electronics,0.0,COD,99.0,CUST019703,55,4,0,650325,Courier_B,3,0.1232,1,1,0
ORD000085985,2026-08-08 19:54:55,1636.73,3,Apparel,0.0,Credit Card,0.0,CUST021957,160,4,0,928381,Courier_B,3,0.2702,2,1,0
ORD000085986,2026-08-08 19:55:13,1361.66,1,Apparel,0.0,UPI,0.0,CUST023080,77,3,0,764665,Courier_C,3,0.1385,2,1,1
ORD000085987,2026-08-08 19:55:16,445.88,1,Home,36.19,UPI,0.0,CUST024936,98,4,0,292941,Courier_A,1,0.1804,1,5,0
ORD000085988,2026-08-08 19:56:59,84.23,2,Footwear,14.82,COD,49.0,CUST005597,579,2,0,591756,Courier_A,2,0.3279,0,5,1
ORD000085989,2026-08-08 20:01:45,105.76,3,Apparel,21.61,UPI,0.0,CUST020087,255,4,1,712536,Courier_A,3,0.1399,2,1,0
ORD000085990,2026-08-08 20:08:04,5905.17,5,Apparel,0.0,COD,39.0,CUST010076,92,3,1,327967,Courier_C,1,0.1437,1,1,0
ORD000085991,2026-08-08 20:10:24,2680.01,3,Electronics,0.0,UPI,0.0,CUST005477,1558,3,0,552806,Courier_C,2,0.3798,1,7,0
ORD000085992,2026-08-08 20:10:36,164.13,1,Electronics,33.32,UPI,0.0,CUST005706,71,3,0,598248,Courier_B,1,0.0777,2,1,0
ORD000085993,2026-08-08 20:12:17,131.48,2,Jewelry,0.0,COD,49.0,CUST025853,596,4,0,963727,Courier_B,2,0.1025,3,2,0
ORD000085994,2026-08-08 20:13:46,702.51,2,Apparel,16.5,UPI,0.0,CUST019267,160,1,0,368724,Courier_C,1,0.5261,1,3,0
ORD000085995,2026-08-08 20:15:58,287.91,1,Apparel,19.23,COD,79.0,CUST006505,184,4,1,577420,Courier_A,3,0.2536,0,1,0
ORD000085996,2026-08-08 20:17:20,454.14,2,Beauty,0.0,COD,59.0,CUST023847,114,5,0,903532,Courier_C,1,0.1057,3,5,0
ORD000085997,2026-08-08 20:17:32,417.09,2,Home,12.93,COD,29.0,CUST009068,831,2,0,185153,Courier_A,2,0.3023,0,1,0
ORD000085998,2026-08-08 20:17:32,3006.42,5,Apparel,0.0,COD,29.0,CUST009336,824,7,0,807527,Courier_B,1,0.3029,3,1,0
ORD000085999,2026-08-08 20:20:53,374.13,1,Apparel,0.0,UPI,0.0,CUST023497,79,3,0,323441,Courier_B,1,0.198,1,1,0
ORD000086000,2026-08-08 20:21:11,1834.03,1,Electronics,23.06,UPI,0.0,CUST005115,185,3,0,451758,Courier_A,3,0.2865,0,5,0
ORD000086001,2026-08-08 20:23:12,1076.25,2,Footwear,0.0,COD,49.0,CUST029440,328,5,0,926416,Courier_A,3,0.4093,1,1,0
ORD000086002,2026-08-08 20:24:14,837.91,3,Apparel,0.0,UPI,0.0,CUST000962,224,2,0,553849,Courier_C,2,0.1646,3,1,1
ORD000086003,2026-08-08 20:25:04,516.09,3,Apparel,0.0,Debit Card,0.0,CUST007010,262,3,0,777635,Courier_D,3,0.1168,3,1,1
ORD000086004,2026-08-08 20:26:36,637.01,2,Beauty,15.63,Debit Card,0.0,CUST017023,325,7,1,104773,Courier_D,1,0.1416,2,5,0
ORD000086005,2026-08-08 20:27:34,3101.82,1,Beauty,10.05,COD,59.0,CUST011357,432,2,1,491305,Courier_D,3,0.1107,1,1,1
ORD000086006,2026-08-08 20:28:58,426.36,1,Apparel,0.0,UPI,0.0,CUST016604,48,5,0,371186,Courier_A,2,0.2036,2,1,0
ORD000086007,2026-08-08 20:34:29,162.67,1,Home,26.55,COD,29.0,CUST013125,708,3,0,315792,Courier_E,2,0.2886,1,5,0
ORD000086008,2026-08-08 20:35:00,780.09,2,Electronics,0.0,COD,79.0,CUST009904,76,1,0,282095,Courier_B,2,0.0875,0,2,1
ORD000086009,2026-08-08 20:37:45,757.61,2,Home,0.0,Credit Card,0.0,CUST002900,227,4,1,120421,Courier_C,3,0.198,0,1,0
ORD000086010,2026-08-08 20:37:59,140.13,3,Electronics,24.04,UPI,0.0,CUST006359,648,1,0,206110,Courier_A,3,0.1098,2,5,0
ORD000086011,2026-08-08 20:40:24,285.21,1,Footwear,19.28,COD,49.0,CUST014185,1345,3,0,696209,Courier_E,2,0.155,1,1,0
ORD000086012,2026-08-08 20:43:54,1873.65,2,Jewelry,25.49,COD,39.0,CUST015824,167,1,0,598248,Courier_A,1,0.0867,1,1,0
ORD000086013,2026-08-08 20:47:16,302.47,2,Beauty,0.0,COD,59.0,CUST013393,226,5,0,622523,Courier_A,1,0.1444,1,4,0
ORD000086014,2026-08-08 20:49:02,2031.24,3,Electronics,0.0,Net Banking,0.0,CUST004584,254,2,0,148019,Courier_A,2,0.1533,1,1,0
ORD000086015,2026-08-08 20:50:51,791.29,2,Jewelry,6.88,COD,29.0,CUST013326,401,3,0,871883,Courier_D,2,0.0892,1,1,0
ORD000086016,2026-08-08 20:51:08,153.72,2,Jewelry,35.98,COD,39.0,CUST012713,34,5,0,589943,Courier_A,3,0.2699,3,1,0
ORD000086017,2026-08-08 20:54:03,1470.51,2,Electronics,0.0,COD,39.0,CUST007092,36,4,0,196023,Courier_A,3,0.2792,2,1,0
ORD000086018,2026-08-08 20:54:17,370.12,3,Apparel,16.06,COD,39.0,CUST027987,147,1,0,869376,Courier_B,3,0.3062,1,1,0
ORD000086019,2026-08-08 20:54:30,3395.95,2,Footwear,2.57,Debit Card,0.0,CUST002435,90,4,0,672715,Courier_A,2,0.2235,1,1,0
ORD000086020,2026-08-08 20:56:18,225.13,1,Electronics,26.32,COD,49.0,CUST012063,165,2,0,304008,Courier_C,3,0.2506,0,1,0
ORD000086021,2026-08-08 20:56:20,411.27,3,Electronics,0.0,COD,49.0,CUST029493,537,4,0,953016,Courier_D,3,0.1528,1,1,1
ORD000086022,2026-08-08 20:59:23,841.22,2,Apparel,25.19,COD,99.0,CUST021867,112,2,0,636916,Courier_C,1,0.1243,1,14,0
ORD000086023,2026-08-08 21:01:26,987.85,4,Apparel,26.6,Debit Card,0.0,CUST009845,0,0,0,319318,Courier_C,2,0.5732,0,1,0
ORD000086024,2026-08-08 21:01:40,1548.21,5,Home,0.0,COD,39.0,CUST003293,95,2,0,210439,Courier_B,2,0.4506,4,1,0
ORD000086025,2026-08-08 21:04:10,395.34,4,Footwear,0.0,COD,49.0,CUST003340,85,2,0,532647,Courier_A,2,0.2465,5,1,0
ORD000086026,2026-08-08 21:11:01,948.21,4,Apparel,16.94,COD,59.0,CUST007681,435,2,0,939225,Courier_A,1,0.1556,3,3,0
ORD000086027,2026-08-08 21:12:43,532.74,3,Apparel,0.0,Debit Card,0.0,CUST009598,517,3,0,597740,Courier_B,1,0.2847,3,1,0
ORD000086028,2026-08-08 21:13:40,407.89,5,Apparel,0.0,UPI,0.0,CUST027701,58,6,0,441755,Courier_A,1,0.1376,0,1,0
ORD000086029,2026-08-08 21:15:17,1180.0,2,Jewelry,12.48,UPI,0.0,CUST024774,190,3,0,796682,Courier_C,1,0.111,1,1,0
ORD000086030,2026-08-08 21:21:12,840.83,3,Footwear,18.63,COD,49.0,CUST010592,43,5,0,336051,Courier_E,3,0.3043,2,1,0
ORD000086031,2026-08-08 21:22:01,373.42,2,Electronics,0.0,COD,20.0,CUST024874,469,2,1,837858,Courier_A,2,0.0627,1,1,1
ORD000086032,2026-08-08 21:26:13,313.91,1,Home,28.53,UPI,0.0,CUST020154,118,5,0,140279,Courier_A,2,0.2916,2,1,0
ORD000086033,2026-08-08 21:28:22,1359.71,4,Electronics,30.83,Credit Card,0.0,CUST002821,213,3,1,966251,Courier_D,1,0.1028,2,1,0
ORD000086034,2026-08-08 21:28:52,526.75,2,Jewelry,12.36,COD,59.0,CUST022442,1512,3,0,249284,Courier_D,3,0.206,5,5,0
ORD000086035,2026-08-08 21:32:11,681.77,3,Home,0.0,UPI,0.0,CUST026328,508,5,0,709428,Courier_B,2,0.1263,1,1,0
ORD000086036,2026-08-08 21:38:27,251.82,3,Apparel,0.0,COD,20.0,CUST017589,677,6,0,860304,Courier_C,3,0.1123,1,5,0
ORD000086037,2026-08-08 21:44:43,569.89,2,Home,0.0,COD,39.0,CUST018943,139,3,0,107065,Courier_C,3,0.209,6,1,0
ORD000086038,2026-08-08 21:48:25,580.87,3,Apparel,0.0,COD,79.0,CUST018935,379,3,0,136130,Courier_C,2,0.2749,2,1,0
ORD000086039,2026-08-08 21:51:29,1611.21,4,Home,11.27,UPI,0.0,CUST016009,529,8,1,223623,Courier_B,3,0.105,2,1,0
ORD000086040,2026-08-08 21:52:25,387.6,2,Apparel,0.0,Credit Card,0.0,CUST003504,1685,4,0,181777,Courier_C,3,0.2631,3,1,0
ORD000086041,2026-08-08 21:54:23,2295.68,2,Electronics,25.01,COD,29.0,CUST021273,509,4,0,597740,Courier_C,1,0.2888,2,1,0
ORD000086042,2026-08-08 21:54:40,2975.29,1,Apparel,0.0,COD,59.0,CUST011602,189,3,0,786081,Courier_D,3,0.2826,0,1,1
ORD000086043,2026-08-08 21:56:41,1041.15,1,Apparel,37.88,COD,29.0,CUST013787,120,4,0,717284,Courier_D,3,0.324,2,13,1
ORD000086044,2026-08-08 21:57:10,2231.44,3,Footwear,0.0,COD,49.0,CUST001502,0,0,0,105856,Courier_B,2,0.2345,2,3,0
ORD000086045,2026-08-08 21:58:31,259.37,2,Electronics,0.0,COD,49.0,CUST013356,185,4,0,363985,Courier_A,2,0.1824,2,19,0
ORD000086046,2026-08-08 22:10:48,715.58,2,Jewelry,0.0,Debit Card,0.0,CUST016545,418,3,0,106619,Courier_A,2,0.1422,2,3,0
ORD000086047,2026-08-08 22:13:18,552.07,3,Beauty,14.09,Net Banking,0.0,CUST023959,184,4,0,678032,Courier_C,3,0.4616,0,1,0
ORD000086048,2026-08-08 22:14:11,2296.48,2,Home,0.0,Credit Card,0.0,CUST011755,1341,3,0,871479,Courier_C,2,0.1502,0,1,0
ORD000086049,2026-08-08 22:21:04,155.06,1,Apparel,0.0,COD,99.0,CUST005188,481,1,0,734020,Courier_C,3,0.1527,3,7,0
ORD000086050,2026-08-08 22:21:38,619.95,1,Electronics,0.0,COD,49.0,CUST028595,240,2,0,642033,Courier_C,1,0.2052,2,3,0
ORD000086051,2026-08-08 22:22:19,617.17,1,Electronics,27.89,COD,49.0,CUST011506,317,2,1,250897,Courier_A,1,0.0469,4,2,0
ORD000086052,2026-08-08 22:22:51,177.57,2,Beauty,18.48,UPI,0.0,CUST022095,214,2,0,543559,Courier_A,1,0.0198,0,1,0
ORD000086053,2026-08-08 22:24:17,271.58,3,Footwear,14.24,UPI,0.0,CUST026890,627,3,0,953933,Courier_A,3,0.1109,0,1,0
ORD000086054,2026-08-08 22:24:49,1282.39,2,Apparel,7.9,Net Banking,0.0,CUST015902,145,3,0,401813,Courier_A,2,0.284,2,1,0
ORD000086055,2026-08-08 22:26:03,378.18,1,Beauty,0.0,COD,79.0,CUST007981,117,1,0,276672,Courier_E,1,0.1534,3,1,0
ORD000086056,2026-08-08 22:26:41,3270.46,3,Apparel,6.16,COD,29.0,CUST003550,2521,2,0,467325,Courier_C,2,0.1836,2,1,0
ORD000086057,2026-08-08 22:29:15,546.36,2,Beauty,0.0,Debit Card,0.0,CUST011051,777,1,0,842688,Courier_D,2,0.388,1,1,0
ORD000086058,2026-08-08 22:38:20,442.87,2,Electronics,0.0,COD,39.0,CUST005869,1093,5,0,728214,Courier_A,1,0.3095,0,1,0
ORD000086059,2026-08-08 22:40:31,452.83,2,Home,0.0,COD,59.0,CUST017929,271,3,0,594225,Courier_B,1,0.0271,2,1,1
ORD000086060,2026-08-08 22:40:36,553.11,3,Apparel,24.61,UPI,0.0,CUST019575,145,4,0,602801,Courier_C,3,0.2822,1,1,0
ORD000086061,2026-08-08 22:43:14,398.3,3,Electronics,28.6,COD,49.0,CUST004212,103,0,0,791259,Courier_B,2,0.0695,1,4,1
ORD000086062,2026-08-08 22:45:38,2003.87,2,Footwear,11.07,Debit Card,0.0,CUST012242,0,0,0,181067,Courier_E,2,0.2362,2,5,0
ORD000086063,2026-08-08 22:47:56,368.22,3,Beauty,0.0,COD,39.0,CUST007285,25,5,0,509843,Courier_B,1,0.2122,0,3,0
ORD000086064,2026-08-08 22:52:58,1809.99,1,Apparel,0.0,COD,29.0,CUST016673,191,6,0,359971,Courier_B,2,0.0853,3,3,0
ORD000086065,2026-08-08 23:03:00,1732.55,3,Beauty,24.72,COD,49.0,CUST027584,189,6,0,226095,Courier_E,3,0.043,1,3,0
ORD000086066,2026-08-08 23:05:56,636.88,1,Footwear,0.0,COD,79.0,CUST020859,157,1,0,140390,Courier_A,1,0.1841,0,6,0
ORD000086067,2026-08-08 23:07:46,473.56,1,Apparel,0.0,Debit Card,0.0,CUST003776,52,3,0,959532,Courier_C,3,0.1075,1,1,0
ORD000086068,2026-08-08 23:10:05,714.86,2,Footwear,0.0,UPI,0.0,CUST000332,0,0,0,481328,Courier_A,2,0.1462,0,1,0
ORD000086069,2026-08-08 23:10:44,145.26,5,Electronics,0.0,COD,49.0,CUST007509,1595,2,0,530251,Courier_A,1,0.1347,2,1,0
ORD000086070,2026-08-08 23:14:38,1411.75,2,Footwear,0.0,COD,49.0,CUST016315,524,1,0,512993,Courier_A,2,0.1337,2,3,0
ORD000086071,2026-08-08 23:14:57,302.72,2,Electronics,0.0,Credit Card,0.0,CUST005817,83,2,0,539453,Courier_E,2,0.1917,1,1,1
ORD000086072,2026-08-08 23:15:50,1584.76,5,Jewelry,0.0,Credit Card,0.0,CUST007137,68,3,0,131194,Courier_C,2,0.1862,4,1,0
ORD000086073,2026-08-08 23:20:55,459.37,1,Footwear,0.0,COD,59.0,CUST012283,0,0,0,971812,Courier_A,1,0.1073,2,2,0
ORD000086074,2026-08-08 23:22:11,979.59,1,Apparel,29.52,COD,39.0,CUST013600,111,3,0,427055,Courier_C,3,0.0,0,1,0
ORD000086075,2026-08-08 23:26:40,216.39,1,Jewelry,0.0,COD,49.0,CUST029441,1873,4,0,654364,Courier_C,2,0.0765,1,4,0
ORD000086076,2026-08-08 23:31:14,482.03,1,Apparel,0.0,COD,59.0,CUST003931,849,9,1,651264,Courier_A,1,0.0884,1,9,1
ORD000086077,2026-08-08 23:36:54,1427.24,2,Apparel,0.0,COD,20.0,CUST020284,717,5,0,242120,Courier_D,1,0.2447,0,1,0
ORD000086078,2026-08-08 23:40:29,347.54,3,Apparel,9.2,UPI,0.0,CUST017369,590,4,2,726938,Courier_D,3,0.1018,1,2,0
ORD000086079,2026-08-08 23:41:39,194.16,2,Footwear,0.0,COD,20.0,CUST013870,796,4,0,311815,Courier_B,2,0.096,0,3,0
ORD000086080,2026-08-08 23:42:22,590.03,4,Apparel,0.0,Net Banking,0.0,CUST022926,726,3,0,229964,Courier_C,2,0.2081,0,1,0
ORD000086081,2026-08-08 23:47:38,2484.58,1,Jewelry,0.0,UPI,0.0,CUST002938,101,5,1,860537,Courier_A,2,0.1613,0,1,0
ORD000086082,2026-08-08 23:48:25,1172.36,1,Footwear,0.0,UPI,0.0,CUST024597,44,3,0,880310,Courier_B,3,0.2157,0,1,0
ORD000086083,2026-08-08 23:51:07,460.34,1,Jewelry,11.04,UPI,0.0,CUST010187,141,5,0,488554,Courier_A,3,0.435,3,9,1
ORD000086084,2026-08-08 23:52:34,3236.82,3,Home,0.0,COD,99.0,CUST029624,115,3,0,704552,Courier_A,3,0.2025,3,1,0
ORD000086085,2026-08-08 23:59:55,4121.07,2,Apparel,0.0,UPI,0.0,CUST017942,91,3,0,390647,Courier_C,2,0.2944,2,12,0
ORD000086086,2026-08-09 00:00:40,624.79,2,Electronics,20.52,Credit Card,0.0,CUST015932,227,2,0,352288,Courier_D,1,0.1839,1,1,0
ORD000086087,2026-08-09 00:01:16,2574.46,1,Footwear,5.63,COD,99.0,CUST017886,342,7,0,608217,Courier_A,2,0.1253,0,5,0
ORD000086088,2026-08-09 00:05:37,388.28,2,Home,0.0,COD,39.0,CUST017472,0,0,0,588166,Courier_C,2,0.0928,1,1,0
ORD000086089,2026-08-09 00:12:25,297.55,1,Electronics,15.46,Debit Card,0.0,CUST009704,167,5,0,943373,Courier_C,2,0.4104,5,1,1
ORD000086090,2026-08-09 00:13:17,217.24,1,Electronics,39.72,Net Banking,0.0,CUST020489,421,3,0,368724,Courier_C,1,0.5092,1,1,0
ORD000086091,2026-08-09 00:15:04,411.18,2,Footwear,22.26,UPI,0.0,CUST017245,158,3,0,529534,Courier_A,3,0.188,2,1,0
ORD000086092,2026-08-09 00:17:54,387.2,3,Beauty,21.92,COD,59.0,CUST029708,545,5,0,461780,Courier_E,3,0.1109,1,2,0
ORD000086093,2026-08-09 00:19:18,1794.42,2,Apparel,0.0,UPI,0.0,CUST004574,35,4,0,678032,Courier_B,3,0.4619,0,1,0
ORD000086094,2026-08-09 00:21:26,160.37,1,Electronics,20.11,COD,79.0,CUST016720,47,7,1,871634,Courier_D,3,0.0891,3,1,0
ORD000086095,2026-08-09 00:22:12,372.59,1,Home,0.0,COD,29.0,CUST013137,83,2,0,750843,Courier_C,2,0.1661,1,5,0
ORD000086096,2026-08-09 00:23:35,357.0,1,Electronics,0.0,COD,59.0,CUST017490,64,2,0,126094,Courier_D,3,0.2281,3,1,1
ORD000086097,2026-08-09 00:25:08,105.52,1,Electronics,0.0,UPI,0.0,CUST000054,229,3,0,400584,Courier_D,3,0.2307,1,1,0
ORD000086098,2026-08-09 00:25:18,139.11,1,Footwear,11.32,COD,20.0,CUST019870,1759,7,0,199508,Courier_A,2,0.5634,0,1,0
ORD000086099,2026-08-09 00:26:22,368.54,3,Beauty,17.53,UPI,0.0,CUST028555,150,2,0,339714,Courier_A,2,0.071,1,1,0
ORD000086100,2026-08-09 00:31:04,1107.57,4,Apparel,0.0,UPI,0.0,CUST000570,76,4,0,562598,Courier_D,3,0.0231,1,2,0
ORD000086101,2026-08-09 00:34:42,371.84,1,Jewelry,0.0,UPI,0.0,CUST027124,289,3,0,937947,Courier_E,3,0.2218,2,1,0
ORD000086102,2026-08-09 00:36:04,190.81,2,Home,7.85,COD,49.0,CUST012398,1190,1,0,622523,Courier_B,1,0.1325,0,1,0
ORD000086103,2026-08-09 00:40:20,334.1,1,Home,0.0,COD,49.0,CUST017157,510,4,1,121565,Courier_C,2,0.349,3,12,1
ORD000086104,2026-08-09 00:43:08,1204.46,3,Beauty,15.1,UPI,0.0,CUST024669,312,4,0,206604,Courier_D,1,0.0,0,1,0
ORD000086105,2026-08-09 00:43:58,555.29,3,Electronics,0.0,COD,39.0,CUST022468,101,3,0,853073,Courier_A,3,0.2943,1,1,0
ORD000086106,2026-08-09 00:47:12,565.84,2,Apparel,25.78,Net Banking,0.0,CUST006429,81,5,1,305163,Courier_A,2,0.0323,4,5,0
ORD000086107,2026-08-09 00:48:52,244.58,2,Beauty,0.0,COD,99.0,CUST023310,989,6,0,712536,Courier_E,3,0.0828,1,3,0
ORD000086108,2026-08-09 00:56:59,641.41,1,Beauty,18.92,COD,29.0,CUST027237,121,2,0,537642,Courier_A,2,0.0,0,1,0
ORD000086109,2026-08-09 00:59:12,189.91,3,Footwear,0.0,COD,39.0,CUST019756,292,3,0,983619,Courier_C,1,0.2536,2,1,1
ORD000086110,2026-08-09 01:00:04,990.07,3,Beauty,0.0,COD,29.0,CUST003723,95,1,0,442609,Courier_A,2,0.241,0,1,0
ORD000086111,2026-08-09 01:02:49,687.94,3,Home,0.0,COD,39.0,CUST027414,146,2,0,300933,Courier_A,2,0.2017,1,1,0
ORD000086112,2026-08-09 01:10:06,1458.23,1,Jewelry,0.0,COD,79.0,CUST020492,29,2,0,258959,Courier_A,3,0.1732,0,1,0
ORD000086113,2026-08-09 01:10:15,522.3,1,Footwear,0.0,UPI,0.0,CUST010041,95,3,1,696209,Courier_A,2,0.1473,1,2,0
ORD000086114,2026-08-09 01:11:33,1253.17,2,Apparel,0.0,UPI,0.0,CUST019487,0,0,0,788240,Courier_C,1,0.122,1,3,0
ORD000086115,2026-08-09 01:11:34,1512.31,2,Electronics,24.82,UPI,0.0,CUST027346,233,5,0,334819,Courier_D,2,0.2733,0,1,0
ORD000086116,2026-08-09 01:13:07,664.51,3,Home,0.0,UPI,0.0,CUST006921,129,3,0,531320,Courier_D,2,0.3834,1,15,0
ORD000086117,2026-08-09 01:15:14,191.32,4,Apparel,0.0,COD,59.0,CUST007421,1028,2,0,470612,Courier_D,3,0.263,0,1,1
ORD000086118,2026-08-09 01:15:52,562.51,2,Apparel,0.0,Debit Card,0.0,CUST010738,206,3,0,820543,Courier_C,2,0.0502,4,1,0
ORD000086119,2026-08-09 01:17:33,1301.52,1,Electronics,38.75,Debit Card,0.0,CUST009672,160,5,2,625244,Courier_D,3,0.0,2,1,0
ORD000086120,2026-08-09 01:18:02,518.2,2,Footwear,0.0,UPI,0.0,CUST002470,648,4,0,761154,Courier_A,1,0.1008,0,1,0
ORD000086121,2026-08-09 01:20:55,416.04,2,Footwear,0.0,COD,49.0,CUST025057,294,3,1,401813,Courier_A,2,0.3026,0,1,1
ORD000086122,2026-08-09 01:21:15,679.02,3,Apparel,14.36,Credit Card,0.0,CUST002911,1359,1,0,714776,Courier_A,3,0.1967,1,13,0
ORD000086123,2026-08-09 01:28:46,558.22,5,Apparel,0.0,Debit Card,0.0,CUST026266,115,1,0,385326,Courier_B,2,0.1547,0,1,1
ORD000086124,2026-08-09 01:29:56,231.8,1,Footwear,8.44,COD,39.0,CUST004934,107,5,1,667890,Courier_A,1,0.1982,3,1,0
ORD000086125,2026-08-09 01:30:42,229.4,2,Footwear,14.45,COD,99.0,CUST005767,162,3,0,619405,Courier_E,2,0.2224,2,1,0
ORD000086126,2026-08-09 01:34:16,800.54,1,Apparel,0.0,COD,59.0,CUST002177,206,1,0,597740,Courier_A,1,0.2674,0,1,0
ORD000086127,2026-08-09 01:40:06,721.88,2,Footwear,0.0,UPI,0.0,CUST021169,83,5,0,554014,Courier_D,3,0.3335,4,1,0
ORD000086128,2026-08-09 01:43:04,972.08,3,Electronics,22.01,COD,39.0,CUST010707,381,2,0,670883,Courier_C,1,0.0973,2,1,0
ORD000086129,2026-08-09 01:43:04,720.91,1,Apparel,15.69,UPI,0.0,CUST003058,32,3,0,476035,Courier_D,1,0.2455,0,1,0
ORD000086130,2026-08-09 01:48:01,1109.21,1,Electronics,12.42,Debit Card,0.0,CUST021485,94,6,0,815371,Courier_A,2,0.2327,1,1,0
ORD000086131,2026-08-09 01:54:50,1652.71,2,Footwear,0.0,COD,49.0,CUST017926,617,4,0,610234,Courier_B,3,0.1378,2,1,0
ORD000086132,2026-08-09 02:01:57,1968.53,2,Home,0.0,UPI,0.0,CUST000977,179,6,0,248039,Courier_A,2,0.2065,1,1,0
ORD000086133,2026-08-09 02:03:11,665.55,2,Footwear,18.96,COD,49.0,CUST017288,0,0,0,684370,Courier_B,1,0.2798,2,5,1
ORD000086134,2026-08-09 02:09:46,1905.91,3,Electronics,30.71,UPI,0.0,CUST018109,352,3,0,492669,Courier_D,2,0.0401,0,1,0
ORD000086135,2026-08-09 02:11:12,831.78,1,Footwear,7.75,COD,59.0,CUST023410,81,6,0,652739,Courier_E,3,0.2205,2,4,1
ORD000086136,2026-08-09 02:13:27,248.2,6,Electronics,41.83,Credit Card,0.0,CUST024038,1740,5,0,863406,Courier_E,1,0.0688,4,1,0
ORD000086137,2026-08-09 02:13:47,387.42,2,Jewelry,32.06,COD,49.0,CUST014423,280,6,1,703529,Courier_E,1,0.0661,5,1,1
ORD000086138,2026-08-09 02:17:12,2248.52,2,Apparel,0.0,UPI,0.0,CUST018108,216,1,0,390647,Courier_B,2,0.3491,2,1,0
ORD000086139,2026-08-09 02:18:04,483.58,1,Home,18.83,COD,39.0,CUST022246,146,4,0,545658,Courier_B,3,0.1615,1,1,0
ORD000086140,2026-08-09 02:21:05,302.85,1,Electronics,34.46,COD,29.0,CUST026166,35,6,0,729178,Courier_A,3,0.0069,1,1,1
ORD000086141,2026-08-09 02:23:49,1181.72,1,Jewelry,0.0,COD,49.0,CUST014864,107,4,0,770577,Courier_E,3,0.3047,1,4,0
ORD000086142,2026-08-09 02:24:46,322.84,1,Jewelry,58.4,COD,20.0,CUST001115,439,3,0,103940,Courier_A,1,0.1129,0,2,0
ORD000086143,2026-08-09 02:29:46,744.91,3,Electronics,0.0,UPI,0.0,CUST002964,3650,2,0,591396,Courier_E,1,0.3343,1,1,0
ORD000086144,2026-08-09 02:32:47,253.37,4,Apparel,54.45,Credit Card,0.0,CUST004745,139,7,1,158414,Courier_C,1,0.0398,2,1,0
ORD000086145,2026-08-09 02:37:57,3693.59,3,Apparel,12.42,COD,39.0,CUST028318,0,0,0,757288,Courier_E,2,0.3178,0,8,0
ORD000086146,2026-08-09 02:38:54,1031.0,3,Home,16.5,Debit Card,0.0,CUST014508,114,4,1,236956,Courier_A,1,0.0601,5,3,0
ORD000086147,2026-08-09 02:40:08,414.45,2,Apparel,10.57,COD,49.0,CUST017366,594,1,0,252402,Courier_B,1,0.0868,3,1,0
ORD000086148,2026-08-09 02:41:31,420.14,1,Apparel,28.58,Credit Card,0.0,CUST014733,922,4,0,733081,Courier_C,3,0.1483,1,1,0
ORD000086149,2026-08-09 02:43:08,347.41,4,Beauty,0.0,Credit Card,0.0,CUST023810,294,5,0,522163,Courier_B,3,0.232,1,3,0
ORD000086150,2026-08-09 02:46:29,457.66,3,Beauty,0.0,COD,29.0,CUST013438,538,3,0,136130,Courier_C,2,0.2593,0,1,0
ORD000086151,2026-08-09 02:52:39,50.0,1,Apparel,40.86,Credit Card,0.0,CUST007360,219,4,0,823673,Courier_C,3,0.0777,0,1,0
ORD000086152,2026-08-09 02:52:44,81.98,1,Footwear,11.06,Credit Card,0.0,CUST006150,282,8,0,492669,Courier_C,2,0.0796,2,1,0
ORD000086153,2026-08-09 02:54:06,150.11,3,Apparel,13.25,COD,39.0,CUST012913,441,3,0,371186,Courier_A,2,0.1848,4,1,1
ORD000086154,2026-08-09 02:54:27,180.81,1,Apparel,0.0,UPI,0.0,CUST017690,108,5,1,148019,Courier_C,2,0.1828,2,1,0
ORD000086155,2026-08-09 02:54:50,356.66,1,Apparel,27.91,Net Banking,0.0,CUST000866,742,4,0,734020,Courier_A,3,0.1503,4,1,0
ORD000086156,2026-08-09 02:56:11,1788.84,3,Apparel,6.6,Debit Card,0.0,CUST012506,518,6,0,670233,Courier_D,3,0.1326,5,1,0
ORD000086157,2026-08-09 02:57:06,119.39,2,Beauty,0.0,COD,39.0,CUST017718,1214,5,0,131194,Courier_A,2,0.1743,3,1,0
ORD000086158,2026-08-09 02:57:47,105.06,2,Home,17.23,COD,49.0,CUST012011,215,3,0,808680,Courier_B,2,0.2538,2,1,0
ORD000086159,2026-08-09 03:00:17,678.79,2,Beauty,0.0,UPI,0.0,CUST001899,372,2,0,700975,Courier_B,1,0.1735,0,1,0
ORD000086160,2026-08-09 03:05:34,1741.87,1,Beauty,0.0,COD,99.0,CUST028692,182,6,0,729597,Courier_B,2,0.2575,3,1,0
ORD000086161,2026-08-09 03:07:20,162.39,1,Footwear,10.49,Debit Card,0.0,CUST022141,674,0,0,491298,Courier_D,1,0.148,1,3,0
ORD000086162,2026-08-09 03:12:36,261.79,1,Jewelry,35.93,COD,39.0,CUST024403,256,3,1,666211,Courier_C,1,0.3747,1,2,1
ORD000086163,2026-08-09 03:23:25,253.98,2,Beauty,0.0,UPI,0.0,CUST005382,137,2,0,764258,Courier_B,3,0.2442,2,1,0
ORD000086164,2026-08-09 03:24:09,597.14,2,Electronics,0.0,COD,20.0,CUST019992,411,6,0,359234,Courier_B,2,0.0667,2,4,1
ORD000086165,2026-08-09 03:24:51,322.97,3,Electronics,0.0,COD,39.0,CUST013463,329,5,1,849763,Courier_A,1,0.396,4,1,1
ORD000086166,2026-08-09 03:27:55,533.04,2,Electronics,0.0,COD,99.0,CUST003579,299,2,0,151500,Courier_B,1,0.1347,4,1,0
ORD000086167,2026-08-09 03:30:33,986.55,3,Footwear,0.0,COD,29.0,CUST006469,111,2,0,116154,Courier_B,2,0.2663,1,1,1
ORD000086168,2026-08-09 03:32:44,526.03,2,Beauty,0.0,Net Banking,0.0,CUST011294,373,2,0,526706,Courier_C,2,0.329,2,1,0
ORD000086169,2026-08-09 03:33:27,1271.93,3,Electronics,28.01,UPI,0.0,CUST019725,1431,6,1,839684,Courier_B,1,0.2662,0,1,0
ORD000086170,2026-08-09 03:33:53,1197.16,2,Home,0.0,COD,39.0,CUST019074,112,4,0,436057,Courier_C,2,0.0672,0,1,0
ORD000086171,2026-08-09 03:41:47,355.13,3,Apparel,0.0,COD,39.0,CUST018475,229,4,1,729799,Courier_E,1,0.501,0,4,0
ORD000086172,2026-08-09 03:42:45,381.7,3,Apparel,14.6,UPI,0.0,CUST001947,0,0,0,501177,Courier_A,3,0.1599,0,5,0
ORD000086173,2026-08-09 03:45:12,268.19,1,Footwear,1.37,COD,79.0,CUST013276,135,4,0,469380,Courier_D,3,0.1117,2,2,0
ORD000086174,2026-08-09 03:49:30,1371.4,2,Home,40.57,COD,59.0,CUST018359,112,2,0,238180,Courier_A,3,0.0571,0,1,1
ORD000086175,2026-08-09 03:52:19,317.83,2,Electronics,0.0,Net Banking,0.0,CUST017443,0,0,0,147717,Courier_C,1,0.0663,1,1,1
ORD000086176,2026-08-09 03:53:45,416.52,3,Footwear,34.87,UPI,0.0,CUST023735,417,4,0,136130,Courier_B,2,0.2632,2,2,0
ORD000086177,2026-08-09 03:54:51,328.86,1,Footwear,10.35,UPI,0.0,CUST029790,287,3,0,937947,Courier_D,3,0.2336,2,1,1
ORD000086178,2026-08-09 03:58:33,201.09,2,Beauty,35.94,COD,39.0,CUST007872,295,4,0,258357,Courier_C,2,0.3667,1,2,0
ORD000086179,2026-08-09 04:03:24,1420.39,1,Apparel,10.64,COD,49.0,CUST009948,174,2,0,801962,Courier_C,3,0.1826,1,1,0
ORD000086180,2026-08-09 04:07:11,3292.57,1,Electronics,24.4,UPI,0.0,CUST003256,44,2,0,185715,Courier_C,2,0.0,0,1,0
ORD000086181,2026-08-09 04:13:09,166.77,2,Beauty,0.0,UPI,0.0,CUST028939,766,6,0,151500,Courier_C,1,0.1496,3,2,0
ORD000086182,2026-08-09 04:14:10,410.48,1,Beauty,17.97,UPI,0.0,CUST009325,588,5,0,726938,Courier_A,3,0.0884,0,1,0
ORD000086183,2026-08-09 04:17:32,236.35,1,Apparel,6.13,Credit Card,0.0,CUST015656,807,3,0,353929,Courier_D,2,0.2857,2,2,0
ORD000086184,2026-08-09 04:27:38,863.53,2,Apparel,16.3,Credit Card,0.0,CUST028111,104,3,0,868822,Courier_B,3,0.0675,1,1,0
ORD000086185,2026-08-09 04:33:27,1058.8,2,Apparel,28.75,COD,39.0,CUST014412,117,4,0,688411,Courier_A,3,0.0467,2,6,0
ORD000086186,2026-08-09 04:35:20,2192.73,3,Electronics,22.03,Debit Card,0.0,CUST027272,149,4,0,816723,Courier_B,2,0.3359,2,3,0
ORD000086187,2026-08-09 04:43:44,1858.48,2,Beauty,29.5,Credit Card,0.0,CUST005937,230,2,0,240669,Courier_D,2,0.1517,0,14,0
ORD000086188,2026-08-09 04:46:54,1359.7,2,Footwear,0.0,COD,79.0,CUST019613,98,5,1,813547,Courier_A,1,0.1012,3,1,0
ORD000086189,2026-08-09 04:54:14,376.81,1,Home,0.0,UPI,0.0,CUST017994,120,2,0,590119,Courier_C,3,0.0071,2,1,1
ORD000086190,2026-08-09 04:56:49,955.76,2,Electronics,0.0,Debit Card,0.0,CUST027974,152,2,0,592322,Courier_A,2,0.1027,3,11,0
ORD000086191,2026-08-09 04:57:08,1097.56,2,Footwear,0.0,COD,59.0,CUST001524,281,2,0,327967,Courier_B,1,0.183,2,1,1
ORD000086192,2026-08-09 04:59:51,361.16,1,Beauty,27.86,COD,39.0,CUST015675,42,4,1,550369,Courier_C,2,0.2197,1,2,0
ORD000086193,2026-08-09 05:05:16,521.27,2,Jewelry,0.0,COD,29.0,CUST006684,118,0,0,823556,Courier_E,2,0.1453,1,1,1
ORD000086194,2026-08-09 05:05:25,725.01,2,Electronics,0.0,UPI,0.0,CUST029156,51,2,1,666211,Courier_A,1,0.3679,3,4,0
ORD000086195,2026-08-09 05:05:31,2096.43,1,Home,7.4,COD,20.0,CUST011185,125,4,2,629305,Courier_B,3,0.0812,0,1,0
ORD000086196,2026-08-09 05:10:12,229.33,2,Beauty,15.65,COD,49.0,CUST012905,88,3,0,683142,Courier_D,3,0.084,2,4,0
ORD000086197,2026-08-09 05:11:51,678.4,3,Electronics,0.0,Credit Card,0.0,CUST011834,602,3,0,498642,Courier_E,2,0.417,1,3,1
ORD000086198,2026-08-09 05:16:49,307.36,1,Apparel,6.15,COD,39.0,CUST001811,422,0,0,670883,Courier_B,1,0.0848,2,1,0
ORD000086199,2026-08-09 05:19:15,2371.64,1,Beauty,29.61,Debit Card,0.0,CUST002239,37,2,0,820543,Courier_C,2,0.0138,3,1,0
ORD000086200,2026-08-09 05:21:09,359.54,3,Apparel,7.95,Debit Card,0.0,CUST022340,339,2,1,615126,Courier_B,1,0.0804,2,1,0
ORD000086201,2026-08-09 05:22:08,635.76,1,Home,26.66,Net Banking,0.0,CUST023532,121,6,0,738553,Courier_A,3,0.1185,1,1,0
ORD000086202,2026-08-09 05:24:50,363.29,2,Footwear,0.0,COD,59.0,CUST027623,84,3,0,287382,Courier_E,1,0.1287,2,1,0
ORD000086203,2026-08-09 05:38:49,168.17,3,Footwear,16.72,COD,79.0,CUST006841,110,5,0,225693,Courier_C,2,0.2344,2,1,0
ORD000086204,2026-08-09 05:39:06,771.78,2,Electronics,0.0,UPI,0.0,CUST016896,0,0,0,304008,Courier_A,3,0.2417,0,1,0
ORD000086205,2026-08-09 05:41:22,1350.85,1,Electronics,18.1,Credit Card,0.0,CUST023153,103,2,0,539241,Courier_E,3,0.1972,2,8,0
ORD000086206,2026-08-09 05:46:23,664.58,2,Electronics,0.0,COD,39.0,CUST023471,77,3,0,236956,Courier_C,1,0.0113,1,20,1
ORD000086207,2026-08-09 05:46:25,402.18,2,Footwear,0.0,UPI,0.0,CUST002688,66,7,1,121565,Courier_C,2,0.306,1,5,0
ORD000086208,2026-08-09 05:47:58,2775.34,3,Electronics,24.01,UPI,0.0,CUST011759,870,3,0,848275,Courier_C,2,0.0684,2,5,0
ORD000086209,2026-08-09 05:56:18,175.83,1,Apparel,12.21,UPI,0.0,CUST006675,68,5,0,207727,Courier_B,3,0.1005,2,1,0
ORD000086210,2026-08-09 05:57:29,672.9,2,Electronics,38.14,COD,49.0,CUST012976,31,4,0,400584,Courier_A,3,0.3,1,1,0
ORD000086211,2026-08-09 05:59:20,448.44,2,Apparel,40.21,COD,49.0,CUST010648,198,3,0,889948,Courier_C,2,0.0951,0,3,0
ORD000086212,2026-08-09 06:00:00,385.3,2,Jewelry,17.47,UPI,0.0,CUST024580,900,2,0,684266,Courier_B,3,0.2501,0,4,0
ORD000086213,2026-08-09 06:00:27,275.98,1,Electronics,20.7,Credit Card,0.0,CUST024977,282,1,0,717194,Courier_A,3,0.1914,2,1,0
ORD000086214,2026-08-09 06:04:31,515.63,2,Apparel,29.13,COD,79.0,CUST002461,685,2,0,688461,Courier_A,3,0.1211,2,1,0
ORD000086215,2026-08-09 06:06:33,1758.74,1,Apparel,0.0,COD,29.0,CUST019001,217,2,0,204309,Courier_A,2,0.0479,3,4,1
ORD000086216,2026-08-09 06:07:59,1486.69,1,Jewelry,26.58,COD,79.0,CUST019669,466,5,0,316704,Courier_D,2,0.2779,1,1,0
ORD000086217,2026-08-09 06:09:49,994.11,2,Apparel,0.0,Credit Card,0.0,CUST016882,159,1,0,126094,Courier_D,3,0.1679,2,1,0
ORD000086218,2026-08-09 06:11:19,654.47,2,Beauty,0.0,Debit Card,0.0,CUST016974,509,6,0,666934,Courier_B,3,0.1367,1,7,0
ORD000086219,2026-08-09 06:14:12,316.96,4,Electronics,32.19,Debit Card,0.0,CUST011351,467,3,0,504905,Courier_B,3,0.27,2,1,0
ORD000086220,2026-08-09 06:15:28,102.99,2,Apparel,32.46,Net Banking,0.0,CUST000111,1394,5,2,113112,Courier_B,3,0.0288,1,1,0
ORD000086221,2026-08-09 06:16:09,1264.87,1,Apparel,0.0,COD,59.0,CUST019069,300,4,0,598248,Courier_E,1,0.0342,3,13,1
ORD000086222,2026-08-09 06:17:48,460.92,5,Electronics,0.0,Credit Card,0.0,CUST013801,225,4,0,597542,Courier_A,3,0.0365,0,1,0
ORD000086223,2026-08-09 06:18:10,835.26,3,Beauty,0.0,COD,39.0,CUST014198,266,1,0,876950,Courier_D,3,0.1192,1,6,0
ORD000086224,2026-08-09 06:20:56,640.61,1,Apparel,21.14,COD,29.0,CUST014847,693,5,0,340088,Courier_E,3,0.1955,2,1,1
ORD000086225,2026-08-09 06:22:52,201.91,1,Apparel,0.0,UPI,0.0,CUST018322,128,2,0,421903,Courier_B,2,0.0351,0,1,0
ORD000086226,2026-08-09 06:25:15,2175.94,5,Jewelry,36.31,UPI,0.0,CUST012429,575,4,0,804118,Courier_A,3,0.327,1,1,0
ORD000086227,2026-08-09 06:29:49,1436.96,4,Apparel,0.0,COD,39.0,CUST001205,52,2,0,346532,Courier_B,2,0.1542,0,1,0
ORD000086228,2026-08-09 06:35:33,659.13,2,Beauty,19.49,COD,49.0,CUST008285,192,3,0,615198,Courier_D,2,0.0145,0,1,0
ORD000086229,2026-08-09 06:35:51,525.93,1,Home,6.06,Credit Card,0.0,CUST018663,148,2,0,528196,Courier_A,1,0.3028,0,1,1
ORD000086230,2026-08-09 06:36:36,2473.03,2,Jewelry,0.0,Credit Card,0.0,CUST000807,45,6,1,729750,Courier_A,2,0.2479,0,1,0
ORD000086231,2026-08-09 06:41:24,1012.93,1,Apparel,8.78,UPI,0.0,CUST027054,268,2,0,577420,Courier_A,3,0.2615,2,1,0
ORD000086232,2026-08-09 06:49:16,319.17,2,Electronics,0.0,UPI,0.0,CUST020955,123,5,0,519251,Courier_A,1,0.2619,1,1,1
ORD000086233,2026-08-09 06:52:57,849.42,3,Footwear,25.38,COD,49.0,CUST015760,185,6,0,770577,Courier_A,3,0.3553,0,1,0
ORD000086234,2026-08-09 07:00:40,712.58,4,Footwear,9.32,UPI,0.0,CUST024841,309,2,0,777635,Courier_A,3,0.105,0,1,0
ORD000086235,2026-08-09 07:05:03,931.22,3,Apparel,18.47,COD,39.0,CUST003667,90,1,0,557486,Courier_D,2,0.0209,3,4,0
ORD000086236,2026-08-09 07:08:11,503.38,1,Footwear,22.85,COD,49.0,CUST001907,137,2,0,609182,Courier_E,2,0.1088,1,1,0
ORD000086237,2026-08-09 07:08:20,530.05,1,Jewelry,0.0,UPI,0.0,CUST005083,165,3,0,139108,Courier_A,1,0.1613,0,1,0
ORD000086238,2026-08-09 07:12:40,1135.72,1,Electronics,0.0,COD,79.0,CUST016013,148,4,0,140279,Courier_A,2,0.1971,0,1,1
ORD000086239,2026-08-09 07:16:09,348.78,2,Apparel,0.0,Debit Card,0.0,CUST011089,1516,2,0,997626,Courier_C,2,0.1135,3,4,0
ORD000086240,2026-08-09 07:18:52,771.45,2,Electronics,0.0,UPI,0.0,CUST028766,1803,4,0,819092,Courier_B,1,0.0552,3,5,0
ORD000086241,2026-08-09 07:20:27,125.69,2,Apparel,0.0,UPI,0.0,CUST014826,640,3,0,319318,Courier_D,2,0.5366,3,1,1
ORD000086242,2026-08-09 07:20:49,651.89,4,Apparel,12.16,Credit Card,0.0,CUST012483,214,3,1,819092,Courier_B,1,0.0923,1,1,0
ORD000086243,2026-08-09 07:22:51,255.17,3,Apparel,0.0,UPI,0.0,CUST019542,269,4,0,806683,Courier_B,2,0.2015,3,7,0
ORD000086244,2026-08-09 07:22:54,497.39,1,Electronics,0.0,Credit Card,0.0,CUST002997,202,2,0,427055,Courier_A,3,0.0,0,2,0
ORD000086245,2026-08-09 07:28:43,414.35,2,Jewelry,0.0,UPI,0.0,CUST016782,51,3,0,314662,Courier_D,1,0.1549,2,2,0
ORD000086246,2026-08-09 07:33:48,1007.91,1,Jewelry,0.0,UPI,0.0,CUST003892,66,2,0,371116,Courier_A,1,0.1794,0,1,0
ORD000086247,2026-08-09 07:39:50,2762.45,4,Apparel,0.0,COD,59.0,CUST025471,408,3,0,670883,Courier_B,1,0.0925,0,1,0
ORD000086248,2026-08-09 07:40:23,1149.73,2,Footwear,0.0,Credit Card,0.0,CUST005160,498,4,0,144307,Courier_A,2,0.1947,4,5,0
ORD000086249,2026-08-09 07:41:24,604.09,3,Footwear,0.0,COD,20.0,CUST016045,120,3,0,598590,Courier_A,2,0.2652,4,1,0
ORD000086250,2026-08-09 07:50:21,827.65,3,Electronics,0.0,COD,20.0,CUST002865,234,6,0,108917,Courier_A,2,0.1796,0,5,0
ORD000086251,2026-08-09 07:50:56,245.44,2,Electronics,0.0,COD,59.0,CUST004568,122,4,0,754764,Courier_D,3,0.3197,1,1,1
ORD000086252,2026-08-09 07:53:12,271.15,1,Footwear,9.14,COD,49.0,CUST010192,381,4,1,762977,Courier_B,3,0.5684,2,1,1
ORD000086253,2026-08-09 07:53:24,1085.54,2,Footwear,0.0,COD,29.0,CUST021276,496,0,0,953016,Courier_C,3,0.1493,2,1,0
ORD000086254,2026-08-09 07:59:49,186.71,1,Footwear,0.0,Net Banking,0.0,CUST014274,767,7,1,821214,Courier_B,1,0.2865,2,1,0
ORD000086255,2026-08-09 08:01:53,1580.58,2,Jewelry,43.82,Credit Card,0.0,CUST004383,201,4,0,835190,Courier_C,2,0.47,1,1,0
ORD000086256,2026-08-09 08:08:19,1616.31,6,Apparel,0.0,COD,59.0,CUST022903,284,5,0,620849,Courier_C,2,0.2069,0,1,0
ORD000086257,2026-08-09 08:12:31,2486.54,3,Beauty,29.98,UPI,0.0,CUST018591,89,0,0,122576,Courier_A,2,0.2451,1,1,0
ORD000086258,2026-08-09 08:13:18,1212.7,2,Electronics,15.84,COD,29.0,CUST008115,280,5,2,282330,Courier_B,2,0.4304,3,1,0
ORD000086259,2026-08-09 08:14:45,1539.7,3,Electronics,0.0,COD,79.0,CUST018033,249,3,0,388183,Courier_B,3,0.0482,0,1,0
ORD000086260,2026-08-09 08:17:59,56.15,1,Apparel,0.0,COD,49.0,CUST000200,80,5,0,386699,Courier_A,1,0.2309,3,16,0
ORD000086261,2026-08-09 08:19:47,1747.01,4,Apparel,20.72,UPI,0.0,CUST017430,284,4,1,964105,Courier_A,2,0.3278,2,5,1
ORD000086262,2026-08-09 08:20:50,1703.43,2,Footwear,0.0,UPI,0.0,CUST008969,481,2,0,225738,Courier_C,2,0.0,0,1,0
ORD000086263,2026-08-09 08:25:22,1953.63,4,Apparel,0.0,UPI,0.0,CUST018173,169,4,1,856071,Courier_B,2,0.1823,1,1,0
ORD000086264,2026-08-09 08:33:09,890.06,5,Beauty,0.0,UPI,0.0,CUST008993,602,3,1,901936,Courier_A,1,0.2973,0,5,0
ORD000086265,2026-08-09 08:33:14,401.27,3,Apparel,0.0,UPI,0.0,CUST009095,358,7,0,204309,Courier_A,2,0.0573,1,2,0
ORD000086266,2026-08-09 08:33:31,878.64,3,Beauty,29.3,Credit Card,0.0,CUST017431,309,3,1,806683,Courier_C,2,0.2214,0,3,0
ORD000086267,2026-08-09 08:36:00,1547.89,2,Beauty,0.0,UPI,0.0,CUST012862,310,3,0,144307,Courier_B,2,0.1629,1,4,0
ORD000086268,2026-08-09 08:36:08,192.94,1,Apparel,0.0,COD,59.0,CUST010819,509,2,0,837709,Courier_B,2,0.2433,3,3,1
ORD000086269,2026-08-09 08:41:15,594.78,5,Beauty,0.0,COD,39.0,CUST017969,266,4,0,597740,Courier_E,1,0.2972,0,1,1
ORD000086270,2026-08-09 08:44:06,927.75,1,Beauty,0.0,COD,59.0,CUST021500,179,3,1,554597,Courier_B,2,0.0511,1,4,0
ORD000086271,2026-08-09 08:46:00,2793.17,1,Apparel,18.96,UPI,0.0,CUST009981,117,3,0,981895,Courier_A,1,0.1082,2,1,0
ORD000086272,2026-08-09 08:48:43,481.87,2,Apparel,21.2,COD,59.0,CUST029529,528,6,1,461780,Courier_A,3,0.178,1,1,1
ORD000086273,2026-08-09 08:57:51,409.18,3,Beauty,9.8,COD,49.0,CUST019359,460,2,1,799804,Courier_C,2,0.2943,1,2,0
ORD000086274,2026-08-09 09:03:07,823.41,4,Apparel,9.89,UPI,0.0,CUST028960,155,4,1,659264,Courier_B,2,0.3331,2,1,0
ORD000086275,2026-08-09 09:04:55,364.48,3,Beauty,6.5,Credit Card,0.0,CUST002772,112,1,0,813189,Courier_C,3,0.208,0,1,1
ORD000086276,2026-08-09 09:06:08,279.2,1,Apparel,0.0,Credit Card,0.0,CUST024853,797,3,0,688411,Courier_D,3,0.0372,4,5,0
ORD000086277,2026-08-09 09:06:35,843.17,5,Home,0.0,Credit Card,0.0,CUST026834,238,3,0,530251,Courier_B,1,0.0724,1,1,0
ORD000086278,2026-08-09 09:12:39,595.48,1,Footwear,0.0,COD,99.0,CUST024395,206,1,0,111069,Courier_B,2,0.5199,2,1,1
ORD000086279,2026-08-09 09:12:54,690.4,2,Beauty,27.28,COD,79.0,CUST022514,370,5,0,436577,Courier_D,2,0.0769,1,15,0
ORD000086280,2026-08-09 09:15:33,253.38,2,Apparel,44.9,Credit Card,0.0,CUST007339,42,3,0,636120,Courier_D,1,0.1606,3,2,0
ORD000086281,2026-08-09 09:17:32,742.79,2,Apparel,2.5,UPI,0.0,CUST013371,233,3,0,382916,Courier_C,1,0.0332,1,1,0
ORD000086282,2026-08-09 09:24:32,484.98,4,Home,6.0,COD,39.0,CUST025361,820,1,0,660873,Courier_C,1,0.1701,0,2,0
ORD000086283,2026-08-09 09:26:10,284.07,1,Footwear,0.0,Debit Card,0.0,CUST001985,87,7,0,589943,Courier_C,3,0.2949,0,5,1
ORD000086284,2026-08-09 09:27:00,896.54,1,Electronics,0.0,COD,99.0,CUST005297,50,4,1,942045,Courier_C,3,0.2481,2,1,1
ORD000086285,2026-08-09 09:33:17,767.32,2,Electronics,36.52,UPI,0.0,CUST026362,431,5,0,715917,Courier_B,2,0.2233,2,1,1
ORD000086286,2026-08-09 09:39:34,1806.4,2,Footwear,23.85,Credit Card,0.0,CUST001729,195,1,0,501836,Courier_C,2,0.0188,2,2,0
ORD000086287,2026-08-09 09:40:47,1167.73,3,Beauty,0.0,Credit Card,0.0,CUST010574,119,2,0,239673,Courier_A,3,0.2605,2,1,0
ORD000086288,2026-08-09 09:42:04,754.37,1,Electronics,42.85,COD,59.0,CUST017012,393,1,0,227041,Courier_A,1,0.2032,1,3,0
ORD000086289,2026-08-09 09:43:59,870.6,4,Apparel,25.38,UPI,0.0,CUST026112,484,5,1,931926,Courier_D,2,0.076,2,17,0
ORD000086290,2026-08-09 09:49:25,1256.56,1,Jewelry,0.0,UPI,0.0,CUST029183,283,6,0,473913,Courier_B,3,0.2667,5,4,1
ORD000086291,2026-08-09 09:53:36,946.48,2,Apparel,16.94,Debit Card,0.0,CUST025868,1544,5,0,962006,Courier_A,3,0.1324,1,1,0
ORD000086292,2026-08-09 09:54:30,1590.87,3,Electronics,0.0,COD,49.0,CUST014645,390,1,1,377565,Courier_A,2,0.0655,0,1,1
ORD000086293,2026-08-09 09:55:49,1010.08,3,Apparel,24.21,Credit Card,0.0,CUST010008,315,2,0,587634,Courier_A,1,0.2028,0,1,0
ORD000086294,2026-08-09 09:57:32,302.78,1,Jewelry,5.21,Credit Card,0.0,CUST024240,44,5,0,664785,Courier_E,3,0.1041,1,1,0
ORD000086295,2026-08-09 09:57:46,701.21,4,Apparel,9.87,COD,39.0,CUST027249,1676,1,0,571156,Courier_E,1,0.057,2,1,0
ORD000086296,2026-08-09 09:59:59,767.41,2,Beauty,0.0,Debit Card,0.0,CUST021735,1040,8,0,529534,Courier_A,3,0.1334,0,5,0
ORD000086297,2026-08-09 10:00:12,564.58,2,Beauty,0.0,COD,79.0,CUST019165,1115,2,0,792986,Courier_A,1,0.2733,4,4,0
ORD000086298,2026-08-09 10:02:15,1058.66,2,Home,0.0,COD,79.0,CUST008210,1241,4,0,666211,Courier_A,1,0.3694,3,1,0
ORD000086299,2026-08-09 10:04:01,3040.47,2,Beauty,0.0,COD,49.0,CUST013220,436,2,0,966251,Courier_D,1,0.1435,1,1,0
ORD000086300,2026-08-09 10:04:28,276.48,3,Electronics,22.02,UPI,0.0,CUST018360,505,4,0,245011,Courier_D,3,0.0793,0,1,0
ORD000086301,2026-08-09 10:08:30,2886.48,1,Beauty,19.87,Credit Card,0.0,CUST022479,493,1,0,177611,Courier_B,3,0.247,1,3,0
ORD000086302,2026-08-09 10:08:53,367.07,3,Electronics,0.0,COD,20.0,CUST014595,15,2,0,408056,Courier_B,1,0.3338,4,5,1
ORD000086303,2026-08-09 10:19:35,805.63,2,Electronics,0.0,COD,29.0,CUST011174,652,2,0,360723,Courier_B,2,0.2342,1,4,0
ORD000086304,2026-08-09 10:24:09,559.47,2,Home,16.12,Credit Card,0.0,CUST000133,596,4,0,144307,Courier_E,2,0.2039,2,1,0
ORD000086305,2026-08-09 10:25:10,2115.58,2,Beauty,0.0,UPI,0.0,CUST028524,212,3,1,750843,Courier_B,2,0.1706,2,1,0
ORD000086306,2026-08-09 10:27:45,263.0,2,Apparel,0.0,UPI,0.0,CUST004732,227,1,0,594225,Courier_D,1,0.0151,2,5,0
ORD000086307,2026-08-09 10:31:17,269.55,1,Footwear,0.0,Credit Card,0.0,CUST025208,1753,4,0,168637,Courier_D,2,0.2109,1,1,1
ORD000086308,2026-08-09 10:33:41,626.64,3,Apparel,7.25,Debit Card,0.0,CUST026171,679,1,0,310345,Courier_A,1,0.2294,2,1,1
ORD000086309,2026-08-09 10:38:12,275.92,1,Beauty,0.0,COD,79.0,CUST021974,45,4,0,789126,Courier_B,3,0.2345,3,1,0
ORD000086310,2026-08-09 10:39:09,216.98,3,Beauty,10.86,COD,20.0,CUST028011,226,2,0,282095,Courier_B,2,0.086,2,15,0
ORD000086311,2026-08-09 10:39:36,116.87,2,Apparel,17.15,Net Banking,0.0,CUST025539,451,2,0,563213,Courier_D,2,0.2952,1,1,0
ORD000086312,2026-08-09 10:41:53,708.65,2,Electronics,0.0,COD,59.0,CUST014404,63,3,0,738553,Courier_A,3,0.1966,0,1,0
ORD000086313,2026-08-09 10:51:33,119.12,1,Jewelry,7.16,UPI,0.0,CUST007186,101,7,0,108917,Courier_E,2,0.1989,2,1,0
ORD000086314,2026-08-09 10:53:52,1500.07,2,Jewelry,12.43,UPI,0.0,CUST015384,848,2,0,645104,Courier_B,1,0.0212,1,2,0
ORD000086315,2026-08-09 10:57:03,883.74,2,Apparel,0.0,Debit Card,0.0,CUST003374,210,3,0,529534,Courier_D,3,0.2466,0,1,0
ORD000086316,2026-08-09 11:00:47,492.83,4,Beauty,23.45,COD,49.0,CUST024188,42,6,0,738836,Courier_E,2,0.2577,4,1,0
ORD000086317,2026-08-09 11:05:25,1847.23,4,Electronics,27.2,COD,99.0,CUST000403,378,3,1,367081,Courier_C,2,0.1873,2,1,0
ORD000086318,2026-08-09 11:06:13,387.1,2,Apparel,0.0,Net Banking,0.0,CUST029026,181,4,0,448379,Courier_B,2,0.4059,3,1,0
ORD000086319,2026-08-09 11:09:42,626.83,2,Home,18.01,COD,39.0,CUST023576,134,4,0,704552,Courier_C,3,0.1797,2,1,0
ORD000086320,2026-08-09 11:11:29,383.35,1,Apparel,0.0,UPI,0.0,CUST006942,626,7,0,238180,Courier_D,3,0.0979,1,1,0
ORD000086321,2026-08-09 11:14:45,953.24,2,Electronics,11.42,COD,29.0,CUST018809,181,2,0,353006,Courier_A,3,0.1079,0,1,0
ORD000086322,2026-08-09 11:16:11,377.28,2,Apparel,25.35,COD,29.0,CUST009402,99,4,1,196023,Courier_D,3,0.1856,0,1,0
ORD000086323,2026-08-09 11:18:07,716.4,1,Beauty,0.0,UPI,0.0,CUST004712,61,1,0,690537,Courier_C,3,0.3087,1,3,0
ORD000086324,2026-08-09 11:19:04,290.51,3,Apparel,58.3,Debit Card,0.0,CUST004888,144,4,0,763562,Courier_A,1,0.0427,4,1,0
ORD000086325,2026-08-09 11:20:52,412.34,2,Home,0.0,COD,79.0,CUST024052,222,3,0,217877,Courier_E,3,0.3579,2,3,0
ORD000086326,2026-08-09 11:21:05,70.8,3,Apparel,13.3,UPI,0.0,CUST002543,197,3,0,368795,Courier_A,1,0.2459,2,1,0
ORD000086327,2026-08-09 11:27:37,1800.93,2,Electronics,18.32,COD,59.0,CUST023854,163,6,1,355464,Courier_D,2,0.0223,3,1,0
ORD000086328,2026-08-09 11:29:56,481.45,3,Electronics,15.8,COD,49.0,CUST012249,601,1,0,504976,Courier_B,1,0.1046,2,1,1
ORD000086329,2026-08-09 11:33:13,384.15,3,Footwear,0.0,COD,39.0,CUST028767,168,3,0,587093,Courier_A,3,0.1745,2,1,0
ORD000086330,2026-08-09 11:35:29,320.72,4,Footwear,0.0,Net Banking,0.0,CUST000098,868,4,1,787199,Courier_D,3,0.2831,3,1,0
ORD000086331,2026-08-09 11:39:59,953.08,4,Home,13.31,Credit Card,0.0,CUST006672,1922,3,0,494711,Courier_B,3,0.4688,0,1,0
ORD000086332,2026-08-09 11:44:14,334.8,1,Electronics,9.9,COD,39.0,CUST012809,546,4,0,856258,Courier_A,2,0.2733,0,10,0
ORD000086333,2026-08-09 11:49:26,458.83,1,Apparel,14.81,UPI,0.0,CUST007067,79,1,1,114172,Courier_D,2,0.422,0,1,0
ORD000086334,2026-08-09 11:49:53,1149.1,3,Apparel,10.21,COD,79.0,CUST003161,71,2,0,971241,Courier_A,2,0.3446,0,1,1
ORD000086335,2026-08-09 11:49:57,380.45,2,Home,0.0,UPI,0.0,CUST002545,542,3,0,341690,Courier_D,2,0.1649,0,1,0
ORD000086336,2026-08-09 11:50:49,313.63,2,Home,25.86,COD,39.0,CUST002211,235,7,0,501177,Courier_B,3,0.1526,1,1,0
ORD000086337,2026-08-09 11:51:01,243.74,2,Electronics,0.0,COD,49.0,CUST007720,152,5,0,229416,Courier_E,1,0.075,1,12,1
ORD000086338,2026-08-09 11:52:26,147.81,2,Beauty,0.0,Net Banking,0.0,CUST000650,371,3,0,132452,Courier_A,2,0.0535,1,4,0
ORD000086339,2026-08-09 11:53:14,724.02,1,Apparel,8.12,UPI,0.0,CUST004954,91,1,0,753798,Courier_C,2,0.0681,2,1,0
ORD000086340,2026-08-09 11:53:36,138.18,1,Beauty,0.0,Credit Card,0.0,CUST014820,650,4,0,210406,Courier_A,1,0.2473,2,4,0
ORD000086341,2026-08-09 11:54:49,1009.83,1,Footwear,17.27,Credit Card,0.0,CUST022039,463,3,0,225738,Courier_D,2,0.0655,1,1,1
ORD000086342,2026-08-09 12:02:37,180.98,1,Electronics,0.0,UPI,0.0,CUST010053,130,4,0,334819,Courier_C,2,0.2719,4,1,0
ORD000086343,2026-08-09 12:04:00,571.9,2,Electronics,4.37,Credit Card,0.0,CUST003245,174,6,0,488273,Courier_E,1,0.2855,3,4,0
ORD000086344,2026-08-09 12:05:38,420.72,1,Home,0.0,UPI,0.0,CUST025776,516,5,0,261232,Courier_B,3,0.0854,1,2,0
ORD000086345,2026-08-09 12:05:49,602.71,3,Electronics,24.26,UPI,0.0,CUST013786,321,2,0,761154,Courier_B,1,0.0899,1,3,0
ORD000086346,2026-08-09 12:06:36,128.82,1,Beauty,0.0,UPI,0.0,CUST013152,227,4,1,165195,Courier_D,1,0.3096,1,5,0
ORD000086347,2026-08-09 12:07:18,426.18,2,Home,37.73,UPI,0.0,CUST004937,121,0,0,953933,Courier_B,3,0.1549,1,1,0
ORD000086348,2026-08-09 12:08:24,270.79,2,Apparel,0.0,Credit Card,0.0,CUST008238,217,5,0,348817,Courier_A,2,0.1233,0,1,0
ORD000086349,2026-08-09 12:09:41,4036.96,3,Apparel,26.62,COD,29.0,CUST010319,1452,1,0,231485,Courier_B,1,0.184,0,1,0
ORD000086350,2026-08-09 12:10:17,578.2,2,Electronics,0.0,COD,79.0,CUST006648,134,1,0,206604,Courier_A,1,0.0243,1,1,0
ORD000086351,2026-08-09 12:12:52,2766.95,3,Jewelry,0.0,UPI,0.0,CUST002919,155,3,0,974063,Courier_B,2,0.288,1,1,0
ORD000086352,2026-08-09 12:16:50,714.75,3,Apparel,21.04,UPI,0.0,CUST025772,129,2,0,561464,Courier_A,2,0.2312,0,1,0
ORD000086353,2026-08-09 12:20:26,1212.42,3,Jewelry,25.56,COD,39.0,CUST011513,867,8,0,353929,Courier_A,2,0.3741,1,1,0
ORD000086354,2026-08-09 12:22:22,302.34,1,Electronics,0.0,COD,29.0,CUST022568,343,5,0,762977,Courier_A,3,0.6467,1,3,0
ORD000086355,2026-08-09 12:27:01,1462.67,2,Footwear,0.0,Debit Card,0.0,CUST006149,3422,0,0,803895,Courier_B,1,0.1069,1,1,0
ORD000086356,2026-08-09 12:29:04,1270.68,3,Jewelry,0.0,UPI,0.0,CUST017734,1560,2,0,688461,Courier_A,3,0.1328,1,1,0
ORD000086357,2026-08-09 12:29:08,399.0,1,Apparel,0.0,COD,49.0,CUST019192,163,7,0,122576,Courier_A,2,0.1364,4,2,0
ORD000086358,2026-08-09 12:29:57,344.54,2,Footwear,0.0,UPI,0.0,CUST016046,283,3,0,848275,Courier_B,2,0.1148,1,1,0
ORD000086359,2026-08-09 12:30:29,1417.73,3,Electronics,0.0,UPI,0.0,CUST013669,101,3,0,654615,Courier_C,3,0.1354,1,1,0
ORD000086360,2026-08-09 12:30:32,1415.16,3,Electronics,12.49,COD,59.0,CUST009153,359,3,0,573309,Courier_B,1,0.0466,1,1,0
ORD000086361,2026-08-09 12:33:17,1159.82,2,Beauty,0.0,Debit Card,0.0,CUST023995,1094,4,0,174397,Courier_B,2,0.0533,3,1,0
ORD000086362,2026-08-09 12:38:11,343.93,3,Footwear,30.08,UPI,0.0,CUST029411,0,0,0,749526,Courier_D,3,0.2064,3,1,0
ORD000086363,2026-08-09 12:39:15,512.62,1,Electronics,0.0,Credit Card,0.0,CUST018400,1476,4,0,523573,Courier_E,1,0.1951,4,1,0
ORD000086364,2026-08-09 12:39:48,509.45,2,Apparel,0.0,COD,39.0,CUST025690,190,4,0,146484,Courier_C,3,0.1574,3,1,0
ORD000086365,2026-08-09 12:42:41,887.98,2,Footwear,4.65,UPI,0.0,CUST003342,405,2,0,997626,Courier_D,2,0.113,0,4,0
ORD000086366,2026-08-09 12:46:04,617.79,1,Jewelry,0.0,UPI,0.0,CUST002593,87,5,0,202341,Courier_D,1,0.1389,3,1,0
ORD000086367,2026-08-09 12:46:07,332.36,2,Apparel,0.0,COD,99.0,CUST013535,23,7,0,965874,Courier_A,3,0.2752,1,1,1
ORD000086368,2026-08-09 12:46:11,1382.82,2,Apparel,26.0,Net Banking,0.0,CUST000868,2086,3,0,249284,Courier_A,3,0.2105,1,1,0
ORD000086369,2026-08-09 12:51:09,405.87,2,Electronics,0.0,COD,99.0,CUST012050,1773,1,0,799198,Courier_D,3,0.3065,2,1,1
ORD000086370,2026-08-09 12:55:18,3090.52,2,Home,0.0,UPI,0.0,CUST000552,124,4,0,954194,Courier_D,1,0.0,1,1,0
ORD000086371,2026-08-09 12:57:07,903.23,3,Beauty,0.0,COD,29.0,CUST024975,183,2,0,619405,Courier_B,2,0.2693,0,1,0
ORD000086372,2026-08-09 13:00:02,650.71,3,Apparel,5.34,UPI,0.0,CUST024210,1084,4,1,343652,Courier_D,1,0.4326,2,1,0
ORD000086373,2026-08-09 13:00:57,1563.93,2,Footwear,20.19,COD,39.0,CUST025029,112,3,0,651264,Courier_E,1,0.0536,1,4,0
ORD000086374,2026-08-09 13:07:02,466.71,2,Beauty,31.34,COD,29.0,CUST002368,543,7,0,666934,Courier_A,3,0.0377,0,1,0
ORD000086375,2026-08-09 13:09:26,406.48,1,Home,0.0,COD,59.0,CUST001226,299,2,0,139745,Courier_B,2,0.1175,1,1,0
ORD000086376,2026-08-09 13:10:56,307.56,2,Electronics,11.49,COD,39.0,CUST016302,260,2,0,529534,Courier_A,3,0.2238,1,1,0
ORD000086377,2026-08-09 13:12:50,645.11,1,Apparel,3.71,UPI,0.0,CUST029420,246,1,0,488554,Courier_D,3,0.4444,2,1,0
ORD000086378,2026-08-09 13:14:50,710.14,2,Apparel,0.0,Credit Card,0.0,CUST003819,340,1,0,182540,Courier_D,3,0.1749,2,1,0
ORD000086379,2026-08-09 13:18:01,115.99,2,Jewelry,34.9,COD,59.0,CUST013671,0,0,0,860304,Courier_C,3,0.1525,2,1,0
ORD000086380,2026-08-09 13:19:35,484.13,2,Beauty,0.0,COD,29.0,CUST008293,156,3,0,678850,Courier_D,1,0.253,0,4,0
ORD000086381,2026-08-09 13:26:14,1598.38,5,Electronics,15.65,Credit Card,0.0,CUST000826,72,4,0,106365,Courier_E,3,0.268,3,1,0
ORD000086382,2026-08-09 13:28:07,1420.62,1,Electronics,0.0,COD,49.0,CUST011780,232,2,0,903815,Courier_B,3,0.3844,2,1,1
ORD000086383,2026-08-09 13:29:37,529.54,2,Home,42.52,Credit Card,0.0,CUST016369,179,4,0,709496,Courier_A,3,0.105,2,1,0
ORD000086384,2026-08-09 13:35:57,205.96,1,Apparel,0.0,COD,79.0,CUST028187,126,5,1,226095,Courier_B,3,0.0914,0,13,1
ORD000086385,2026-08-09 13:36:06,221.34,2,Footwear,44.91,UPI,0.0,CUST028485,139,6,0,273715,Courier_C,1,0.163,0,11,0
ORD000086386,2026-08-09 13:36:51,515.77,2,Jewelry,0.0,Debit Card,0.0,CUST027558,361,0,0,638422,Courier_A,3,0.1862,3,4,1
ORD000086387,2026-08-09 13:38:26,894.57,2,Home,22.48,UPI,0.0,CUST011978,62,4,1,981939,Courier_A,2,0.3106,1,5,0
ORD000086388,2026-08-09 13:45:40,289.04,1,Home,0.0,COD,49.0,CUST014693,70,2,0,104400,Courier_B,2,0.0902,1,1,0
ORD000086389,2026-08-09 13:46:01,616.8,3,Electronics,0.0,COD,79.0,CUST021977,1930,2,0,577652,Courier_B,3,0.2289,1,4,0
ORD000086390,2026-08-09 13:46:47,745.59,3,Footwear,26.32,COD,59.0,CUST000964,412,4,0,216367,Courier_B,2,0.107,1,1,0
ORD000086391,2026-08-09 13:47:28,917.04,1,Footwear,0.0,COD,79.0,CUST027416,243,3,0,214719,Courier_A,2,0.2349,3,1,0
ORD000086392,2026-08-09 13:48:57,341.27,2,Apparel,23.43,COD,49.0,CUST017398,259,4,0,703930,Courier_B,1,0.1383,0,1,0
ORD000086393,2026-08-09 13:51:20,891.03,3,Apparel,7.62,COD,39.0,CUST009252,355,2,0,924384,Courier_B,1,0.2865,3,1,0
ORD000086394,2026-08-09 13:51:57,254.69,2,Beauty,26.75,COD,39.0,CUST007450,181,2,0,516528,Courier_A,1,0.0862,0,1,0
ORD000086395,2026-08-09 13:53:06,182.53,3,Home,0.0,Credit Card,0.0,CUST026761,1152,2,0,923308,Courier_B,2,0.3575,1,1,0
ORD000086396,2026-08-09 14:05:23,372.14,1,Home,0.0,COD,29.0,CUST004926,200,3,1,146484,Courier_B,3,0.1094,1,5,0
ORD000086397,2026-08-09 14:06:51,237.68,4,Footwear,14.88,COD,20.0,CUST022645,44,3,0,598248,Courier_E,1,0.1081,3,3,0
ORD000086398,2026-08-09 14:09:27,315.58,3,Jewelry,14.19,UPI,0.0,CUST021427,56,6,1,196023,Courier_C,3,0.2317,3,1,0
ORD000086399,2026-08-09 14:12:23,274.09,2,Apparel,0.0,COD,59.0,CUST017943,153,2,0,924384,Courier_B,1,0.2799,0,1,1
ORD000086400,2026-08-09 14:23:42,594.57,3,Apparel,0.0,Debit Card,0.0,CUST014996,87,4,0,806683,Courier_A,2,0.1911,1,8,0
ORD000086401,2026-08-09 14:26:00,557.63,1,Beauty,29.44,UPI,0.0,CUST016676,165,4,1,659481,Courier_A,3,0.0866,2,1,0
ORD000086402,2026-08-09 14:26:05,1586.35,2,Electronics,0.0,COD,49.0,CUST027168,403,4,0,853052,Courier_C,1,0.4399,0,1,1
ORD000086403,2026-08-09 14:31:03,921.36,2,Footwear,0.0,UPI,0.0,CUST003783,45,2,0,390647,Courier_A,2,0.3466,4,1,0
ORD000086404,2026-08-09 14:31:43,862.16,2,Beauty,0.0,Net Banking,0.0,CUST012077,341,2,0,515463,Courier_A,2,0.0968,7,3,0
ORD000086405,2026-08-09 14:33:24,425.73,3,Apparel,5.58,COD,49.0,CUST006916,96,3,1,660873,Courier_B,1,0.1626,3,1,0
ORD000086406,2026-08-09 14:33:48,2064.42,5,Apparel,0.0,UPI,0.0,CUST017306,712,6,0,733081,Courier_A,3,0.1455,0,1,0
ORD000086407,2026-08-09 14:34:30,178.96,2,Jewelry,30.78,COD,39.0,CUST013639,446,2,0,273715,Courier_B,1,0.2053,5,5,1
ORD000086408,2026-08-09 14:35:25,698.89,2,Apparel,0.0,UPI,0.0,CUST022013,214,8,0,139381,Courier_C,2,0.3203,0,1,0
ORD000086409,2026-08-09 14:35:31,533.69,5,Apparel,19.54,COD,29.0,CUST001012,259,3,1,583754,Courier_B,2,0.1447,0,1,0
ORD000086410,2026-08-09 14:37:10,492.35,4,Beauty,29.76,Debit Card,0.0,CUST019406,234,2,0,783187,Courier_D,2,0.3006,3,1,0
ORD000086411,2026-08-09 14:38:17,712.94,4,Footwear,14.26,COD,49.0,CUST011160,434,2,0,854070,Courier_C,1,0.1392,4,3,0
ORD000086412,2026-08-09 14:39:27,401.09,2,Jewelry,0.0,Debit Card,0.0,CUST009884,56,1,0,249457,Courier_B,1,0.2234,1,1,0
ORD000086413,2026-08-09 14:39:45,1310.94,4,Apparel,13.74,Debit Card,0.0,CUST018654,138,2,0,198172,Courier_D,1,0.3725,1,1,0
ORD000086414,2026-08-09 14:40:01,427.69,2,Electronics,28.19,COD,49.0,CUST016424,71,3,0,576694,Courier_A,2,0.1924,0,1,0
ORD000086415,2026-08-09 14:40:04,268.76,2,Electronics,0.0,COD,49.0,CUST014401,194,2,0,847515,Courier_A,1,0.1968,1,5,0
ORD000086416,2026-08-09 14:42:16,321.04,4,Electronics,1.97,COD,49.0,CUST022174,340,8,1,744635,Courier_C,2,0.4492,1,1,1
ORD000086417,2026-08-09 14:42:49,120.83,2,Apparel,0.0,Debit Card,0.0,CUST007138,724,2,0,359971,Courier_D,2,0.055,2,1,1
ORD000086418,2026-08-09 14:45:36,751.53,2,Apparel,12.99,COD,29.0,CUST023445,304,4,0,861511,Courier_A,3,0.3207,1,1,1
ORD000086419,2026-08-09 14:47:19,221.48,2,Beauty,31.37,UPI,0.0,CUST025382,0,0,0,756541,Courier_A,1,0.1043,2,2,0
ORD000086420,2026-08-09 14:47:38,800.4,2,Beauty,0.0,Credit Card,0.0,CUST012764,225,2,0,181777,Courier_C,3,0.2152,4,1,1
ORD000086421,2026-08-09 14:48:16,1044.7,1,Apparel,0.0,COD,59.0,CUST028450,39,3,0,838806,Courier_C,3,0.2508,1,1,0
ORD000086422,2026-08-09 14:50:16,186.45,2,Beauty,27.98,COD,49.0,CUST006378,819,8,0,570736,Courier_C,3,0.0259,1,1,0
ORD000086423,2026-08-09 14:53:18,224.0,2,Footwear,0.0,UPI,0.0,CUST017107,129,5,0,515308,Courier_B,3,0.1579,3,5,1
ORD000086424,2026-08-09 14:57:15,6217.87,2,Electronics,0.0,Net Banking,0.0,CUST002511,36,6,0,177411,Courier_A,2,0.3658,1,5,0
ORD000086425,2026-08-09 15:03:14,279.52,2,Apparel,0.0,COD,49.0,CUST029815,261,5,0,729799,Courier_B,1,0.4799,0,1,0
ORD000086426,2026-08-09 15:05:31,2120.94,2,Footwear,0.0,Net Banking,0.0,CUST004066,488,1,0,843122,Courier_B,2,0.2274,2,1,0
ORD000086427,2026-08-09 15:05:34,390.81,2,Electronics,0.0,COD,49.0,CUST014114,129,5,0,702122,Courier_C,3,0.1483,0,1,1
ORD000086428,2026-08-09 15:06:39,2896.66,1,Apparel,24.89,Debit Card,0.0,CUST006026,489,4,0,789126,Courier_D,3,0.301,0,1,0
ORD000086429,2026-08-09 15:08:53,272.81,3,Apparel,27.79,UPI,0.0,CUST009359,146,4,0,368724,Courier_A,1,0.4994,2,1,0
ORD000086430,2026-08-09 15:08:53,383.62,4,Apparel,16.55,COD,49.0,CUST009110,281,6,0,554088,Courier_A,2,0.1107,2,1,0
ORD000086431,2026-08-09 15:16:52,1172.91,2,Jewelry,24.75,COD,20.0,CUST012915,249,3,0,352288,Courier_B,1,0.187,5,1,0
ORD000086432,2026-08-09 15:24:50,900.62,4,Apparel,4.54,Credit Card,0.0,CUST025732,2038,1,0,451758,Courier_B,3,0.2355,0,1,0
ORD000086433,2026-08-09 15:28:14,630.07,2,Footwear,0.0,COD,39.0,CUST023662,440,6,0,929407,Courier_C,1,0.1525,2,10,1
ORD000086434,2026-08-09 15:28:34,507.56,1,Electronics,4.0,UPI,0.0,CUST008551,402,3,0,926740,Courier_C,1,0.144,2,1,0
ORD000086435,2026-08-09 15:35:36,256.08,2,Apparel,0.0,Net Banking,0.0,CUST011735,391,8,1,388393,Courier_B,2,0.1731,3,4,0
ORD000086436,2026-08-09 15:39:54,339.88,4,Electronics,0.0,UPI,0.0,CUST021304,652,1,0,287382,Courier_C,1,0.0687,0,1,0
ORD000086437,2026-08-09 15:41:49,824.31,2,Footwear,38.97,COD,39.0,CUST023864,82,5,0,262513,Courier_B,1,0.4016,3,1,1
ORD000086438,2026-08-09 15:51:57,321.51,1,Footwear,23.97,UPI,0.0,CUST003649,670,6,0,762648,Courier_B,2,0.1056,1,1,0
ORD000086439,2026-08-09 15:52:04,875.45,1,Jewelry,0.0,UPI,0.0,CUST017653,19,3,0,976980,Courier_C,3,0.142,1,4,0
ORD000086440,2026-08-09 15:55:37,121.36,2,Apparel,0.0,UPI,0.0,CUST008538,106,4,0,481328,Courier_C,2,0.1474,2,1,0
ORD000086441,2026-08-09 15:56:29,1113.99,4,Apparel,15.94,UPI,0.0,CUST018318,127,4,1,678850,Courier_A,1,0.2361,0,1,0
ORD000086442,2026-08-09 15:59:06,218.13,1,Apparel,23.38,COD,49.0,CUST017696,467,1,0,383787,Courier_A,2,0.2628,3,4,0
ORD000086443,2026-08-09 16:00:06,546.03,2,Footwear,56.81,Debit Card,0.0,CUST018984,569,3,0,816444,Courier_C,2,0.34,2,3,0
ORD000086444,2026-08-09 16:18:54,394.61,2,Beauty,13.1,COD,49.0,CUST010460,154,4,0,666211,Courier_E,1,0.3134,1,3,1
ORD000086445,2026-08-09 16:25:48,1974.2,2,Beauty,0.0,Credit Card,0.0,CUST001972,993,3,1,762495,Courier_B,1,0.0363,0,1,0
ORD000086446,2026-08-09 16:36:25,230.17,3,Beauty,23.58,COD,29.0,CUST018781,218,5,2,874360,Courier_A,2,0.0734,3,1,0
ORD000086447,2026-08-09 16:36:43,605.8,1,Footwear,0.0,Credit Card,0.0,CUST029506,41,4,1,761074,Courier_D,2,0.0846,2,1,0
ORD000086448,2026-08-09 16:37:04,722.28,2,Beauty,17.37,Credit Card,0.0,CUST010052,250,5,0,976980,Courier_B,3,0.1408,4,1,0
ORD000086449,2026-08-09 16:40:01,1319.51,2,Footwear,0.0,COD,39.0,CUST000046,0,0,0,404286,Courier_C,3,0.3199,2,18,1
ORD000086450,2026-08-09 16:43:24,221.97,3,Apparel,0.0,UPI,0.0,CUST021843,280,4,0,182833,Courier_B,3,0.2198,1,2,0
ORD000086451,2026-08-09 16:54:39,1706.23,2,Home,0.0,COD,39.0,CUST020991,156,6,0,864344,Courier_B,1,0.1147,2,4,0
ORD000086452,2026-08-09 17:01:35,682.5,1,Beauty,0.0,UPI,0.0,CUST016762,1410,3,0,476035,Courier_A,1,0.2435,3,2,0
ORD000086453,2026-08-09 17:07:45,1207.99,1,Apparel,21.2,COD,20.0,CUST010881,413,2,0,854070,Courier_C,1,0.0982,2,12,0
ORD000086454,2026-08-09 17:12:01,290.76,2,Jewelry,46.13,COD,59.0,CUST027999,268,1,0,868770,Courier_B,2,0.0494,0,4,0
ORD000086455,2026-08-09 17:17:51,208.09,4,Footwear,0.0,COD,39.0,CUST000363,503,6,0,178914,Courier_C,2,0.2226,0,1,1
ORD000086456,2026-08-09 17:17:54,1283.14,2,Home,0.0,COD,29.0,CUST001211,145,3,0,108917,Courier_A,2,0.168,1,1,0
ORD000086457,2026-08-09 17:19:20,385.34,1,Beauty,0.0,Net Banking,0.0,CUST003929,259,2,0,394625,Courier_D,1,0.1613,3,1,1
ORD000086458,2026-08-09 17:24:26,541.71,2,Apparel,10.46,COD,79.0,CUST023821,170,2,1,532647,Courier_C,2,0.2428,1,1,0
ORD000086459,2026-08-09 17:26:21,1451.54,4,Apparel,17.26,UPI,0.0,CUST000973,486,3,0,323441,Courier_D,1,0.2612,0,1,0
ORD000086460,2026-08-09 17:30:53,635.1,3,Home,0.0,UPI,0.0,CUST014245,0,0,0,500528,Courier_B,1,0.2033,1,1,0
ORD000086461,2026-08-09 17:31:26,828.13,3,Beauty,0.0,UPI,0.0,CUST027839,597,2,0,914384,Courier_A,2,0.4096,0,1,0
ORD000086462,2026-08-09 17:33:05,264.95,4,Footwear,0.0,UPI,0.0,CUST029937,232,3,0,384136,Courier_B,1,0.0792,0,1,0
ORD000086463,2026-08-09 17:35:43,181.65,3,Apparel,0.0,UPI,0.0,CUST028952,128,3,0,809484,Courier_D,1,0.0793,1,1,0
ORD000086464,2026-08-09 17:36:37,706.15,4,Electronics,18.85,COD,49.0,CUST015952,342,6,0,721746,Courier_B,1,0.0868,1,5,0
ORD000086465,2026-08-09 17:38:16,2930.36,1,Apparel,0.0,Credit Card,0.0,CUST019132,87,2,0,282095,Courier_B,2,0.0779,2,1,1
ORD000086466,2026-08-09 17:38:58,592.83,2,Beauty,26.79,Debit Card,0.0,CUST008336,215,4,0,622669,Courier_D,3,0.1602,3,5,0
ORD000086467,2026-08-09 17:40:38,599.17,1,Electronics,0.0,Credit Card,0.0,CUST018393,0,0,0,620849,Courier_B,2,0.2805,0,1,0
ORD000086468,2026-08-09 17:42:00,403.06,3,Apparel,0.0,Debit Card,0.0,CUST017202,177,2,1,598248,Courier_D,1,0.1033,3,1,0
ORD000086469,2026-08-09 17:48:01,486.1,2,Electronics,16.63,UPI,0.0,CUST019965,276,6,2,923790,Courier_E,2,0.4414,2,2,1
ORD000086470,2026-08-09 17:49:27,380.12,3,Apparel,29.51,COD,39.0,CUST008804,299,5,0,997626,Courier_C,2,0.0849,1,1,0
ORD000086471,2026-08-09 17:50:24,1162.86,2,Footwear,0.0,COD,49.0,CUST020707,332,2,0,429344,Courier_B,2,0.1499,0,1,0
ORD000086472,2026-08-09 17:57:16,887.99,2,Footwear,21.66,COD,79.0,CUST004398,296,4,0,971812,Courier_B,1,0.1124,4,1,0
ORD000086473,2026-08-09 17:58:29,980.33,1,Apparel,48.3,UPI,0.0,CUST025317,824,3,0,590356,Courier_D,3,0.066,0,1,0
ORD000086474,2026-08-09 18:01:05,633.81,2,Beauty,0.0,COD,49.0,CUST019868,121,1,0,348063,Courier_C,3,0.1907,1,1,1
ORD000086475,2026-08-09 18:01:12,556.85,3,Apparel,0.0,COD,49.0,CUST014311,816,4,0,698930,Courier_B,1,0.4354,4,1,1
ORD000086476,2026-08-09 18:04:53,1026.35,1,Home,16.74,COD,79.0,CUST014297,990,3,0,215176,Courier_C,3,0.4138,4,5,0
ORD000086477,2026-08-09 18:09:00,2955.15,1,Footwear,31.14,UPI,0.0,CUST020128,222,5,0,360723,Courier_C,2,0.2507,0,1,0
ORD000086478,2026-08-09 18:10:03,699.29,3,Apparel,0.0,COD,99.0,CUST002455,985,5,0,930588,Courier_A,2,0.4394,1,1,0
ORD000086479,2026-08-09 18:20:38,1515.74,3,Beauty,13.62,COD,39.0,CUST008039,150,2,0,867333,Courier_E,3,0.1736,0,1,0
ORD000086480,2026-08-09 18:22:39,757.95,3,Electronics,0.0,COD,29.0,CUST004419,270,2,1,119888,Courier_B,3,0.2282,3,1,1
ORD000086481,2026-08-09 18:24:23,130.94,1,Apparel,0.0,COD,59.0,CUST021398,331,4,0,557252,Courier_C,3,0.0513,2,1,0
ORD000086482,2026-08-09 18:29:28,1092.45,4,Apparel,0.0,COD,49.0,CUST011122,626,2,0,358988,Courier_C,3,0.0676,0,1,0
ORD000086483,2026-08-09 18:32:53,855.91,2,Jewelry,0.0,Credit Card,0.0,CUST020674,1058,3,0,444894,Courier_C,1,0.0675,1,4,0
ORD000086484,2026-08-09 18:34:16,265.12,1,Apparel,0.0,Debit Card,0.0,CUST019338,0,0,0,591756,Courier_A,2,0.2964,1,1,0
ORD000086485,2026-08-09 18:42:39,244.37,1,Beauty,0.0,UPI,0.0,CUST003907,1264,3,0,714101,Courier_B,2,0.2825,0,1,0
ORD000086486,2026-08-09 18:44:47,697.51,1,Apparel,0.0,COD,29.0,CUST004960,459,4,2,379104,Courier_C,3,0.0175,3,1,1
ORD000086487,2026-08-09 18:51:12,631.35,3,Jewelry,0.0,COD,39.0,CUST017274,153,2,0,515308,Courier_C,3,0.1508,0,1,0
ORD000086488,2026-08-09 18:55:35,400.8,1,Home,0.0,Credit Card,0.0,CUST023395,329,2,0,796682,Courier_B,1,0.1336,4,5,0
ORD000086489,2026-08-09 18:58:15,808.2,2,Home,0.0,UPI,0.0,CUST021456,561,3,0,195758,Courier_B,3,0.1496,0,13,0
ORD000086490,2026-08-09 19:04:13,868.44,2,Beauty,23.02,COD,79.0,CUST016894,44,1,0,590305,Courier_A,2,0.1354,1,1,0
ORD000086491,2026-08-09 19:06:02,348.81,1,Footwear,0.0,Debit Card,0.0,CUST028168,17,4,0,671138,Courier_A,2,0.1493,1,2,0
ORD000086492,2026-08-09 19:07:24,1214.47,2,Footwear,33.14,COD,20.0,CUST015183,174,4,2,237862,Courier_C,1,0.1703,3,1,1
ORD000086493,2026-08-09 19:10:22,1088.7,3,Jewelry,13.03,UPI,0.0,CUST017683,158,5,0,600859,Courier_B,3,0.106,2,1,0
ORD000086494,2026-08-09 19:11:54,1610.48,2,Footwear,14.32,UPI,0.0,CUST016695,40,3,0,371751,Courier_D,1,0.1049,1,1,0
ORD000086495,2026-08-09 19:13:54,305.24,2,Footwear,0.0,COD,59.0,CUST028825,276,4,0,206944,Courier_B,3,0.3011,2,1,1
ORD000086496,2026-08-09 19:15:19,3514.49,2,Apparel,34.06,COD,79.0,CUST005200,91,8,0,887116,Courier_A,2,0.2108,1,1,0
ORD000086497,2026-08-09 19:25:09,316.51,2,Electronics,0.0,UPI,0.0,CUST018583,731,2,0,316724,Courier_E,1,0.0956,1,1,0
ORD000086498,2026-08-09 19:31:40,358.16,1,Apparel,0.0,COD,49.0,CUST020944,217,5,0,956979,Courier_D,1,0.1644,1,1,1
ORD000086499,2026-08-09 19:40:51,2867.0,1,Home,12.89,Credit Card,0.0,CUST001055,322,2,0,943477,Courier_C,2,0.2553,1,2,0
ORD000086500,2026-08-09 19:41:19,910.57,2,Beauty,0.0,Credit Card,0.0,CUST006876,480,4,1,106619,Courier_C,2,0.2,1,1,0
ORD000086501,2026-08-09 19:43:19,1071.03,1,Electronics,9.53,COD,29.0,CUST013249,64,4,0,104400,Courier_D,2,0.1875,2,1,0
ORD000086502,2026-08-09 19:44:33,847.48,2,Footwear,0.0,UPI,0.0,CUST024390,918,7,1,945410,Courier_C,1,0.2965,2,3,0
ORD000086503,2026-08-09 19:44:45,2065.22,2,Jewelry,23.54,COD,59.0,CUST006531,149,4,0,382189,Courier_C,1,0.1088,6,1,0
ORD000086504,2026-08-09 19:45:11,546.87,3,Beauty,0.0,Credit Card,0.0,CUST029039,0,0,0,529908,Courier_E,1,0.2506,0,5,0
ORD000086505,2026-08-09 19:47:00,1483.02,2,Apparel,16.61,Net Banking,0.0,CUST002746,160,3,0,561464,Courier_C,2,0.1647,0,1,0
ORD000086506,2026-08-09 19:47:24,705.13,1,Apparel,0.0,Credit Card,0.0,CUST026343,544,6,0,798962,Courier_E,1,0.4169,1,1,0
ORD000086507,2026-08-09 19:47:25,280.61,4,Footwear,0.0,COD,79.0,CUST017665,694,1,0,360723,Courier_E,2,0.2412,0,14,0
ORD000086508,2026-08-09 19:48:29,406.07,3,Beauty,0.0,UPI,0.0,CUST012453,0,0,0,398177,Courier_E,3,0.4243,3,1,0
ORD000086509,2026-08-09 19:50:18,1017.15,1,Footwear,0.0,Debit Card,0.0,CUST013673,319,2,0,677977,Courier_A,2,0.2538,2,4,0
ORD000086510,2026-08-09 19:56:43,1107.64,1,Electronics,0.0,Credit Card,0.0,CUST016345,55,5,0,568632,Courier_A,3,0.1365,1,1,0
ORD000086511,2026-08-09 20:00:48,247.38,3,Electronics,0.0,Credit Card,0.0,CUST017442,123,3,0,761074,Courier_B,2,0.15,0,13,0
ORD000086512,2026-08-09 20:03:14,552.36,3,Beauty,0.0,Credit Card,0.0,CUST002346,95,2,0,802647,Courier_C,2,0.0929,3,2,0
ORD000086513,2026-08-09 20:03:48,312.27,2,Apparel,14.36,UPI,0.0,CUST007410,86,1,0,940382,Courier_A,2,0.2729,1,1,0
ORD000086514,2026-08-09 20:05:39,1561.57,3,Beauty,20.49,Credit Card,0.0,CUST021080,258,4,0,128700,Courier_E,3,0.3001,1,1,0
ORD000086515,2026-08-09 20:06:11,615.85,5,Apparel,0.0,COD,39.0,CUST012706,153,2,0,636916,Courier_B,1,0.1196,3,1,0
ORD000086516,2026-08-09 20:12:56,1749.41,2,Electronics,0.0,COD,39.0,CUST017935,143,3,1,745022,Courier_B,1,0.3858,2,1,0
ORD000086517,2026-08-09 20:16:02,725.15,1,Electronics,0.0,Credit Card,0.0,CUST010919,939,0,0,929214,Courier_A,1,0.2641,0,1,0
ORD000086518,2026-08-09 20:16:37,667.12,2,Footwear,7.51,COD,79.0,CUST017742,364,7,1,930588,Courier_D,2,0.3838,1,1,0
ORD000086519,2026-08-09 20:20:25,284.22,2,Apparel,34.78,COD,49.0,CUST007674,178,4,1,378752,Courier_B,1,0.0203,3,3,1
ORD000086520,2026-08-09 20:22:08,509.8,4,Footwear,10.67,COD,39.0,CUST027397,523,2,0,664785,Courier_B,3,0.1854,1,1,0
ORD000086521,2026-08-09 20:23:42,230.01,1,Footwear,0.0,COD,79.0,CUST028624,455,1,0,507886,Courier_B,2,0.1019,1,1,0
ORD000086522,2026-08-09 20:26:11,1606.53,2,Electronics,0.0,COD,59.0,CUST022853,721,4,0,367081,Courier_E,2,0.2009,0,1,0
ORD000086523,2026-08-09 20:26:17,662.34,4,Apparel,0.0,Credit Card,0.0,CUST027203,182,2,0,359234,Courier_D,2,0.1041,1,1,0
ORD000086524,2026-08-09 20:30:52,120.97,4,Jewelry,0.0,COD,59.0,CUST029535,159,6,0,802087,Courier_D,2,0.2839,1,1,1
ORD000086525,2026-08-09 20:30:57,167.3,3,Jewelry,0.0,UPI,0.0,CUST009307,156,3,0,501971,Courier_A,2,0.2927,2,1,0
ORD000086526,2026-08-09 20:31:58,775.42,1,Beauty,0.0,COD,29.0,CUST020966,103,5,1,933183,Courier_A,2,0.439,3,1,0
ORD000086527,2026-08-09 20:33:21,703.67,2,Footwear,0.0,Credit Card,0.0,CUST028384,35,3,0,504071,Courier_A,1,0.0818,1,5,0
ORD000086528,2026-08-09 20:34:32,154.78,1,Jewelry,4.32,Credit Card,0.0,CUST023889,606,3,0,912018,Courier_C,1,0.2218,0,5,0
ORD000086529,2026-08-09 20:35:40,586.83,2,Apparel,0.0,Net Banking,0.0,CUST008895,101,6,1,468940,Courier_E,1,0.2983,1,1,0
ORD000086530,2026-08-09 20:36:28,1605.62,5,Electronics,27.69,Debit Card,0.0,CUST001172,67,3,0,488273,Courier_C,1,0.2389,1,1,0
ORD000086531,2026-08-09 20:43:17,2118.38,4,Footwear,15.87,UPI,0.0,CUST023469,402,2,0,698930,Courier_A,1,0.4623,2,4,0
ORD000086532,2026-08-09 20:46:10,1079.46,1,Footwear,0.0,UPI,0.0,CUST002005,189,5,0,189160,Courier_B,2,0.5712,2,1,0
ORD000086533,2026-08-09 20:51:39,2099.23,1,Apparel,0.0,COD,59.0,CUST029675,93,5,0,831938,Courier_B,2,0.3193,1,3,0
ORD000086534,2026-08-09 20:52:25,389.56,1,Footwear,0.0,Debit Card,0.0,CUST029797,354,5,1,897111,Courier_C,3,0.2616,0,3,0
ORD000086535,2026-08-09 20:53:30,1290.79,3,Home,0.0,COD,39.0,CUST002035,318,2,0,274990,Courier_B,2,0.0143,3,1,0
ORD000086536,2026-08-09 20:53:48,1999.62,2,Apparel,0.0,COD,59.0,CUST007822,662,2,0,579266,Courier_B,1,0.1498,2,3,0
ORD000086537,2026-08-09 20:54:00,321.35,2,Apparel,0.0,UPI,0.0,CUST011940,956,1,1,902174,Courier_A,3,0.3145,2,1,0
ORD000086538,2026-08-09 20:54:23,1523.27,3,Beauty,0.0,UPI,0.0,CUST004297,186,5,0,563896,Courier_D,1,0.2221,0,1,0
ORD000086539,2026-08-09 20:57:19,924.51,2,Apparel,0.0,Net Banking,0.0,CUST011451,187,2,0,666211,Courier_D,1,0.4067,1,1,0
ORD000086540,2026-08-09 20:57:50,771.03,2,Apparel,20.34,UPI,0.0,CUST013807,101,2,0,552806,Courier_C,2,0.4451,2,5,0
ORD000086541,2026-08-09 20:57:53,436.23,1,Home,0.0,Credit Card,0.0,CUST007614,1185,4,1,820298,Courier_A,2,0.5139,0,1,0
ORD000086542,2026-08-09 20:59:15,397.4,1,Apparel,8.47,UPI,0.0,CUST017749,445,3,0,801215,Courier_B,2,0.1171,2,1,0
ORD000086543,2026-08-09 21:03:11,411.32,2,Electronics,13.57,COD,49.0,CUST026523,249,5,0,957720,Courier_B,3,0.139,0,1,0
ORD000086544,2026-08-09 21:04:07,2923.42,1,Beauty,0.0,COD,20.0,CUST027341,553,4,0,365062,Courier_C,2,0.199,1,1,0
ORD000086545,2026-08-09 21:17:18,304.49,4,Electronics,17.7,COD,29.0,CUST028035,1100,4,0,942045,Courier_A,3,0.2451,4,2,1
ORD000086546,2026-08-09 21:19:06,345.96,6,Footwear,40.3,COD,29.0,CUST025270,479,4,0,281969,Courier_C,2,0.2146,0,1,0
ORD000086547,2026-08-09 21:19:53,991.51,4,Jewelry,21.83,COD,39.0,CUST017103,323,4,1,310345,Courier_D,1,0.2028,1,1,0
ORD000086548,2026-08-09 21:24:08,272.62,1,Home,0.0,Credit Card,0.0,CUST012626,71,4,0,133646,Courier_B,2,0.1344,1,1,0
ORD000086549,2026-08-09 21:30:36,269.21,1,Apparel,0.0,Credit Card,0.0,CUST011600,824,2,0,469380,Courier_A,3,0.122,1,1,0
ORD000086550,2026-08-09 21:31:16,735.09,2,Electronics,19.41,UPI,0.0,CUST008209,44,5,0,202976,Courier_A,1,0.1131,1,1,0
ORD000086551,2026-08-09 21:35:40,221.2,2,Jewelry,16.62,Credit Card,0.0,CUST027681,0,0,0,842688,Courier_B,2,0.3724,1,1,0
ORD000086552,2026-08-09 21:39:25,649.18,2,Apparel,40.2,Credit Card,0.0,CUST019920,61,5,0,914136,Courier_A,1,0.2648,2,1,0
ORD000086553,2026-08-09 21:39:52,1025.61,2,Apparel,0.0,COD,49.0,CUST019712,274,4,0,622669,Courier_C,3,0.1741,2,1,0
ORD000086554,2026-08-09 21:43:54,655.09,1,Apparel,6.77,Credit Card,0.0,CUST003486,41,5,3,654970,Courier_C,3,0.1494,0,1,0
ORD000086555,2026-08-09 21:44:35,271.72,2,Beauty,19.92,UPI,0.0,CUST018349,625,2,0,371674,Courier_C,3,0.3168,0,3,0
ORD000086556,2026-08-09 21:45:27,442.53,1,Apparel,0.0,Net Banking,0.0,CUST006717,291,4,0,365762,Courier_C,2,0.2341,1,1,0
ORD000086557,2026-08-09 21:48:56,899.0,4,Jewelry,0.0,Net Banking,0.0,CUST017812,164,2,0,695165,Courier_D,3,0.1218,2,1,0
ORD000086558,2026-08-09 21:50:29,1806.41,2,Footwear,0.0,COD,29.0,CUST013694,584,6,0,981939,Courier_B,2,0.3129,0,10,0
ORD000086559,2026-08-09 21:52:37,257.11,1,Beauty,0.0,UPI,0.0,CUST002449,2920,4,0,207289,Courier_C,1,0.0918,1,2,0
ORD000086560,2026-08-09 21:56:11,259.64,1,Home,0.0,UPI,0.0,CUST006162,100,3,1,628444,Courier_D,3,0.2196,2,1,0
ORD000086561,2026-08-09 21:56:16,567.29,4,Apparel,0.0,UPI,0.0,CUST002796,107,5,0,494711,Courier_B,3,0.4457,3,3,0
ORD000086562,2026-08-09 22:01:48,1286.66,2,Jewelry,0.0,UPI,0.0,CUST002237,1144,4,0,213546,Courier_B,2,0.3328,1,1,0
ORD000086563,2026-08-09 22:01:59,1442.44,1,Footwear,0.0,Credit Card,0.0,CUST011073,661,3,1,539453,Courier_B,2,0.1549,0,1,1
ORD000086564,2026-08-09 22:03:44,3030.29,2,Beauty,0.0,COD,59.0,CUST026505,1337,3,0,868465,Courier_D,2,0.0304,0,1,0
ORD000086565,2026-08-09 22:06:07,1391.39,2,Footwear,0.0,COD,39.0,CUST014264,68,4,0,841804,Courier_D,2,0.2967,2,2,1
ORD000086566,2026-08-09 22:07:48,325.1,1,Home,0.0,COD,49.0,CUST017306,712,5,0,355464,Courier_A,2,0.0097,0,3,1
ORD000086567,2026-08-09 22:10:36,994.06,1,Jewelry,0.0,Debit Card,0.0,CUST022060,155,4,1,270348,Courier_D,3,0.2024,1,5,0
ORD000086568,2026-08-09 22:12:22,1172.84,2,Electronics,18.8,UPI,0.0,CUST029698,478,3,0,512600,Courier_E,1,0.1791,1,1,0
ORD000086569,2026-08-09 22:13:58,310.96,2,Electronics,0.0,COD,49.0,CUST029089,232,3,0,489282,Courier_B,3,0.05,2,1,0
ORD000086570,2026-08-09 22:25:27,228.81,1,Apparel,0.0,COD,29.0,CUST023594,270,2,0,369772,Courier_E,3,0.3115,2,1,0
ORD000086571,2026-08-09 22:26:46,460.73,5,Jewelry,3.74,Credit Card,0.0,CUST022822,835,2,0,903815,Courier_B,3,0.2949,1,1,0
ORD000086572,2026-08-09 22:26:56,1383.56,2,Footwear,0.0,UPI,0.0,CUST020815,506,8,0,339714,Courier_B,2,0.0248,1,4,0
ORD000086573,2026-08-09 22:27:41,680.54,3,Home,16.63,UPI,0.0,CUST026101,760,7,1,196023,Courier_E,3,0.183,1,3,0
ORD000086574,2026-08-09 22:28:01,358.51,3,Electronics,17.35,UPI,0.0,CUST019620,277,2,0,232968,Courier_B,1,0.223,1,1,0
ORD000086575,2026-08-09 22:28:29,421.17,3,Apparel,6.02,COD,49.0,CUST028140,327,4,1,677977,Courier_A,2,0.2699,1,1,1
ORD000086576,2026-08-09 22:28:37,1408.44,1,Apparel,24.68,UPI,0.0,CUST000406,157,5,0,638422,Courier_C,3,0.2755,2,1,1
ORD000086577,2026-08-09 22:32:51,1923.35,1,Footwear,13.49,COD,59.0,CUST018945,110,1,0,258959,Courier_C,3,0.214,0,1,0
ORD000086578,2026-08-09 22:33:55,287.6,3,Beauty,24.5,UPI,0.0,CUST008868,308,3,0,281577,Courier_D,1,0.1599,4,5,0
ORD000086579,2026-08-09 22:33:59,1244.11,2,Beauty,0.0,UPI,0.0,CUST010622,280,2,0,568238,Courier_A,2,0.1973,2,5,0
ORD000086580,2026-08-09 22:34:52,454.28,1,Electronics,0.0,UPI,0.0,CUST013638,262,2,0,848646,Courier_C,3,0.0498,2,1,0
ORD000086581,2026-08-09 22:35:51,839.34,3,Electronics,37.05,COD,79.0,CUST016155,155,4,1,398177,Courier_D,3,0.4044,1,1,1
ORD000086582,2026-08-09 22:39:30,932.47,2,Electronics,0.0,COD,49.0,CUST006571,90,5,0,175901,Courier_B,1,0.3954,1,1,1
ORD000086583,2026-08-09 22:40:21,1185.79,1,Apparel,16.53,UPI,0.0,CUST001665,167,1,0,856360,Courier_D,2,0.2301,1,1,0
ORD000086584,2026-08-09 22:51:18,936.7,1,Beauty,20.48,COD,39.0,CUST001902,99,3,0,886576,Courier_B,2,0.2043,1,1,0
ORD000086585,2026-08-09 22:53:25,675.3,1,Home,45.32,UPI,0.0,CUST012887,75,2,0,444894,Courier_C,1,0.1266,1,5,0
ORD000086586,2026-08-09 22:55:47,1049.41,2,Home,20.8,COD,59.0,CUST019897,874,5,0,483080,Courier_B,1,0.3963,5,2,0
ORD000086587,2026-08-09 22:55:53,762.9,5,Apparel,0.0,UPI,0.0,CUST029667,294,6,0,216808,Courier_A,3,0.2261,0,4,0
ORD000086588,2026-08-09 22:57:00,466.0,2,Apparel,0.0,Credit Card,0.0,CUST000529,66,3,0,764101,Courier_C,3,0.2253,2,1,0
ORD000086589,2026-08-09 22:58:15,1272.19,2,Apparel,0.0,Credit Card,0.0,CUST017311,85,4,0,688461,Courier_D,3,0.1625,3,1,0
ORD000086590,2026-08-09 23:02:21,505.08,2,Electronics,15.85,COD,49.0,CUST011345,392,3,0,903532,Courier_A,1,0.0981,3,19,1
ORD000086591,2026-08-09 23:11:40,570.63,1,Footwear,38.06,COD,39.0,CUST022761,215,2,1,245011,Courier_A,3,0.0748,1,1,0
ORD000086592,2026-08-09 23:14:28,908.34,3,Apparel,29.03,COD,79.0,CUST005339,495,4,1,677977,Courier_E,2,0.3118,1,1,1
ORD000086593,2026-08-09 23:23:35,1005.45,1,Apparel,17.36,UPI,0.0,CUST000630,119,5,0,630889,Courier_B,1,0.1909,2,1,0
ORD000086594,2026-08-09 23:23:42,308.8,4,Electronics,0.0,Credit Card,0.0,CUST022291,92,4,1,749526,Courier_B,3,0.1831,5,1,0
ORD000086595,2026-08-09 23:28:03,632.72,2,Footwear,27.4,COD,39.0,CUST023424,573,7,0,373292,Courier_A,3,0.3737,0,1,0
ORD000086596,2026-08-09 23:29:57,234.54,4,Electronics,0.0,UPI,0.0,CUST025591,499,6,0,757288,Courier_E,2,0.2609,1,5,1
ORD000086597,2026-08-09 23:30:16,171.22,2,Apparel,0.0,Debit Card,0.0,CUST007592,636,1,0,379153,Courier_A,2,0.1618,1,1,0
ORD000086598,2026-08-09 23:31:12,196.98,2,Apparel,0.0,Net Banking,0.0,CUST002332,963,4,0,107065,Courier_D,3,0.1351,0,1,1
ORD000086599,2026-08-09 23:34:19,761.16,2,Beauty,0.0,COD,79.0,CUST007896,120,1,0,907465,Courier_D,2,0.107,1,1,0
ORD000086600,2026-08-09 23:36:05,60.39,1,Electronics,0.0,UPI,0.0,CUST018945,110,3,0,573736,Courier_A,1,0.288,2,4,0
ORD000086601,2026-08-09 23:37:04,347.7,2,Electronics,22.88,COD,39.0,CUST020525,1259,3,0,570736,Courier_E,3,0.0636,4,1,0
ORD000086602,2026-08-09 23:37:05,910.79,2,Home,0.0,COD,49.0,CUST016226,436,3,1,490071,Courier_B,3,0.1078,4,1,1
ORD000086603,2026-08-09 23:37:31,86.67,3,Apparel,0.0,COD,39.0,CUST023688,122,2,0,579494,Courier_A,2,0.1042,1,5,1
ORD000086604,2026-08-09 23:39:37,144.31,1,Beauty,0.0,COD,49.0,CUST012677,396,4,2,746966,Courier_A,3,0.1054,1,1,1
ORD000086605,2026-08-09 23:41:36,207.16,2,Beauty,0.0,COD,39.0,CUST000003,1472,8,0,175901,Courier_A,1,0.4131,1,1,0
ORD000086606,2026-08-09 23:41:58,428.6,2,Apparel,0.0,COD,59.0,CUST004277,1960,4,0,654970,Courier_C,3,0.1019,1,1,1
ORD000086607,2026-08-09 23:45:03,357.56,2,Footwear,0.0,UPI,0.0,CUST002994,250,5,1,470612,Courier_A,3,0.2321,0,1,0
ORD000086608,2026-08-09 23:46:45,1871.46,2,Apparel,0.0,COD,49.0,CUST017504,370,3,0,753798,Courier_A,2,0.1097,0,1,0
ORD000086609,2026-08-09 23:48:05,920.02,2,Footwear,0.0,UPI,0.0,CUST023601,881,4,0,608288,Courier_C,3,0.0089,2,1,0
ORD000086610,2026-08-09 23:51:15,924.82,2,Apparel,18.17,UPI,0.0,CUST012220,437,4,0,490071,Courier_E,3,0.0805,2,1,0
ORD000086611,2026-08-09 23:53:27,301.7,2,Apparel,31.83,Credit Card,0.0,CUST029587,298,3,0,503849,Courier_B,1,0.3808,1,1,0
ORD000086612,2026-08-09 23:58:21,512.51,2,Footwear,19.71,UPI,0.0,CUST015665,197,2,0,438706,Courier_C,1,0.1811,1,1,0
ORD000086613,2026-08-09 23:58:55,225.36,1,Apparel,0.0,UPI,0.0,CUST021346,332,3,0,946473,Courier_B,1,0.3554,1,5,1
ORD000086614,2026-08-10 00:02:33,2741.27,2,Electronics,0.0,COD,79.0,CUST021455,267,3,0,216395,Courier_B,1,0.3611,1,1,0
ORD000086615,2026-08-10 00:07:38,325.79,2,Footwear,3.73,Debit Card,0.0,CUST029401,3275,4,0,390647,Courier_B,2,0.3077,1,3,1
ORD000086616,2026-08-10 00:10:13,1021.88,1,Jewelry,0.0,COD,29.0,CUST018913,214,5,0,390647,Courier_D,2,0.361,1,3,0
ORD000086617,2026-08-10 00:11:11,476.54,2,Electronics,12.73,COD,29.0,CUST024231,196,1,0,371674,Courier_C,3,0.2749,0,1,0
ORD000086618,2026-08-10 00:12:40,555.46,3,Apparel,0.0,COD,49.0,CUST000049,127,3,1,258357,Courier_B,2,0.296,4,4,1
ORD000086619,2026-08-10 00:14:12,762.93,2,Footwear,5.81,COD,39.0,CUST029855,391,6,0,496735,Courier_B,2,0.0928,1,1,0
ORD000086620,2026-08-10 00:17:22,830.49,1,Footwear,26.97,COD,79.0,CUST009892,370,1,0,355903,Courier_C,2,0.0807,3,1,0
ORD000086621,2026-08-10 00:22:25,825.27,2,Electronics,0.0,UPI,0.0,CUST013339,20,2,1,139745,Courier_A,2,0.0868,0,1,0
ORD000086622,2026-08-10 00:22:58,1312.8,2,Apparel,6.29,COD,29.0,CUST016122,96,5,0,969852,Courier_E,2,0.285,3,12,0
ORD000086623,2026-08-10 00:27:47,1049.6,1,Footwear,0.0,COD,49.0,CUST006564,0,0,0,791259,Courier_B,2,0.1182,0,1,0
ORD000086624,2026-08-10 00:31:18,1422.98,2,Electronics,32.38,COD,49.0,CUST024423,1748,7,0,946473,Courier_B,1,0.3426,1,1,0
ORD000086625,2026-08-10 00:33:24,520.19,2,Apparel,0.0,UPI,0.0,CUST014702,538,4,1,764258,Courier_E,3,0.1683,1,1,0
ORD000086626,2026-08-10 00:40:46,1182.86,3,Apparel,15.19,Credit Card,0.0,CUST010792,395,4,0,511311,Courier_D,1,0.1598,1,1,0
ORD000086627,2026-08-10 00:44:24,468.59,5,Footwear,2.24,COD,39.0,CUST014435,374,3,0,907465,Courier_A,2,0.1079,2,1,0
ORD000086628,2026-08-10 00:46:54,284.1,2,Electronics,8.17,UPI,0.0,CUST013343,180,3,0,304294,Courier_A,2,0.0535,2,1,0
ORD000086629,2026-08-10 00:48:59,1973.83,1,Beauty,0.0,COD,99.0,CUST015766,1926,2,0,503849,Courier_D,1,0.3342,0,15,0
ORD000086630,2026-08-10 00:49:21,943.14,3,Electronics,29.73,COD,79.0,CUST023015,267,1,0,754764,Courier_D,3,0.3153,1,1,1
ORD000086631,2026-08-10 00:50:02,648.3,1,Home,36.18,COD,49.0,CUST007468,440,5,1,801962,Courier_C,3,0.197,0,1,0
ORD000086632,2026-08-10 00:59:44,477.24,1,Apparel,0.0,UPI,0.0,CUST006037,427,2,0,916996,Courier_C,1,0.2141,3,3,0
ORD000086633,2026-08-10 01:06:44,562.46,1,Footwear,15.32,UPI,0.0,CUST019080,407,4,0,429344,Courier_D,2,0.1993,3,1,0
ORD000086634,2026-08-10 01:13:18,276.45,1,Beauty,15.77,UPI,0.0,CUST003030,647,3,0,937947,Courier_A,3,0.2352,1,1,0
ORD000086635,2026-08-10 01:19:08,161.25,2,Beauty,9.69,COD,29.0,CUST003834,163,1,0,177611,Courier_B,3,0.2846,1,1,0
ORD000086636,2026-08-10 01:27:44,412.95,1,Electronics,7.14,COD,39.0,CUST011360,371,3,1,641395,Courier_E,2,0.2624,1,1,1
ORD000086637,2026-08-10 01:28:41,1360.89,2,Apparel,0.0,UPI,0.0,CUST008342,766,3,1,252402,Courier_A,1,0.0746,1,1,0
ORD000086638,2026-08-10 01:30:56,220.28,2,Apparel,0.0,COD,49.0,CUST015251,186,3,0,629455,Courier_D,2,0.3464,3,1,1
ORD000086639,2026-08-10 01:34:30,98.45,2,Beauty,0.0,COD,49.0,CUST014329,226,2,0,352917,Courier_A,1,0.1632,1,1,0
ORD000086640,2026-08-10 01:38:21,245.97,4,Footwear,0.0,UPI,0.0,CUST025381,37,3,0,966726,Courier_A,3,0.3911,1,1,0
ORD000086641,2026-08-10 01:39:27,450.89,3,Beauty,9.9,Credit Card,0.0,CUST013466,18,6,0,699053,Courier_A,3,0.1051,2,1,0
ORD000086642,2026-08-10 01:41:42,448.29,3,Beauty,0.0,COD,49.0,CUST027087,310,5,0,625244,Courier_C,3,0.0801,1,1,1
ORD000086643,2026-08-10 01:43:48,283.4,3,Jewelry,0.0,COD,29.0,CUST017024,70,6,0,823686,Courier_B,1,0.1689,3,1,0
ORD000086644,2026-08-10 01:51:53,715.18,1,Electronics,0.0,UPI,0.0,CUST019182,515,3,0,599375,Courier_A,2,0.101,1,1,0
ORD000086645,2026-08-10 01:52:07,1848.72,2,Apparel,0.0,UPI,0.0,CUST005031,139,2,0,160837,Courier_A,3,0.0347,0,1,0
ORD000086646,2026-08-10 01:53:19,657.46,1,Electronics,0.0,UPI,0.0,CUST006995,674,3,0,545658,Courier_D,3,0.1239,2,1,0
ORD000086647,2026-08-10 01:54:36,490.33,2,Electronics,2.2,UPI,0.0,CUST019658,231,3,0,520397,Courier_B,2,0.3069,1,4,0
ORD000086648,2026-08-10 01:56:58,462.05,1,Jewelry,27.76,COD,29.0,CUST000945,87,4,0,613863,Courier_B,3,0.2758,2,1,1
ORD000086649,2026-08-10 01:59:04,448.85,3,Electronics,0.0,COD,79.0,CUST021931,210,4,0,127709,Courier_A,2,0.2617,2,19,0
ORD000086650,2026-08-10 02:00:05,1480.76,3,Footwear,23.7,COD,99.0,CUST008423,986,1,0,903532,Courier_E,1,0.1039,0,1,0
ORD000086651,2026-08-10 02:00:58,1985.8,5,Apparel,16.95,UPI,0.0,CUST020093,310,4,0,434006,Courier_C,2,0.2411,2,2,1
ORD000086652,2026-08-10 02:03:38,818.47,2,Footwear,0.0,Credit Card,0.0,CUST025060,376,4,0,512665,Courier_A,3,0.0372,1,1,1
ORD000086653,2026-08-10 02:05:17,2354.64,2,Electronics,0.0,COD,99.0,CUST017025,155,5,0,602801,Courier_D,3,0.2342,1,1,0
ORD000086654,2026-08-10 02:13:10,986.62,2,Electronics,18.45,Net Banking,0.0,CUST010191,17,3,0,703529,Courier_A,1,0.0957,1,1,0
ORD000086655,2026-08-10 02:13:17,379.91,3,Electronics,20.99,COD,49.0,CUST009962,572,2,0,275250,Courier_A,2,0.1422,0,11,1
ORD000086656,2026-08-10 02:14:22,900.04,2,Footwear,28.3,COD,39.0,CUST008252,35,3,0,197643,Courier_A,3,0.2245,1,3,0
ORD000086657,2026-08-10 02:17:15,1346.41,4,Beauty,0.0,COD,59.0,CUST019789,384,3,0,147717,Courier_B,1,0.1323,1,1,0
ORD000086658,2026-08-10 02:18:20,1158.17,3,Beauty,0.0,UPI,0.0,CUST020713,334,1,0,784274,Courier_E,1,0.3195,0,1,0
ORD000086659,2026-08-10 02:22:39,576.39,3,Footwear,16.79,Credit Card,0.0,CUST000859,931,4,0,471106,Courier_B,1,0.1109,1,1,0
ORD000086660,2026-08-10 02:23:16,1853.91,1,Beauty,0.0,COD,49.0,CUST027036,623,4,1,549826,Courier_B,3,0.1004,0,1,0
ORD000086661,2026-08-10 02:23:26,1020.96,3,Apparel,9.37,UPI,0.0,CUST026808,571,2,0,532647,Courier_A,2,0.2305,4,1,1
ORD000086662,2026-08-10 02:23:54,214.66,2,Beauty,51.15,COD,49.0,CUST013270,207,5,0,145116,Courier_A,1,0.0695,0,1,1
ORD000086663,2026-08-10 02:23:58,874.91,4,Jewelry,0.0,COD,29.0,CUST004375,144,5,2,218921,Courier_A,2,0.3233,0,1,1
ORD000086664,2026-08-10 02:24:16,1977.19,3,Footwear,16.04,Debit Card,0.0,CUST009624,50,4,0,218562,Courier_C,2,0.116,2,1,1
ORD000086665,2026-08-10 02:24:35,443.16,4,Beauty,23.33,COD,49.0,CUST010144,419,1,1,512665,Courier_B,3,0.1154,2,5,1
ORD000086666,2026-08-10 02:24:51,359.56,3,Electronics,20.32,COD,49.0,CUST021617,311,4,0,429634,Courier_D,1,0.1533,1,1,0
ORD000086667,2026-08-10 02:25:02,513.15,2,Footwear,0.0,Credit Card,0.0,CUST011375,565,1,0,139108,Courier_B,1,0.2167,3,2,0
ORD000086668,2026-08-10 02:29:52,1491.43,1,Beauty,25.89,COD,49.0,CUST019568,208,7,0,504976,Courier_D,1,0.1204,0,1,0
ORD000086669,2026-08-10 02:41:29,838.96,3,Jewelry,0.0,COD,29.0,CUST024510,0,0,0,865916,Courier_A,3,0.0712,4,1,1
ORD000086670,2026-08-10 02:41:48,268.97,2,Footwear,0.0,COD,59.0,CUST028228,347,3,0,314695,Courier_C,1,0.0391,1,1,0
ORD000086671,2026-08-10 02:41:55,724.81,2,Home,1.16,COD,20.0,CUST023400,417,4,0,519606,Courier_C,2,0.0581,0,1,0
ORD000086672,2026-08-10 02:43:01,368.33,3,Apparel,0.0,UPI,0.0,CUST013130,153,3,0,547541,Courier_B,3,0.204,1,1,0
ORD000086673,2026-08-10 02:47:55,1192.93,1,Electronics,20.09,Debit Card,0.0,CUST012868,150,4,1,263224,Courier_D,2,0.3551,1,5,0
ORD000086674,2026-08-10 02:53:04,342.4,2,Apparel,0.0,Debit Card,0.0,CUST026248,400,2,0,488554,Courier_C,3,0.4113,0,1,1
ORD000086675,2026-08-10 02:55:36,396.91,6,Footwear,0.0,UPI,0.0,CUST029187,307,7,0,174397,Courier_D,2,0.0897,1,1,0
ORD000086676,2026-08-10 02:56:37,377.76,2,Electronics,35.56,Debit Card,0.0,CUST019055,248,6,0,838806,Courier_B,3,0.2172,3,1,0
ORD000086677,2026-08-10 02:56:52,4876.34,3,Apparel,13.3,Debit Card,0.0,CUST007075,1637,2,0,729799,Courier_A,1,0.4348,0,1,0
ORD000086678,2026-08-10 02:59:25,122.26,1,Electronics,0.0,Credit Card,0.0,CUST009079,525,4,0,512993,Courier_E,2,0.0903,1,1,1
ORD000086679,2026-08-10 03:04:44,1467.86,2,Beauty,22.71,COD,79.0,CUST024642,64,3,0,677977,Courier_A,2,0.2278,2,1,0
ORD000086680,2026-08-10 03:08:41,244.49,3,Beauty,37.52,Credit Card,0.0,CUST010468,187,3,0,667890,Courier_B,1,0.1594,3,4,0
ORD000086681,2026-08-10 03:09:38,439.24,6,Jewelry,0.0,COD,29.0,CUST006379,274,1,0,709428,Courier_A,2,0.1313,0,1,1
ORD000086682,2026-08-10 03:18:38,370.74,2,Home,13.61,Debit Card,0.0,CUST016606,192,0,0,175936,Courier_D,2,0.1003,3,1,0
ORD000086683,2026-08-10 03:23:07,194.94,4,Apparel,0.0,COD,59.0,CUST027251,60,5,0,430264,Courier_B,2,0.0698,1,3,0
ORD000086684,2026-08-10 03:26:24,2106.13,2,Home,0.0,COD,49.0,CUST024363,211,1,0,248546,Courier_A,2,0.2425,1,1,0
ORD000086685,2026-08-10 03:30:26,330.39,3,Beauty,35.55,UPI,0.0,CUST020405,258,2,0,804849,Courier_B,1,0.2944,1,1,0
ORD000086686,2026-08-10 03:31:48,392.53,2,Apparel,0.0,UPI,0.0,CUST008079,142,2,0,550528,Courier_A,3,0.1514,3,1,0
ORD000086687,2026-08-10 03:37:27,1258.34,3,Apparel,18.07,Debit Card,0.0,CUST014052,340,2,0,856758,Courier_B,3,0.2035,3,4,0
ORD000086688,2026-08-10 03:40:47,723.57,2,Footwear,0.0,Credit Card,0.0,CUST025967,117,4,1,279683,Courier_B,3,0.3691,3,1,0
ORD000086689,2026-08-10 03:41:00,281.24,4,Footwear,0.0,UPI,0.0,CUST021830,83,5,0,527649,Courier_C,1,0.2673,2,1,0
ORD000086690,2026-08-10 03:41:30,1476.6,3,Home,24.14,Credit Card,0.0,CUST011787,788,4,0,729178,Courier_A,3,0.0,0,1,0
ORD000086691,2026-08-10 03:41:49,240.9,1,Home,0.0,UPI,0.0,CUST026934,244,1,0,353006,Courier_A,3,0.0945,3,1,0
ORD000086692,2026-08-10 03:47:00,1358.24,5,Electronics,0.0,Net Banking,0.0,CUST025789,47,0,0,969091,Courier_E,3,0.2635,2,1,0
ORD000086693,2026-08-10 03:50:39,392.44,5,Footwear,14.45,Net Banking,0.0,CUST007901,1703,3,0,801215,Courier_B,2,0.0985,1,3,0
ORD000086694,2026-08-10 03:51:37,1395.16,2,Home,32.54,UPI,0.0,CUST018979,2110,6,0,368795,Courier_B,1,0.2308,0,1,0
ORD000086695,2026-08-10 03:52:28,251.61,2,Beauty,10.78,Net Banking,0.0,CUST027869,771,1,0,695165,Courier_C,3,0.1569,0,1,0
ORD000086696,2026-08-10 03:56:15,227.87,2,Electronics,10.49,COD,20.0,CUST016672,83,3,1,807606,Courier_A,3,0.1831,0,1,0
ORD000086697,2026-08-10 03:57:41,448.8,1,Jewelry,2.2,Debit Card,0.0,CUST003484,210,2,0,847491,Courier_E,1,0.2678,0,1,0
ORD000086698,2026-08-10 03:58:37,172.18,3,Home,29.48,COD,59.0,CUST003897,179,5,2,386049,Courier_A,2,0.0415,0,1,0
ORD000086699,2026-08-10 03:59:46,669.13,1,Home,0.0,UPI,0.0,CUST017911,44,6,0,645241,Courier_C,3,0.1242,3,5,1
ORD000086700,2026-08-10 04:02:20,286.04,2,Jewelry,22.64,UPI,0.0,CUST000905,261,3,1,769586,Courier_A,2,0.1475,0,1,0
ORD000086701,2026-08-10 04:08:57,2599.33,2,Footwear,12.58,COD,49.0,CUST023703,99,2,0,149830,Courier_C,1,0.1486,1,5,1
ORD000086702,2026-08-10 04:14:23,792.17,3,Apparel,0.0,COD,49.0,CUST016830,418,5,0,356115,Courier_B,2,0.3041,3,1,0
ORD000086703,2026-08-10 04:20:38,227.83,2,Electronics,0.0,Credit Card,0.0,CUST006624,340,5,0,227041,Courier_C,1,0.1879,1,1,0
ORD000086704,2026-08-10 04:22:14,503.51,3,Electronics,0.0,COD,39.0,CUST010010,125,5,0,519606,Courier_A,2,0.0755,0,1,0
ORD000086705,2026-08-10 04:24:33,1358.93,1,Apparel,0.0,COD,39.0,CUST004283,12,3,0,371674,Courier_A,3,0.2487,2,1,1
ORD000086706,2026-08-10 04:32:16,1194.5,1,Electronics,40.81,COD,59.0,CUST015449,71,4,0,645241,Courier_E,3,0.1365,3,1,0
ORD000086707,2026-08-10 04:35:20,270.39,2,Beauty,0.0,Debit Card,0.0,CUST005841,33,5,0,320359,Courier_A,1,0.4959,1,2,0
ORD000086708,2026-08-10 04:37:55,430.25,3,Apparel,11.58,Net Banking,0.0,CUST023131,122,6,0,371186,Courier_D,2,0.2329,0,1,0
ORD000086709,2026-08-10 04:40:35,478.46,3,Footwear,14.31,UPI,0.0,CUST023934,1052,2,0,670233,Courier_B,3,0.1276,2,1,0
ORD000086710,2026-08-10 04:45:38,456.08,3,Footwear,30.23,COD,79.0,CUST021087,139,4,0,885352,Courier_D,1,0.1239,1,1,0
ORD000086711,2026-08-10 04:50:58,190.43,1,Footwear,0.0,Net Banking,0.0,CUST024038,1740,5,0,207727,Courier_D,3,0.0516,2,2,0
ORD000086712,2026-08-10 04:52:05,746.98,3,Footwear,0.0,UPI,0.0,CUST023482,140,4,0,561464,Courier_B,2,0.1461,0,1,0
ORD000086713,2026-08-10 04:58:06,442.9,2,Beauty,18.17,Debit Card,0.0,CUST011477,303,3,0,652739,Courier_A,3,0.2182,0,1,1
ORD000086714,2026-08-10 05:07:03,1664.34,2,Electronics,0.0,Net Banking,0.0,CUST023004,51,4,0,174397,Courier_B,2,0.0707,2,2,0
ORD000086715,2026-08-10 05:09:53,288.37,3,Beauty,26.23,COD,49.0,CUST007324,788,4,1,254111,Courier_D,2,0.0485,4,1,0
ORD000086716,2026-08-10 05:10:20,1413.73,2,Electronics,8.91,UPI,0.0,CUST007558,678,5,0,591756,Courier_B,2,0.2827,2,2,0
ORD000086717,2026-08-10 05:14:17,574.84,1,Electronics,16.32,COD,29.0,CUST027453,175,2,0,127709,Courier_B,2,0.2539,4,3,0
ORD000086718,2026-08-10 05:15:58,945.04,2,Footwear,47.5,COD,79.0,CUST021966,42,4,0,554360,Courier_B,2,0.1748,2,3,0
ORD000086719,2026-08-10 05:16:47,680.79,2,Apparel,0.0,UPI,0.0,CUST027378,142,0,0,717194,Courier_A,3,0.2202,0,5,0
ORD000086720,2026-08-10 05:18:25,504.97,2,Apparel,0.0,COD,49.0,CUST002299,703,3,0,528196,Courier_B,1,0.3538,3,4,1
ORD000086721,2026-08-10 05:18:55,399.78,5,Beauty,11.45,UPI,0.0,CUST019483,2749,3,0,698997,Courier_E,2,0.1875,4,2,0
ORD000086722,2026-08-10 05:18:59,4566.61,3,Electronics,0.0,Credit Card,0.0,CUST004755,484,2,0,475813,Courier_A,3,0.2917,1,1,0
ORD000086723,2026-08-10 05:23:54,248.66,2,Footwear,19.0,COD,39.0,CUST027854,26,3,1,918349,Courier_C,3,0.1441,0,3,1
ORD000086724,2026-08-10 05:27:10,1036.96,2,Home,8.61,COD,39.0,CUST026063,296,5,0,229422,Courier_A,1,0.2622,3,16,0
ORD000086725,2026-08-10 05:27:26,169.8,1,Beauty,0.0,COD,49.0,CUST016553,762,4,0,561464,Courier_C,2,0.1232,1,1,0
ORD000086726,2026-08-10 05:28:23,773.73,2,Apparel,0.0,COD,49.0,CUST023305,153,4,0,793758,Courier_C,1,0.1205,1,1,0
ORD000086727,2026-08-10 05:29:48,1220.68,3,Footwear,45.4,COD,59.0,CUST008354,0,0,0,845025,Courier_C,2,0.2255,0,1,0
ORD000086728,2026-08-10 05:32:20,1059.13,4,Electronics,0.0,UPI,0.0,CUST019652,497,4,0,820543,Courier_A,2,0.0,0,1,0
ORD000086729,2026-08-10 05:34:30,1722.11,3,Beauty,0.0,COD,39.0,CUST025264,1577,5,0,371751,Courier_C,1,0.0321,2,1,0
ORD000086730,2026-08-10 05:35:15,1570.07,2,Electronics,13.4,UPI,0.0,CUST015866,337,1,0,195440,Courier_B,2,0.3993,0,3,0
ORD000086731,2026-08-10 05:36:43,557.08,2,Apparel,11.19,UPI,0.0,CUST025900,232,5,1,504976,Courier_C,1,0.1306,2,16,0
ORD000086732,2026-08-10 05:37:38,879.72,3,Beauty,0.0,Credit Card,0.0,CUST026774,77,4,0,591756,Courier_C,2,0.2078,0,1,0
ORD000086733,2026-08-10 05:38:31,773.51,5,Apparel,44.13,UPI,0.0,CUST003483,320,1,0,756541,Courier_D,1,0.0966,1,1,0
ORD000086734,2026-08-10 05:41:17,838.62,1,Electronics,0.0,Debit Card,0.0,CUST016901,178,5,0,386699,Courier_C,1,0.1998,2,1,0
ORD000086735,2026-08-10 05:42:19,605.59,2,Apparel,0.0,COD,49.0,CUST000207,532,3,0,645986,Courier_B,1,0.2378,3,1,0
ORD000086736,2026-08-10 05:43:58,195.21,4,Apparel,19.8,COD,59.0,CUST029658,333,4,0,265163,Courier_A,2,0.0,3,5,0
ORD000086737,2026-08-10 05:47:01,752.7,2,Beauty,0.0,UPI,0.0,CUST002811,169,8,0,856360,Courier_B,2,0.1774,0,1,0
ORD000086738,2026-08-10 05:47:17,754.52,2,Jewelry,0.0,Credit Card,0.0,CUST011365,400,2,0,748905,Courier_A,2,0.2229,2,1,0
ORD000086739,2026-08-10 05:53:09,173.34,4,Beauty,0.0,UPI,0.0,CUST018233,183,3,0,475043,Courier_C,1,0.0399,0,1,0
ORD000086740,2026-08-10 05:54:03,180.0,2,Beauty,27.1,COD,49.0,CUST004066,488,2,0,726938,Courier_E,3,0.0561,2,1,0
ORD000086741,2026-08-10 05:56:46,525.63,2,Beauty,34.24,Net Banking,0.0,CUST023804,56,4,0,250136,Courier_A,1,0.2096,4,1,0
ORD000086742,2026-08-10 05:57:38,720.26,2,Home,0.0,COD,49.0,CUST025049,97,2,0,943477,Courier_A,2,0.2347,2,5,0
ORD000086743,2026-08-10 06:02:31,752.81,4,Apparel,0.0,Credit Card,0.0,CUST029414,449,5,0,297200,Courier_B,3,0.1138,1,5,0
ORD000086744,2026-08-10 06:04:17,2897.33,2,Footwear,0.0,Debit Card,0.0,CUST026590,59,3,1,571156,Courier_C,1,0.0737,2,1,0
ORD000086745,2026-08-10 06:10:32,338.07,2,Electronics,27.46,COD,59.0,CUST017992,109,4,0,365062,Courier_B,2,0.2397,1,1,0
ORD000086746,2026-08-10 06:11:43,1003.14,1,Apparel,24.86,Credit Card,0.0,CUST026125,1218,5,0,424619,Courier_B,2,0.2484,4,1,0
ORD000086747,2026-08-10 06:12:53,1305.69,3,Home,0.0,COD,49.0,CUST014908,470,4,0,461780,Courier_A,3,0.1601,2,4,0
ORD000086748,2026-08-10 06:13:38,244.37,4,Footwear,48.72,COD,29.0,CUST027000,231,4,2,378752,Courier_C,1,0.1135,1,1,0
ORD000086749,2026-08-10 06:18:10,102.98,1,Electronics,0.0,COD,20.0,CUST014880,134,4,0,931973,Courier_B,3,0.3046,1,5,0
ORD000086750,2026-08-10 06:19:53,1640.38,3,Beauty,21.43,COD,79.0,CUST020422,137,4,0,696461,Courier_A,1,0.1239,1,12,0
ORD000086751,2026-08-10 06:20:23,478.55,3,Footwear,0.0,COD,39.0,CUST025169,768,2,0,788240,Courier_A,1,0.1519,0,1,1
ORD000086752,2026-08-10 06:20:29,1148.83,3,Apparel,0.0,COD,59.0,CUST002383,140,2,0,245011,Courier_D,3,0.0407,2,1,0
ORD000086753,2026-08-10 06:23:32,294.72,1,Home,0.0,Credit Card,0.0,CUST001551,437,2,0,186089,Courier_A,1,0.2038,1,5,0
ORD000086754,2026-08-10 06:25:18,1093.23,1,Electronics,9.38,Credit Card,0.0,CUST022444,297,4,0,198172,Courier_B,1,0.4085,2,18,0
ORD000086755,2026-08-10 06:28:33,523.49,1,Electronics,0.0,COD,59.0,CUST014482,484,3,0,334819,Courier_B,2,0.3137,3,1,0
ORD000086756,2026-08-10 06:30:47,647.17,2,Beauty,0.0,COD,39.0,CUST006863,119,2,0,207727,Courier_D,3,0.0489,2,1,0
ORD000086757,2026-08-10 06:31:30,553.62,2,Apparel,0.0,UPI,0.0,CUST000578,389,2,0,856071,Courier_B,2,0.1692,3,5,1
ORD000086758,2026-08-10 06:35:50,617.04,1,Footwear,0.0,COD,79.0,CUST006822,0,0,0,712336,Courier_C,3,0.2082,0,1,0
ORD000086759,2026-08-10 06:35:52,194.35,1,Apparel,0.0,COD,20.0,CUST010591,121,3,0,370685,Courier_D,2,0.2151,2,1,0
ORD000086760,2026-08-10 06:40:29,1175.51,3,Footwear,18.23,COD,59.0,CUST019413,1504,5,0,645986,Courier_B,1,0.2731,2,2,0
ORD000086761,2026-08-10 06:41:25,641.03,2,Electronics,7.81,Debit Card,0.0,CUST014744,477,2,0,359241,Courier_C,2,0.2045,1,1,0
ORD000086762,2026-08-10 06:42:00,1812.77,2,Apparel,18.81,COD,49.0,CUST006829,258,7,0,218562,Courier_A,2,0.0845,2,1,0
ORD000086763,2026-08-10 06:43:43,775.14,3,Beauty,0.0,COD,29.0,CUST020058,302,4,1,469380,Courier_C,3,0.1208,1,1,0
ORD000086764,2026-08-10 06:44:25,825.33,3,Footwear,15.04,COD,49.0,CUST015454,183,6,1,348656,Courier_A,2,0.2577,2,1,1
ORD000086765,2026-08-10 06:45:19,1565.23,2,Electronics,17.56,COD,49.0,CUST015264,561,2,0,263224,Courier_A,2,0.3357,0,1,0
ORD000086766,2026-08-10 06:49:21,704.34,2,Apparel,0.0,UPI,0.0,CUST022827,62,3,0,113112,Courier_D,3,0.0599,0,1,0
ORD000086767,2026-08-10 06:58:13,569.63,4,Electronics,25.0,COD,79.0,CUST006699,119,6,0,279683,Courier_A,3,0.3955,0,4,0
ORD000086768,2026-08-10 07:00:45,476.87,2,Apparel,0.0,COD,39.0,CUST016486,107,2,0,281577,Courier_E,1,0.1163,1,1,1
ORD000086769,2026-08-10 07:04:46,631.79,2,Apparel,0.0,COD,39.0,CUST023398,1256,4,0,794324,Courier_D,1,0.0494,2,1,0
ORD000086770,2026-08-10 07:07:21,328.05,2,Beauty,0.0,Debit Card,0.0,CUST014253,762,2,1,244471,Courier_A,3,0.6427,3,1,0
ORD000086771,2026-08-10 07:08:54,811.17,2,Apparel,0.0,COD,79.0,CUST016442,109,7,0,570241,Courier_D,1,0.1238,1,4,0
ORD000086772,2026-08-10 07:12:50,329.8,2,Apparel,9.33,COD,49.0,CUST025061,494,0,0,764665,Courier_A,3,0.1154,2,1,0
ORD000086773,2026-08-10 07:20:38,698.76,6,Beauty,0.0,Credit Card,0.0,CUST024312,494,0,0,496735,Courier_D,2,0.0678,3,3,0
ORD000086774,2026-08-10 07:21:30,876.42,3,Jewelry,22.32,COD,59.0,CUST008949,128,7,0,256747,Courier_B,1,0.2117,3,3,0
ORD000086775,2026-08-10 07:22:43,1287.0,2,Beauty,0.0,COD,39.0,CUST003081,88,2,0,488554,Courier_B,3,0.4581,0,7,0
ORD000086776,2026-08-10 07:23:22,683.15,3,Apparel,0.0,Credit Card,0.0,CUST015244,239,2,0,165195,Courier_A,1,0.3636,5,1,0
ORD000086777,2026-08-10 07:24:59,1539.92,2,Beauty,0.0,COD,79.0,CUST020371,660,5,0,339714,Courier_A,2,0.0153,0,1,0
ORD000086778,2026-08-10 07:28:12,996.34,3,Home,0.0,UPI,0.0,CUST003418,0,0,0,501836,Courier_C,2,0.0315,0,1,0
ORD000086779,2026-08-10 07:28:51,935.54,2,Apparel,0.0,COD,79.0,CUST002291,64,1,0,365062,Courier_D,2,0.2208,1,3,0
ORD000086780,2026-08-10 07:34:08,884.94,2,Apparel,28.65,COD,29.0,CUST011209,180,3,0,761450,Courier_C,2,0.4542,2,1,1
ORD000086781,2026-08-10 07:34:59,738.86,3,Footwear,11.83,COD,49.0,CUST021870,41,1,0,221043,Courier_C,2,0.266,2,1,0
ORD000086782,2026-08-10 07:39:25,653.14,6,Apparel,41.01,COD,39.0,CUST026592,207,1,0,911637,Courier_A,1,0.2637,0,5,0
ORD000086783,2026-08-10 07:41:31,690.25,3,Electronics,13.08,Credit Card,0.0,CUST011100,314,2,1,504071,Courier_D,1,0.0671,0,1,0
ORD000086784,2026-08-10 07:43:30,426.49,1,Apparel,0.0,Credit Card,0.0,CUST014309,3042,4,0,642033,Courier_A,1,0.1842,1,1,0
ORD000086785,2026-08-10 07:47:41,311.35,2,Apparel,6.97,Net Banking,0.0,CUST024881,66,6,1,630889,Courier_A,1,0.1569,1,1,0
ORD000086786,2026-08-10 07:49:27,865.71,2,Apparel,0.0,UPI,0.0,CUST008872,360,4,1,971241,Courier_B,2,0.294,2,1,0
ORD000086787,2026-08-10 07:49:50,384.74,1,Apparel,0.0,COD,59.0,CUST014392,194,2,0,329012,Courier_B,3,0.1787,1,6,0
ORD000086788,2026-08-10 07:49:58,673.04,3,Electronics,0.0,Credit Card,0.0,CUST022582,779,4,0,168637,Courier_A,2,0.1523,0,1,0
ORD000086789,2026-08-10 07:51:57,1131.72,1,Home,0.0,UPI,0.0,CUST007916,2009,2,0,801962,Courier_B,3,0.2768,0,1,0
ORD000086790,2026-08-10 07:54:54,260.85,1,Beauty,13.94,Net Banking,0.0,CUST015290,89,4,0,842688,Courier_B,2,0.3582,2,1,0
ORD000086791,2026-08-10 07:56:04,317.47,2,Home,0.0,Credit Card,0.0,CUST023846,96,3,0,203887,Courier_B,2,0.0632,1,1,0
ORD000086792,2026-08-10 07:57:56,307.21,1,Home,6.18,COD,49.0,CUST025190,139,1,0,728214,Courier_E,1,0.2313,3,1,1
ORD000086793,2026-08-10 08:01:04,1226.51,2,Apparel,12.61,COD,39.0,CUST010755,314,1,0,865292,Courier_C,1,0.3558,2,1,0
ORD000086794,2026-08-10 08:01:06,245.33,3,Footwear,0.0,Debit Card,0.0,CUST026340,319,0,0,171266,Courier_E,3,0.209,2,12,0
ORD000086795,2026-08-10 08:02:14,200.72,2,Electronics,21.37,Credit Card,0.0,CUST022958,138,2,0,777635,Courier_E,3,0.1053,1,1,0
ORD000086796,2026-08-10 08:08:54,568.95,3,Home,19.21,COD,39.0,CUST020158,1520,7,1,182540,Courier_A,3,0.208,2,2,0
ORD000086797,2026-08-10 08:10:23,634.66,1,Jewelry,0.0,Credit Card,0.0,CUST013418,1936,0,0,140279,Courier_C,2,0.2501,0,1,0
ORD000086798,2026-08-10 08:14:05,461.53,3,Apparel,16.97,COD,79.0,CUST027494,34,0,0,577652,Courier_B,3,0.1892,1,1,0
ORD000086799,2026-08-10 08:14:47,839.72,1,Electronics,0.0,COD,29.0,CUST012903,66,4,0,561464,Courier_A,2,0.171,0,1,0
ORD000086800,2026-08-10 08:15:08,264.11,1,Beauty,19.56,COD,39.0,CUST029896,1207,0,0,856258,Courier_E,2,0.2717,0,3,0
ORD000086801,2026-08-10 08:17:46,1110.55,2,Apparel,0.0,Net Banking,0.0,CUST003485,233,5,0,438636,Courier_A,2,0.2726,2,1,0
ORD000086802,2026-08-10 08:17:50,1883.57,3,Apparel,17.26,COD,59.0,CUST010061,118,6,0,475091,Courier_B,1,0.0433,2,1,0
ORD000086803,2026-08-10 08:23:09,336.41,2,Electronics,2.76,UPI,0.0,CUST021138,450,2,0,914136,Courier_A,1,0.2868,1,1,1
ORD000086804,2026-08-10 08:23:10,330.19,4,Electronics,0.0,COD,20.0,CUST011991,1080,3,0,837858,Courier_A,2,0.0614,4,5,0
ORD000086805,2026-08-10 08:23:18,1924.99,1,Apparel,0.0,Credit Card,0.0,CUST018466,137,4,0,638422,Courier_C,3,0.2165,2,3,0
ORD000086806,2026-08-10 08:23:28,2610.45,4,Beauty,28.17,Debit Card,0.0,CUST010449,115,3,0,709481,Courier_E,2,0.1122,3,1,0
ORD000086807,2026-08-10 08:29:31,417.57,2,Apparel,37.45,Debit Card,0.0,CUST010467,143,4,0,144307,Courier_B,2,0.1768,1,1,0
ORD000086808,2026-08-10 08:35:13,159.5,1,Footwear,26.83,Credit Card,0.0,CUST004590,309,1,0,264557,Courier_A,2,0.1701,1,5,0
ORD000086809,2026-08-10 08:36:36,574.72,3,Apparel,0.0,COD,39.0,CUST009727,521,3,0,263224,Courier_A,2,0.3305,0,4,0
ORD000086810,2026-08-10 08:36:50,323.28,2,Home,0.0,UPI,0.0,CUST012099,87,1,0,865643,Courier_B,2,0.2345,3,1,0
ORD000086811,2026-08-10 08:38:32,266.15,2,Apparel,18.89,COD,49.0,CUST015015,328,5,0,819092,Courier_C,1,0.129,2,1,0
ORD000086812,2026-08-10 08:39:10,892.71,1,Beauty,0.0,COD,49.0,CUST010844,147,3,2,983619,Courier_B,1,0.2305,1,2,0
ORD000086813,2026-08-10 08:41:37,3435.13,2,Footwear,21.9,COD,49.0,CUST026451,1277,2,0,962688,Courier_C,3,0.1802,2,10,0
ORD000086814,2026-08-10 08:41:53,507.41,2,Home,10.89,COD,49.0,CUST009358,129,1,0,670928,Courier_B,2,0.2588,2,5,1
ORD000086815,2026-08-10 08:42:27,203.85,1,Beauty,0.0,Debit Card,0.0,CUST006760,242,3,0,789126,Courier_A,3,0.2741,4,20,1
ORD000086816,2026-08-10 08:45:09,242.93,2,Apparel,0.0,UPI,0.0,CUST022515,595,7,1,629455,Courier_C,2,0.3519,1,1,0
ORD000086817,2026-08-10 08:50:01,850.9,1,Jewelry,10.23,COD,39.0,CUST000191,385,2,0,184063,Courier_C,3,0.1028,0,1,0
ORD000086818,2026-08-10 08:53:31,1156.17,1,Apparel,0.0,COD,39.0,CUST018178,545,3,1,932843,Courier_A,2,0.2032,1,6,0
ORD000086819,2026-08-10 08:55:56,1293.34,3,Beauty,0.0,COD,79.0,CUST020840,276,4,0,816723,Courier_E,2,0.2969,4,3,1
ORD000086820,2026-08-10 08:58:13,325.37,4,Apparel,22.31,COD,79.0,CUST017042,1122,1,0,663408,Courier_C,1,0.0196,0,2,0
ORD000086821,2026-08-10 08:59:35,488.9,2,Jewelry,0.0,Net Banking,0.0,CUST001047,480,7,0,530251,Courier_B,1,0.0818,3,1,0
ORD000086822,2026-08-10 09:01:35,381.13,2,Electronics,0.0,COD,59.0,CUST015826,107,4,0,229422,Courier_D,1,0.1956,1,1,1
ORD000086823,2026-08-10 09:04:26,835.52,1,Apparel,21.93,COD,49.0,CUST005449,33,2,0,304008,Courier_D,3,0.3186,3,3,0
ORD000086824,2026-08-10 09:04:41,986.66,1,Electronics,0.0,Debit Card,0.0,CUST014578,296,7,0,856258,Courier_D,2,0.2497,2,2,0
ORD000086825,2026-08-10 09:06:43,828.76,1,Apparel,9.79,Credit Card,0.0,CUST029796,24,1,0,579494,Courier_E,2,0.137,1,1,1
ORD000086826,2026-08-10 09:10:13,485.79,1,Footwear,23.62,UPI,0.0,CUST006848,352,5,0,826264,Courier_E,3,0.2151,0,19,0
ORD000086827,2026-08-10 09:13:31,110.88,3,Home,0.0,UPI,0.0,CUST005120,2699,5,0,488643,Courier_B,1,0.3896,2,1,0
ORD000086828,2026-08-10 09:32:17,296.13,2,Electronics,3.66,Credit Card,0.0,CUST025074,281,4,0,128700,Courier_C,3,0.2843,0,1,0
ORD000086829,2026-08-10 09:33:14,2459.24,2,Apparel,0.0,Debit Card,0.0,CUST022000,983,6,0,385326,Courier_B,2,0.23,2,1,0
ORD000086830,2026-08-10 09:33:55,620.39,3,Beauty,0.0,COD,39.0,CUST011803,214,7,0,388183,Courier_B,3,0.0,0,2,0
ORD000086831,2026-08-10 09:35:40,465.59,2,Beauty,0.0,Credit Card,0.0,CUST023541,161,4,0,813547,Courier_C,1,0.1351,2,8,0
ORD000086832,2026-08-10 09:38:34,324.68,2,Electronics,0.0,COD,29.0,CUST025611,58,1,0,254111,Courier_D,2,0.0301,1,1,0
ORD000086833,2026-08-10 09:43:47,568.32,3,Footwear,5.84,UPI,0.0,CUST008423,986,2,0,309225,Courier_A,1,0.1023,0,1,0
ORD000086834,2026-08-10 09:45:04,216.4,3,Apparel,34.21,UPI,0.0,CUST029306,78,4,0,889948,Courier_B,2,0.0961,3,1,0
ORD000086835,2026-08-10 09:47:02,328.08,2,Home,0.0,Credit Card,0.0,CUST017281,128,5,0,275250,Courier_A,2,0.1326,2,1,0
ORD000086836,2026-08-10 09:49:31,441.97,2,Apparel,33.4,Debit Card,0.0,CUST015095,475,4,0,599375,Courier_A,2,0.1123,2,1,0
ORD000086837,2026-08-10 09:49:42,244.23,1,Electronics,0.0,COD,49.0,CUST001254,495,6,1,733081,Courier_C,3,0.1581,2,1,0
ORD000086838,2026-08-10 09:50:05,1911.35,2,Footwear,0.0,Net Banking,0.0,CUST008246,156,5,0,429634,Courier_B,1,0.1547,0,1,1
ORD000086839,2026-08-10 09:51:45,359.88,1,Jewelry,0.0,COD,79.0,CUST003269,64,4,0,929214,Courier_E,1,0.2065,3,1,0
ORD000086840,2026-08-10 09:52:00,403.31,2,Footwear,21.61,COD,49.0,CUST005064,73,4,0,777635,Courier_E,3,0.1208,0,1,0
ORD000086841,2026-08-10 09:54:26,502.06,1,Apparel,42.08,Credit Card,0.0,CUST001158,84,2,0,999753,Courier_A,2,0.1986,3,16,0
ORD000086842,2026-08-10 09:54:44,1290.78,1,Apparel,37.58,Credit Card,0.0,CUST020416,175,2,0,787311,Courier_B,2,0.1654,1,1,0
ORD000086843,2026-08-10 09:56:30,346.62,1,Electronics,0.0,Credit Card,0.0,CUST001418,196,8,1,533723,Courier_A,2,0.1703,1,5,0
ORD000086844,2026-08-10 09:57:48,211.25,1,Electronics,13.65,Credit Card,0.0,CUST014278,83,3,0,774402,Courier_C,2,0.174,0,3,0
ORD000086845,2026-08-10 10:16:04,838.91,3,Footwear,0.0,COD,49.0,CUST005337,249,5,0,127709,Courier_D,2,0.1898,2,3,0
ORD000086846,2026-08-10 10:16:27,618.79,2,Jewelry,0.0,COD,59.0,CUST029984,128,4,0,598248,Courier_A,1,0.134,1,2,0
ORD000086847,2026-08-10 10:20:07,2490.51,2,Beauty,16.94,COD,20.0,CUST016720,47,8,0,136130,Courier_B,2,0.2743,2,1,0
ORD000086848,2026-08-10 10:28:49,1099.29,1,Beauty,0.0,Debit Card,0.0,CUST011813,269,3,0,831901,Courier_B,2,0.0669,1,1,0
ORD000086849,2026-08-10 10:31:44,1277.14,4,Beauty,28.05,COD,79.0,CUST011878,471,1,0,932843,Courier_B,2,0.1721,0,1,0
ORD000086850,2026-08-10 10:34:16,290.47,2,Beauty,23.42,Debit Card,0.0,CUST009992,362,5,2,361634,Courier_D,2,0.2115,0,1,0
ORD000086851,2026-08-10 10:42:26,542.2,3,Electronics,14.59,UPI,0.0,CUST012100,0,0,0,429634,Courier_B,1,0.1754,0,1,0
ORD000086852,2026-08-10 10:43:10,455.47,1,Jewelry,0.0,UPI,0.0,CUST013160,64,1,0,737806,Courier_A,3,0.0634,2,4,0
ORD000086853,2026-08-10 10:43:59,959.84,4,Apparel,5.8,COD,39.0,CUST002300,663,3,0,860304,Courier_B,3,0.1304,1,1,0
ORD000086854,2026-08-10 10:45:05,819.55,4,Footwear,15.08,COD,29.0,CUST006581,0,0,0,139381,Courier_D,2,0.337,1,1,0
ORD000086855,2026-08-10 10:46:39,702.47,1,Apparel,0.0,COD,59.0,CUST024810,88,6,1,189160,Courier_E,2,0.6092,1,3,1
ORD000086856,2026-08-10 10:48:52,421.9,2,Footwear,0.0,COD,49.0,CUST005618,70,4,0,762648,Courier_C,2,0.1265,0,1,0
ORD000086857,2026-08-10 10:49:52,980.42,1,Jewelry,0.0,UPI,0.0,CUST005934,171,5,3,632716,Courier_B,2,0.1337,3,1,0
ORD000086858,2026-08-10 10:50:27,704.25,2,Footwear,0.0,UPI,0.0,CUST021133,210,3,0,871883,Courier_A,2,0.111,1,1,0
ORD000086859,2026-08-10 10:52:08,1130.7,2,Electronics,0.0,COD,39.0,CUST000215,227,3,0,554088,Courier_B,2,0.099,0,1,0
ORD000086860,2026-08-10 10:57:00,499.24,4,Home,22.23,Net Banking,0.0,CUST007983,298,1,0,495265,Courier_B,2,0.4309,0,1,0
ORD000086861,2026-08-10 11:05:13,2067.27,3,Apparel,26.25,UPI,0.0,CUST012890,1448,6,2,953016,Courier_C,3,0.2096,0,5,0
ORD000086862,2026-08-10 11:05:33,332.36,5,Apparel,0.0,UPI,0.0,CUST029531,42,4,0,395408,Courier_D,3,0.1193,2,1,0
ORD000086863,2026-08-10 11:05:53,1036.45,1,Apparel,9.26,UPI,0.0,CUST000495,398,1,0,203887,Courier_A,2,0.065,1,1,0
ORD000086864,2026-08-10 11:07:20,476.25,1,Jewelry,31.56,Credit Card,0.0,CUST007628,330,2,0,660873,Courier_D,1,0.1655,4,2,0
ORD000086865,2026-08-10 11:12:55,760.97,1,Footwear,0.0,COD,49.0,CUST017587,0,0,0,494006,Courier_D,3,0.2097,2,1,1
ORD000086866,2026-08-10 11:12:59,284.24,3,Apparel,15.71,COD,49.0,CUST018527,374,4,0,665395,Courier_B,1,0.1486,0,1,0
ORD000086867,2026-08-10 11:14:18,528.47,1,Jewelry,24.72,Net Banking,0.0,CUST007999,307,5,0,716918,Courier_D,3,0.1333,1,1,0
ORD000086868,2026-08-10 11:18:09,581.58,2,Electronics,13.32,UPI,0.0,CUST021179,278,1,0,764101,Courier_E,3,0.3035,0,1,0
ORD000086869,2026-08-10 11:18:58,520.55,1,Apparel,0.0,COD,39.0,CUST003690,64,5,0,619405,Courier_A,2,0.2494,0,3,0
ORD000086870,2026-08-10 11:19:51,242.66,1,Apparel,20.44,COD,59.0,CUST009767,0,0,0,563213,Courier_B,2,0.2212,2,4,0
ORD000086871,2026-08-10 11:25:00,1020.66,1,Jewelry,0.0,Credit Card,0.0,CUST021966,42,4,0,492669,Courier_E,2,0.0361,4,5,0
ORD000086872,2026-08-10 11:25:35,576.69,2,Apparel,0.0,COD,20.0,CUST011822,78,5,0,743457,Courier_A,2,0.1685,2,1,0
ORD000086873,2026-08-10 11:25:48,329.52,4,Apparel,22.81,COD,49.0,CUST021263,77,4,0,861400,Courier_B,3,0.192,1,1,1
ORD000086874,2026-08-10 11:27:27,824.22,2,Electronics,12.38,Debit Card,0.0,CUST029667,294,8,1,643532,Courier_A,3,0.1812,0,3,0
ORD000086875,2026-08-10 11:36:11,323.1,1,Beauty,0.0,Net Banking,0.0,CUST001958,219,3,0,615019,Courier_D,1,0.0828,0,1,0
ORD000086876,2026-08-10 11:40:03,1043.57,3,Apparel,0.0,COD,49.0,CUST004782,0,0,0,563213,Courier_A,2,0.1989,2,3,0
ORD000086877,2026-08-10 11:41:47,1641.97,2,Apparel,1.49,COD,49.0,CUST022252,258,2,0,476547,Courier_B,3,0.1065,5,4,0
ORD000086878,2026-08-10 11:41:51,297.71,3,Footwear,18.94,COD,39.0,CUST014500,223,4,0,215098,Courier_B,3,0.008,0,4,0
ORD000086879,2026-08-10 11:42:38,324.16,1,Apparel,0.0,Debit Card,0.0,CUST012118,71,2,0,789391,Courier_B,3,0.0907,1,1,0
ORD000086880,2026-08-10 11:44:50,1336.74,5,Apparel,0.0,COD,29.0,CUST003706,35,2,0,790359,Courier_D,3,0.2498,5,1,1
ORD000086881,2026-08-10 11:50:46,428.49,2,Electronics,0.0,Debit Card,0.0,CUST007932,483,4,0,238180,Courier_C,3,0.058,0,1,0
ORD000086882,2026-08-10 11:53:28,380.05,2,Footwear,0.0,UPI,0.0,CUST017150,156,4,0,240201,Courier_C,1,0.0938,2,1,0
ORD000086883,2026-08-10 11:54:43,314.15,1,Beauty,39.98,COD,99.0,CUST024307,2381,6,0,750176,Courier_B,2,0.0244,0,4,0
ORD000086884,2026-08-10 11:56:03,244.68,1,Apparel,25.15,COD,20.0,CUST021389,669,3,0,971281,Courier_B,3,0.0368,3,1,0
ORD000086885,2026-08-10 11:59:59,1043.35,3,Home,29.1,UPI,0.0,CUST026994,691,6,0,726938,Courier_A,3,0.1015,2,1,0
ORD000086886,2026-08-10 12:01:20,75.53,1,Beauty,0.0,Net Banking,0.0,CUST013353,245,2,0,185715,Courier_A,2,0.0295,0,1,0
ORD000086887,2026-08-10 12:02:09,401.25,1,Electronics,0.0,UPI,0.0,CUST013346,931,0,0,853073,Courier_E,3,0.2412,1,1,0
ORD000086888,2026-08-10 12:05:21,428.98,2,Beauty,0.0,UPI,0.0,CUST027201,172,6,1,715917,Courier_D,2,0.2538,0,5,0
ORD000086889,2026-08-10 12:06:07,127.34,2,Apparel,0.0,COD,49.0,CUST018104,1120,8,1,842688,Courier_C,2,0.3532,1,1,0
ORD000086890,2026-08-10 12:13:06,1432.37,3,Jewelry,0.0,Credit Card,0.0,CUST023038,50,3,0,642490,Courier_B,1,0.1025,2,1,0
ORD000086891,2026-08-10 12:17:07,78.29,4,Electronics,20.28,UPI,0.0,CUST001463,230,4,0,348656,Courier_A,2,0.1869,1,2,0
ORD000086892,2026-08-10 12:18:56,356.02,1,Apparel,22.4,COD,49.0,CUST021905,168,3,0,729178,Courier_A,3,0.0016,2,1,0
ORD000086893,2026-08-10 12:24:30,525.26,2,Beauty,0.0,UPI,0.0,CUST003500,234,3,0,590119,Courier_D,3,0.0721,0,1,0
ORD000086894,2026-08-10 12:24:48,276.27,3,Apparel,0.0,UPI,0.0,CUST000906,310,5,0,206944,Courier_D,3,0.3396,3,1,1
ORD000086895,2026-08-10 12:29:23,547.83,4,Apparel,4.67,COD,79.0,CUST028743,2948,6,0,210439,Courier_B,2,0.4768,2,2,1
ORD000086896,2026-08-10 12:33:06,2525.51,2,Jewelry,0.0,COD,49.0,CUST018300,47,5,0,306555,Courier_C,3,0.3141,5,1,0
ORD000086897,2026-08-10 12:36:38,328.63,4,Jewelry,0.0,COD,39.0,CUST007817,1788,2,0,136130,Courier_A,2,0.2661,2,5,1
ORD000086898,2026-08-10 12:39:11,437.01,2,Apparel,15.97,UPI,0.0,CUST003799,27,6,1,232968,Courier_B,1,0.1849,1,5,0
ORD000086899,2026-08-10 12:39:24,373.62,3,Footwear,29.06,Credit Card,0.0,CUST004945,35,5,1,734020,Courier_B,3,0.1552,0,1,0
ORD000086900,2026-08-10 12:43:07,556.41,1,Apparel,0.0,COD,99.0,CUST013856,102,5,0,609182,Courier_B,2,0.1462,1,1,0
ORD000086901,2026-08-10 12:49:30,2254.79,1,Footwear,0.0,COD,39.0,CUST026071,180,4,0,847515,Courier_E,1,0.2401,2,1,0
ORD000086902,2026-08-10 12:53:18,469.54,3,Jewelry,26.05,UPI,0.0,CUST018023,106,6,0,215176,Courier_A,3,0.4149,1,1,0
ORD000086903,2026-08-10 12:57:10,487.11,3,Apparel,16.66,COD,29.0,CUST015864,47,5,0,955861,Courier_A,3,0.1976,1,1,0
ORD000086904,2026-08-10 13:00:15,601.24,1,Beauty,9.06,COD,29.0,CUST005607,747,5,0,110880,Courier_D,2,0.2734,0,1,0
ORD000086905,2026-08-10 13:01:10,979.06,3,Home,0.0,UPI,0.0,CUST007669,518,1,0,963639,Courier_B,3,0.3355,2,1,0
ORD000086906,2026-08-10 13:03:56,300.76,1,Apparel,2.19,COD,59.0,CUST001438,235,4,0,334819,Courier_B,2,0.2394,3,1,1
ORD000086907,2026-08-10 13:04:07,226.11,4,Electronics,29.38,Credit Card,0.0,CUST010652,204,5,0,232968,Courier_A,1,0.2205,2,18,0
ORD000086908,2026-08-10 13:11:57,922.62,2,Apparel,0.0,COD,79.0,CUST028815,192,3,0,320716,Courier_A,2,0.3423,1,1,0
ORD000086909,2026-08-10 13:13:09,190.26,3,Apparel,34.81,Credit Card,0.0,CUST005286,551,2,1,441378,Courier_E,1,0.1108,1,3,0
ORD000086910,2026-08-10 13:14:30,1239.99,2,Footwear,20.38,COD,29.0,CUST023149,276,4,0,762648,Courier_A,2,0.1257,1,1,0
ORD000086911,2026-08-10 13:15:44,338.65,2,Electronics,0.0,COD,49.0,CUST011651,786,4,0,329012,Courier_D,3,0.1038,2,1,0
ORD000086912,2026-08-10 13:16:50,3237.14,1,Apparel,4.55,COD,29.0,CUST010819,509,3,0,429634,Courier_C,1,0.1858,2,1,0
ORD000086913,2026-08-10 13:20:57,316.59,1,Jewelry,10.55,Debit Card,0.0,CUST013251,245,4,0,854070,Courier_A,1,0.0907,1,1,0
ORD000086914,2026-08-10 13:22:10,633.2,3,Electronics,15.07,COD,39.0,CUST022895,95,8,0,989986,Courier_A,1,0.0935,2,5,1
ORD000086915,2026-08-10 13:31:34,226.87,3,Apparel,23.43,UPI,0.0,CUST020180,1421,1,0,369772,Courier_D,3,0.2299,2,2,0
ORD000086916,2026-08-10 13:31:56,1363.16,3,Footwear,15.1,UPI,0.0,CUST000197,331,4,0,516528,Courier_B,1,0.0597,2,1,0
ORD000086917,2026-08-10 13:32:39,272.67,1,Apparel,40.55,COD,39.0,CUST002146,199,3,0,408428,Courier_B,3,0.3151,1,1,0
ORD000086918,2026-08-10 13:34:29,327.77,1,Electronics,13.45,Debit Card,0.0,CUST028974,138,2,0,694046,Courier_B,1,0.2298,2,1,0
ORD000086919,2026-08-10 13:42:08,2804.4,2,Footwear,24.85,Debit Card,0.0,CUST025905,204,2,0,408056,Courier_E,1,0.3637,0,1,0
ORD000086920,2026-08-10 13:43:16,126.23,1,Jewelry,48.14,COD,49.0,CUST008802,342,6,2,281122,Courier_A,2,0.0482,1,1,1
ORD000086921,2026-08-10 13:45:27,1038.65,1,Footwear,2.19,UPI,0.0,CUST009162,439,2,0,330200,Courier_B,3,0.1861,3,1,0
ORD000086922,2026-08-10 13:50:26,395.54,2,Jewelry,0.0,UPI,0.0,CUST003004,369,1,0,488643,Courier_C,1,0.4198,1,1,0
ORD000086923,2026-08-10 13:57:51,233.43,1,Apparel,0.0,COD,79.0,CUST013005,442,4,0,278351,Courier_A,3,0.2139,3,1,0
ORD000086924,2026-08-10 13:58:01,755.85,1,Jewelry,8.28,COD,79.0,CUST013216,371,4,0,684370,Courier_C,1,0.2899,1,1,0
ORD000086925,2026-08-10 14:06:11,835.51,1,Apparel,0.0,UPI,0.0,CUST005778,45,2,0,690537,Courier_A,3,0.4011,0,1,0
ORD000086926,2026-08-10 14:07:59,484.86,3,Electronics,15.55,UPI,0.0,CUST020618,59,2,0,931973,Courier_C,3,0.2986,1,5,0
ORD000086927,2026-08-10 14:10:48,1561.04,3,Footwear,11.27,Debit Card,0.0,CUST025737,217,5,0,691898,Courier_A,1,0.3747,3,2,0
ORD000086928,2026-08-10 14:13:43,576.47,3,Beauty,0.0,Debit Card,0.0,CUST025618,1045,8,1,992497,Courier_C,2,0.3555,5,1,0
ORD000086929,2026-08-10 14:16:37,2061.34,2,Beauty,21.83,COD,59.0,CUST019726,744,2,0,183949,Courier_E,3,0.1606,0,4,0
ORD000086930,2026-08-10 14:16:37,1304.35,1,Beauty,0.0,COD,59.0,CUST029110,537,4,0,630731,Courier_C,2,0.1183,0,1,0
ORD000086931,2026-08-10 14:17:00,629.59,2,Footwear,38.08,COD,39.0,CUST026042,907,7,2,709428,Courier_B,2,0.1519,2,1,1
ORD000086932,2026-08-10 14:22:01,1170.42,3,Apparel,0.0,COD,59.0,CUST029032,296,4,0,467924,Courier_A,3,0.1428,2,19,0
ORD000086933,2026-08-10 14:23:58,167.57,3,Apparel,17.45,Credit Card,0.0,CUST020340,225,7,0,831938,Courier_A,2,0.2455,4,3,0
ORD000086934,2026-08-10 14:24:54,667.3,3,Beauty,0.0,Credit Card,0.0,CUST003239,245,3,0,969906,Courier_D,2,0.3651,1,1,0
ORD000086935,2026-08-10 14:29:24,267.82,2,Apparel,23.08,COD,59.0,CUST010971,604,4,0,343652,Courier_B,1,0.4285,1,4,0
ORD000086936,2026-08-10 14:47:31,1208.47,1,Electronics,0.0,COD,59.0,CUST008236,1618,4,0,180236,Courier_B,2,0.0,1,1,0
ORD000086937,2026-08-10 14:48:15,1078.19,1,Home,0.0,UPI,0.0,CUST013627,0,0,0,133646,Courier_C,2,0.1898,2,3,0
ORD000086938,2026-08-10 14:48:26,500.24,1,Beauty,0.0,UPI,0.0,CUST008144,133,2,0,490071,Courier_C,3,0.1511,0,1,0
ORD000086939,2026-08-10 14:52:45,1276.59,4,Electronics,31.94,UPI,0.0,CUST023788,259,4,0,104400,Courier_A,2,0.1419,1,1,0
ORD000086940,2026-08-10 14:55:37,510.42,3,Jewelry,23.01,Credit Card,0.0,CUST029707,79,1,0,664100,Courier_A,2,0.2179,4,1,0
ORD000086941,2026-08-10 14:59:57,1032.49,2,Home,0.0,COD,39.0,CUST028367,371,0,0,983619,Courier_E,1,0.2618,2,1,1
ORD000086942,2026-08-10 15:00:44,1171.03,1,Footwear,37.77,UPI,0.0,CUST026306,15,4,0,695078,Courier_C,1,0.0,0,6,0
ORD000086943,2026-08-10 15:02:05,228.18,3,Electronics,7.0,UPI,0.0,CUST016369,179,3,0,460687,Courier_A,2,0.2876,1,1,0
ORD000086944,2026-08-10 15:05:53,582.03,4,Beauty,13.45,COD,39.0,CUST008009,77,11,0,325332,Courier_C,2,0.3797,0,1,0
ORD000086945,2026-08-10 15:10:42,708.46,2,Apparel,0.0,Net Banking,0.0,CUST027118,62,7,0,557486,Courier_B,2,0.0344,1,5,0
ORD000086946,2026-08-10 15:13:30,296.13,2,Footwear,10.77,Credit Card,0.0,CUST027583,258,4,0,516339,Courier_B,3,0.353,5,4,0
ORD000086947,2026-08-10 15:20:08,307.13,2,Footwear,0.0,COD,79.0,CUST029889,203,3,0,781551,Courier_A,2,0.2304,0,1,0
ORD000086948,2026-08-10 15:21:30,1619.61,2,Apparel,0.0,COD,79.0,CUST011344,29,5,1,614147,Courier_D,2,0.1905,2,1,0
ORD000086949,2026-08-10 15:23:54,141.95,1,Apparel,0.0,UPI,0.0,CUST011002,153,3,0,999013,Courier_E,3,0.368,0,1,1
ORD000086950,2026-08-10 15:27:40,1591.61,1,Apparel,14.45,Credit Card,0.0,CUST026679,56,2,0,639080,Courier_A,2,0.3271,2,1,0
ORD000086951,2026-08-10 15:27:53,416.31,1,Beauty,27.48,UPI,0.0,CUST014687,745,7,1,804849,Courier_D,1,0.3247,0,1,0
ORD000086952,2026-08-10 15:28:34,632.33,1,Electronics,8.77,Debit Card,0.0,CUST008404,593,3,1,660873,Courier_A,1,0.2013,0,1,0
ORD000086953,2026-08-10 15:36:53,192.89,4,Electronics,0.0,Credit Card,0.0,CUST016782,51,3,0,821498,Courier_A,2,0.0356,2,1,0
ORD000086954,2026-08-10 15:37:10,959.01,6,Footwear,25.59,UPI,0.0,CUST001256,880,4,0,715917,Courier_A,2,0.21,2,4,0
ORD000086955,2026-08-10 15:39:37,1063.83,1,Footwear,42.25,COD,49.0,CUST028373,92,2,0,860537,Courier_A,2,0.1794,1,1,1
ORD000086956,2026-08-10 15:45:40,3533.6,3,Beauty,0.0,COD,29.0,CUST017241,0,0,0,463515,Courier_B,2,0.4883,2,2,1
ORD000086957,2026-08-10 15:49:26,305.94,4,Apparel,0.0,COD,29.0,CUST025139,36,7,0,104400,Courier_B,2,0.1266,1,6,0
ORD000086958,2026-08-10 15:49:39,320.67,4,Beauty,20.32,Debit Card,0.0,CUST024553,203,5,1,787311,Courier_A,2,0.1134,0,1,0
ORD000086959,2026-08-10 15:52:58,195.75,2,Footwear,39.98,COD,49.0,CUST021591,206,4,0,907174,Courier_A,1,0.3076,0,1,0
ORD000086960,2026-08-10 15:54:41,775.6,2,Home,0.0,COD,59.0,CUST028238,571,5,0,880523,Courier_A,3,0.0,2,1,0
ORD000086961,2026-08-10 15:54:55,545.57,1,Apparel,0.0,COD,49.0,CUST024232,103,4,0,365062,Courier_A,2,0.2375,3,1,0
ORD000086962,2026-08-10 16:02:10,420.16,4,Footwear,23.66,UPI,0.0,CUST019761,348,5,1,992549,Courier_C,2,0.2381,0,1,0
ORD000086963,2026-08-10 16:08:00,245.3,2,Jewelry,0.0,UPI,0.0,CUST007304,1995,5,1,923308,Courier_A,2,0.3712,1,1,0
ORD000086964,2026-08-10 16:11:18,809.53,1,Apparel,0.0,COD,29.0,CUST020685,144,0,0,847491,Courier_A,1,0.2672,4,1,1
ORD000086965,2026-08-10 16:13:09,2345.34,2,Electronics,0.0,COD,99.0,CUST026016,122,4,0,226095,Courier_A,3,0.0934,0,1,0
ORD000086966,2026-08-10 16:14:31,440.72,3,Footwear,0.0,Credit Card,0.0,CUST015386,513,0,0,806683,Courier_A,2,0.2296,2,4,0
ORD000086967,2026-08-10 16:15:13,1608.58,2,Beauty,4.65,COD,79.0,CUST021594,0,0,0,244802,Courier_B,2,0.1269,1,1,1
ORD000086968,2026-08-10 16:17:39,1591.2,1,Apparel,0.0,UPI,0.0,CUST017849,170,1,0,158414,Courier_A,1,0.0788,0,1,0
ORD000086969,2026-08-10 16:19:14,519.69,1,Apparel,0.0,COD,79.0,CUST014660,1063,3,0,645241,Courier_B,3,0.1228,4,3,1
ORD000086970,2026-08-10 16:24:35,831.95,1,Apparel,9.18,UPI,0.0,CUST024220,185,2,1,244471,Courier_B,3,0.6641,0,1,0
ORD000086971,2026-08-10 16:24:52,1141.4,3,Electronics,0.0,COD,49.0,CUST007607,174,5,0,550528,Courier_B,3,0.2122,2,1,1
ORD000086972,2026-08-10 16:26:49,301.4,5,Footwear,5.97,COD,39.0,CUST017739,256,3,0,963727,Courier_D,2,0.0525,1,5,0
ORD000086973,2026-08-10 16:27:30,155.9,1,Electronics,0.0,COD,39.0,CUST022254,240,2,1,522163,Courier_B,3,0.2274,2,1,0
ORD000086974,2026-08-10 16:28:09,709.14,1,Electronics,0.0,COD,59.0,CUST023347,165,3,0,394625,Courier_D,1,0.2256,1,1,1
ORD000086975,2026-08-10 16:28:43,1980.8,3,Apparel,19.91,UPI,0.0,CUST010433,739,3,0,670883,Courier_B,1,0.1273,2,1,0
ORD000086976,2026-08-10 16:30:57,1001.54,2,Electronics,39.96,Credit Card,0.0,CUST000190,496,5,0,295857,Courier_D,1,0.3175,0,1,0
ORD000086977,2026-08-10 16:37:43,451.13,2,Home,0.0,COD,59.0,CUST027298,47,10,2,400584,Courier_A,3,0.3095,2,1,0
ORD000086978,2026-08-10 16:38:15,531.54,1,Electronics,14.65,UPI,0.0,CUST008336,215,3,0,282095,Courier_D,2,0.0895,2,3,0
ORD000086979,2026-08-10 16:38:39,667.37,3,Jewelry,0.0,COD,39.0,CUST017422,20,3,1,500693,Courier_B,1,0.0744,0,4,1
ORD000086980,2026-08-10 16:40:37,1467.88,1,Apparel,37.69,UPI,0.0,CUST004022,316,2,1,451758,Courier_C,3,0.1905,2,2,0
ORD000086981,2026-08-10 16:46:32,480.26,2,Apparel,0.0,COD,59.0,CUST011590,518,1,0,586006,Courier_E,2,0.5452,2,1,1
ORD000086982,2026-08-10 16:50:10,1709.94,2,Jewelry,16.23,Credit Card,0.0,CUST026020,81,3,1,944244,Courier_A,1,0.1605,0,4,0
ORD000086983,2026-08-10 16:50:26,459.2,1,Electronics,0.0,COD,49.0,CUST015307,268,4,0,512665,Courier_B,3,0.075,2,2,0
ORD000086984,2026-08-10 16:57:18,413.67,2,Beauty,6.98,Credit Card,0.0,CUST027542,244,4,1,591794,Courier_D,1,0.0207,1,4,0
ORD000086985,2026-08-10 17:02:33,822.05,2,Apparel,0.0,COD,99.0,CUST000437,1611,2,0,974063,Courier_D,2,0.2619,2,3,0
ORD000086986,2026-08-10 17:10:11,523.34,2,Home,15.35,UPI,0.0,CUST006610,239,5,0,615198,Courier_D,2,0.0688,0,3,0
ORD000086987,2026-08-10 17:15:21,698.35,2,Apparel,0.0,UPI,0.0,CUST029356,238,3,0,761154,Courier_E,1,0.1378,2,1,0
ORD000086988,2026-08-10 17:15:43,539.3,2,Apparel,0.0,COD,39.0,CUST017104,188,5,0,908295,Courier_E,1,0.2854,1,1,1
ORD000086989,2026-08-10 17:16:47,119.13,2,Footwear,0.0,COD,59.0,CUST006707,225,1,0,846055,Courier_A,1,0.1066,1,2,0
ORD000086990,2026-08-10 17:19:39,2092.55,3,Beauty,18.01,UPI,0.0,CUST010424,0,0,0,425339,Courier_B,1,0.2771,2,1,0
ORD000086991,2026-08-10 17:20:15,340.32,6,Apparel,7.6,UPI,0.0,CUST006606,380,6,0,185555,Courier_E,1,0.1974,0,1,0
ORD000086992,2026-08-10 17:21:43,591.99,2,Footwear,0.0,UPI,0.0,CUST023544,548,0,0,926740,Courier_B,1,0.1403,3,1,0
ORD000086993,2026-08-10 17:21:59,799.81,4,Apparel,0.0,Credit Card,0.0,CUST027643,122,4,1,934214,Courier_D,2,0.2682,2,1,0
ORD000086994,2026-08-10 17:22:31,527.97,4,Beauty,0.0,Net Banking,0.0,CUST006746,172,4,1,110880,Courier_B,2,0.2429,2,1,1
ORD000086995,2026-08-10 17:26:55,703.99,2,Apparel,0.0,UPI,0.0,CUST004725,438,2,0,581702,Courier_C,2,0.1893,1,1,0
ORD000086996,2026-08-10 17:28:05,1385.52,3,Electronics,0.0,COD,39.0,CUST020907,59,4,0,566643,Courier_C,1,0.2061,2,1,0
ORD000086997,2026-08-10 17:29:27,473.8,3,Apparel,0.0,UPI,0.0,CUST017986,81,4,0,942304,Courier_C,3,0.2336,4,3,0
ORD000086998,2026-08-10 17:29:53,831.79,1,Apparel,0.0,COD,49.0,CUST027203,182,4,0,495265,Courier_A,2,0.4702,2,2,1
ORD000086999,2026-08-10 17:30:46,1057.83,2,Beauty,9.22,COD,49.0,CUST005673,283,1,0,206905,Courier_A,1,0.0473,1,4,1
ORD000087000,2026-08-10 17:34:38,356.86,3,Home,0.0,Credit Card,0.0,CUST002954,1261,6,0,565788,Courier_A,1,0.1442,2,1,0
ORD000087001,2026-08-10 17:35:53,1235.75,4,Beauty,0.0,COD,79.0,CUST011849,946,5,1,864201,Courier_A,1,0.1342,3,1,0
ORD000087002,2026-08-10 17:36:19,370.78,2,Home,0.0,COD,79.0,CUST017143,2351,4,0,727548,Courier_C,3,0.3252,0,5,0
ORD000087003,2026-08-10 17:40:45,1184.81,2,Electronics,9.65,COD,79.0,CUST020416,175,1,0,787199,Courier_D,3,0.32,0,1,0
ORD000087004,2026-08-10 17:41:49,789.64,5,Footwear,14.67,UPI,0.0,CUST017958,143,4,0,476547,Courier_B,3,0.0834,2,3,0
ORD000087005,2026-08-10 17:42:31,99.19,2,Footwear,37.55,Debit Card,0.0,CUST021610,94,2,0,196023,Courier_C,3,0.2021,4,1,0
ORD000087006,2026-08-10 17:46:24,236.11,1,Footwear,20.51,Credit Card,0.0,CUST008451,149,6,2,429344,Courier_B,2,0.1213,0,1,0
ORD000087007,2026-08-10 17:46:48,421.21,5,Footwear,0.0,COD,49.0,CUST013848,242,4,0,666211,Courier_A,1,0.3444,0,1,0
ORD000087008,2026-08-10 17:49:10,175.7,3,Electronics,0.0,UPI,0.0,CUST003157,264,6,0,501971,Courier_B,2,0.2602,2,1,0
ORD000087009,2026-08-10 17:53:23,339.73,1,Apparel,15.93,COD,49.0,CUST012061,317,4,0,424619,Courier_A,2,0.2165,2,1,1
ORD000087010,2026-08-10 17:53:24,15000.0,2,Footwear,8.1,UPI,0.0,CUST001827,148,8,2,795787,Courier_C,3,0.2435,4,1,0
ORD000087011,2026-08-10 17:53:42,1041.59,2,Home,35.15,Credit Card,0.0,CUST022617,317,4,0,182540,Courier_A,3,0.2342,2,1,0
ORD000087012,2026-08-10 17:55:33,1114.4,2,Footwear,0.0,COD,39.0,CUST013502,121,5,1,236956,Courier_B,1,0.0161,1,1,0
ORD000087013,2026-08-10 17:57:26,830.27,3,Home,0.0,COD,39.0,CUST002419,127,1,0,181777,Courier_A,3,0.2979,2,1,0
ORD000087014,2026-08-10 18:03:20,260.97,5,Beauty,0.0,Credit Card,0.0,CUST010940,460,2,0,985541,Courier_E,2,0.1866,5,1,1
ORD000087015,2026-08-10 18:04:28,2590.16,3,Footwear,36.66,COD,39.0,CUST003834,163,1,0,771645,Courier_D,1,0.2507,2,1,0
ORD000087016,2026-08-10 18:04:38,81.56,2,Beauty,0.0,COD,29.0,CUST028790,82,1,0,974275,Courier_E,3,0.0839,4,1,1
ORD000087017,2026-08-10 18:08:52,172.17,1,Electronics,11.19,Credit Card,0.0,CUST027259,386,2,0,999753,Courier_D,2,0.2012,2,4,0
ORD000087018,2026-08-10 18:14:37,314.25,3,Home,0.0,COD,20.0,CUST006633,2697,10,1,573309,Courier_C,1,0.1106,1,1,0
ORD000087019,2026-08-10 18:17:09,452.33,1,Jewelry,0.0,UPI,0.0,CUST018837,1191,0,0,716918,Courier_A,3,0.1481,0,4,0
ORD000087020,2026-08-10 18:17:57,643.75,2,Beauty,18.0,Credit Card,0.0,CUST028321,27,6,0,557486,Courier_D,2,0.0433,0,1,0
ORD000087021,2026-08-10 18:21:05,245.23,3,Apparel,6.56,Credit Card,0.0,CUST001941,82,3,0,985541,Courier_B,2,0.0902,0,1,0
ORD000087022,2026-08-10 18:26:40,429.95,2,Beauty,30.85,COD,39.0,CUST004225,419,3,0,353929,Courier_A,2,0.3308,2,2,0
ORD000087023,2026-08-10 18:31:33,245.79,5,Apparel,0.0,COD,39.0,CUST021330,151,6,0,359971,Courier_B,2,0.0555,0,1,0
ORD000087024,2026-08-10 18:33:31,496.66,2,Apparel,21.66,UPI,0.0,CUST026191,270,5,1,861400,Courier_B,3,0.2067,4,4,1
ORD000087025,2026-08-10 18:33:48,628.83,2,Home,0.0,COD,49.0,CUST027957,88,1,0,702122,Courier_D,3,0.1345,1,1,1
ORD000087026,2026-08-10 18:34:13,301.97,1,Electronics,8.69,COD,49.0,CUST026443,275,3,1,999013,Courier_C,3,0.3478,1,1,0
ORD000087027,2026-08-10 18:34:54,994.01,2,Footwear,0.0,UPI,0.0,CUST027068,715,5,0,358977,Courier_D,3,0.1118,1,1,0
ORD000087028,2026-08-10 18:46:03,134.3,5,Beauty,0.0,COD,49.0,CUST019798,81,5,2,807143,Courier_B,3,0.301,2,1,0
ORD000087029,2026-08-10 18:46:49,629.84,1,Apparel,0.0,UPI,0.0,CUST014315,3650,2,0,919427,Courier_A,1,0.0578,2,1,0
ORD000087030,2026-08-10 18:48:17,935.61,2,Electronics,0.0,COD,39.0,CUST008337,177,3,0,213546,Courier_E,2,0.3114,1,4,1
ORD000087031,2026-08-10 18:48:26,1016.24,2,Electronics,0.0,COD,20.0,CUST000088,244,0,0,526706,Courier_A,2,0.2896,4,1,0
ORD000087032,2026-08-10 18:50:29,420.19,1,Electronics,2.53,Credit Card,0.0,CUST016274,550,1,0,794791,Courier_E,1,0.3611,1,1,0
ORD000087033,2026-08-10 18:51:27,1549.73,1,Apparel,10.53,Credit Card,0.0,CUST014435,374,4,1,581702,Courier_A,2,0.1958,1,2,0
ORD000087034,2026-08-10 18:53:27,920.86,2,Home,0.0,Credit Card,0.0,CUST017541,262,6,0,831938,Courier_A,2,0.2434,1,1,0
ORD000087035,2026-08-10 18:56:48,729.82,1,Apparel,0.0,COD,59.0,CUST025036,371,4,0,930588,Courier_A,2,0.3594,3,10,0
ORD000087036,2026-08-10 18:56:50,392.34,3,Footwear,0.0,COD,79.0,CUST024542,148,6,0,686412,Courier_B,1,0.21,2,1,0
ORD000087037,2026-08-10 18:57:50,1253.03,4,Beauty,19.29,UPI,0.0,CUST001039,52,1,0,161063,Courier_A,3,0.195,3,5,0
ORD000087038,2026-08-10 18:59:19,401.07,1,Electronics,0.0,UPI,0.0,CUST003782,237,3,0,476035,Courier_C,1,0.2751,1,1,0
ORD000087039,2026-08-10 19:00:59,541.25,2,Apparel,0.0,UPI,0.0,CUST025382,0,0,0,773540,Courier_E,3,0.2984,0,5,0
ORD000087040,2026-08-10 19:02:49,628.43,1,Beauty,26.17,UPI,0.0,CUST006311,93,5,2,645986,Courier_E,1,0.3246,2,1,1
ORD000087041,2026-08-10 19:05:11,2024.12,1,Electronics,48.64,UPI,0.0,CUST004555,113,3,0,885352,Courier_A,1,0.1126,4,3,0
ORD000087042,2026-08-10 19:05:39,1892.35,3,Electronics,24.59,COD,39.0,CUST016709,1027,1,0,889948,Courier_A,2,0.1251,2,1,0
ORD000087043,2026-08-10 19:06:12,1045.01,1,Electronics,21.64,UPI,0.0,CUST007804,249,5,0,820298,Courier_B,2,0.4612,3,1,0
ORD000087044,2026-08-10 19:08:52,204.94,5,Electronics,27.99,UPI,0.0,CUST013953,1285,6,1,703517,Courier_E,3,0.054,0,1,0
ORD000087045,2026-08-10 19:11:23,1525.74,2,Jewelry,0.0,COD,49.0,CUST025093,42,6,1,918349,Courier_E,3,0.1478,1,5,1
ORD000087046,2026-08-10 19:13:17,402.31,3,Beauty,32.87,UPI,0.0,CUST025685,1279,3,0,261232,Courier_C,3,0.1684,0,5,0
ORD000087047,2026-08-10 19:13:32,2312.3,3,Beauty,0.0,COD,59.0,CUST023466,1004,3,0,248039,Courier_E,2,0.1814,0,1,0
ORD000087048,2026-08-10 19:16:30,375.02,2,Apparel,19.56,COD,79.0,CUST018393,0,0,0,698997,Courier_C,2,0.1569,0,1,0
ORD000087049,2026-08-10 19:19:17,416.28,2,Apparel,0.0,COD,39.0,CUST029322,0,0,0,385214,Courier_A,3,0.3415,2,1,1
ORD000087050,2026-08-10 19:19:38,684.32,2,Apparel,9.23,COD,49.0,CUST029215,240,4,0,398177,Courier_A,3,0.4119,1,1,1
ORD000087051,2026-08-10 19:21:25,543.78,1,Electronics,28.2,UPI,0.0,CUST013777,0,0,0,216395,Courier_B,1,0.3525,1,1,0
ORD000087052,2026-08-10 19:23:29,93.44,1,Apparel,0.0,COD,49.0,CUST020181,208,3,0,512600,Courier_A,1,0.172,1,1,0
ORD000087053,2026-08-10 19:24:48,1689.36,1,Footwear,0.0,UPI,0.0,CUST021031,1190,3,0,537642,Courier_E,2,0.0561,1,1,0
ORD000087054,2026-08-10 19:26:05,757.38,1,Apparel,23.23,COD,29.0,CUST008467,608,3,0,834514,Courier_A,3,0.2339,2,1,0
ORD000087055,2026-08-10 19:32:06,320.61,4,Apparel,19.66,UPI,0.0,CUST014163,432,1,0,120506,Courier_B,3,0.1751,0,1,0
ORD000087056,2026-08-10 19:32:34,329.13,2,Apparel,0.0,COD,29.0,CUST011417,226,2,0,804118,Courier_A,3,0.2985,3,1,1
ORD000087057,2026-08-10 19:32:42,383.34,2,Home,11.58,COD,39.0,CUST005912,88,1,0,233585,Courier_A,1,0.1138,0,1,0
ORD000087058,2026-08-10 19:33:55,172.53,2,Electronics,13.53,UPI,0.0,CUST010850,1084,3,0,187415,Courier_B,2,0.403,2,5,0
ORD000087059,2026-08-10 19:47:01,207.1,1,Jewelry,0.0,COD,39.0,CUST002224,706,5,0,483080,Courier_A,1,0.3624,1,1,1
ORD000087060,2026-08-10 19:47:36,2149.27,3,Jewelry,16.56,UPI,0.0,CUST017656,180,4,0,731788,Courier_B,3,0.0611,0,1,0
ORD000087061,2026-08-10 19:50:29,2797.59,2,Electronics,11.12,Credit Card,0.0,CUST027962,702,4,1,158414,Courier_B,1,0.0396,2,2,0
ORD000087062,2026-08-10 19:51:32,419.04,1,Electronics,31.83,COD,29.0,CUST029440,328,7,0,745022,Courier_B,1,0.3431,1,1,0
ORD000087063,2026-08-10 19:51:58,166.12,2,Apparel,0.64,COD,79.0,CUST021200,114,4,0,205361,Courier_A,3,0.0301,0,1,1
ORD000087064,2026-08-10 19:53:34,475.92,3,Electronics,14.38,COD,39.0,CUST023373,434,5,0,172737,Courier_B,2,0.1911,2,1,0
ORD000087065,2026-08-10 19:58:53,514.5,2,Beauty,0.0,Net Banking,0.0,CUST001050,438,6,0,835190,Courier_A,2,0.439,5,4,0
ORD000087066,2026-08-10 19:59:04,863.77,2,Jewelry,0.0,UPI,0.0,CUST024175,235,9,1,339071,Courier_D,2,0.0581,4,1,0
ORD000087067,2026-08-10 20:02:17,966.56,1,Apparel,32.84,UPI,0.0,CUST002892,167,6,0,371674,Courier_A,3,0.2827,3,1,0
ORD000087068,2026-08-10 20:06:48,1226.71,1,Beauty,0.0,COD,59.0,CUST021523,107,4,0,786081,Courier_D,3,0.325,1,17,0
ORD000087069,2026-08-10 20:10:40,1347.73,2,Footwear,0.0,Net Banking,0.0,CUST006173,1795,5,1,548974,Courier_A,2,0.2558,0,1,0
ORD000087070,2026-08-10 20:14:18,817.07,3,Footwear,0.0,COD,29.0,CUST006154,45,3,0,598248,Courier_A,1,0.0952,2,1,0
ORD000087071,2026-08-10 20:14:36,408.08,3,Footwear,0.0,COD,29.0,CUST023546,234,6,0,128700,Courier_C,3,0.2377,1,1,0
ORD000087072,2026-08-10 20:18:08,2349.16,3,Apparel,27.13,Credit Card,0.0,CUST011940,956,3,0,962688,Courier_A,3,0.0811,0,1,0
ORD000087073,2026-08-10 20:18:09,1245.22,4,Apparel,16.69,COD,59.0,CUST012477,145,3,0,964927,Courier_C,2,0.3216,2,1,1
ORD000087074,2026-08-10 20:23:52,652.83,1,Apparel,26.11,UPI,0.0,CUST024906,834,3,1,264116,Courier_E,3,0.3129,2,1,0
ORD000087075,2026-08-10 20:24:27,351.24,3,Jewelry,17.61,COD,29.0,CUST004933,168,5,1,511311,Courier_C,1,0.2042,1,3,1
ORD000087076,2026-08-10 20:28:39,686.21,3,Home,29.43,COD,49.0,CUST008895,101,7,2,992549,Courier_B,2,0.2705,1,1,0
ORD000087077,2026-08-10 20:28:55,432.15,3,Beauty,0.0,Credit Card,0.0,CUST017313,128,4,0,513724,Courier_C,2,0.4101,1,1,0
ORD000087078,2026-08-10 20:29:26,702.23,2,Apparel,8.14,COD,49.0,CUST029213,2230,5,0,412449,Courier_E,2,0.1832,5,4,1
ORD000087079,2026-08-10 20:30:01,628.48,2,Apparel,0.0,Debit Card,0.0,CUST005900,251,4,0,764665,Courier_A,3,0.1477,3,1,1
ORD000087080,2026-08-10 20:37:47,153.3,3,Beauty,21.77,UPI,0.0,CUST006641,237,4,0,709496,Courier_C,3,0.1065,1,3,1
ORD000087081,2026-08-10 20:38:28,639.88,1,Beauty,15.73,COD,29.0,CUST005245,187,6,1,365062,Courier_B,2,0.2414,1,1,0
ORD000087082,2026-08-10 20:39:05,1014.07,2,Electronics,31.62,COD,79.0,CUST011601,89,2,0,131620,Courier_D,3,0.0,0,1,0
ORD000087083,2026-08-10 20:40:07,1497.92,2,Electronics,31.86,COD,79.0,CUST016595,2143,2,0,860537,Courier_A,2,0.1928,1,1,0
ORD000087084,2026-08-10 20:42:03,433.13,1,Jewelry,8.55,Credit Card,0.0,CUST011230,0,0,0,642490,Courier_C,1,0.0787,3,1,1
ORD000087085,2026-08-10 20:48:29,486.47,3,Footwear,0.0,COD,49.0,CUST012376,639,2,0,184063,Courier_A,3,0.1808,3,1,0
ORD000087086,2026-08-10 20:48:34,2161.18,1,Electronics,0.0,UPI,0.0,CUST006609,477,5,0,931926,Courier_C,2,0.1353,2,2,0
ORD000087087,2026-08-10 20:49:19,434.75,1,Beauty,15.47,COD,29.0,CUST006074,628,3,0,385326,Courier_A,2,0.1743,2,1,0
ORD000087088,2026-08-10 20:49:49,913.12,3,Beauty,0.0,Credit Card,0.0,CUST027140,385,5,2,880523,Courier_B,3,0.0497,1,1,0
ORD000087089,2026-08-10 20:53:11,560.66,5,Jewelry,0.0,Debit Card,0.0,CUST013221,1296,1,0,119435,Courier_C,2,0.0952,0,1,0
ORD000087090,2026-08-10 20:57:52,851.02,3,Apparel,17.95,COD,49.0,CUST010939,100,4,1,543559,Courier_A,1,0.1067,2,5,1
ORD000087091,2026-08-10 21:01:33,591.3,3,Electronics,6.86,UPI,0.0,CUST005000,119,3,0,476634,Courier_A,2,0.1214,0,1,0
ORD000087092,2026-08-10 21:02:16,966.95,2,Footwear,14.51,UPI,0.0,CUST022749,167,5,0,158414,Courier_A,1,0.0448,2,1,0
ORD000087093,2026-08-10 21:04:38,1371.94,3,Apparel,23.2,UPI,0.0,CUST016285,330,4,1,786081,Courier_E,3,0.3091,0,1,0
ORD000087094,2026-08-10 21:06:54,490.37,3,Apparel,0.0,Net Banking,0.0,CUST022632,486,1,0,636916,Courier_A,1,0.135,0,1,0
ORD000087095,2026-08-10 21:11:38,705.6,5,Apparel,15.56,COD,79.0,CUST027603,120,5,0,578841,Courier_B,3,0.234,1,5,0
ORD000087096,2026-08-10 21:15:54,654.91,3,Apparel,11.35,UPI,0.0,CUST023988,377,2,0,693028,Courier_E,1,0.2224,1,1,0
ORD000087097,2026-08-10 21:18:35,178.92,2,Beauty,27.07,COD,39.0,CUST001541,121,4,0,901936,Courier_C,1,0.3285,1,1,1
ORD000087098,2026-08-10 21:27:29,309.0,3,Apparel,0.0,UPI,0.0,CUST010035,497,4,0,585787,Courier_D,1,0.1221,3,1,1
ORD000087099,2026-08-10 21:28:02,335.35,2,Home,12.97,COD,59.0,CUST026735,189,0,0,139745,Courier_C,2,0.1325,0,1,1
ORD000087100,2026-08-10 21:28:04,269.04,2,Apparel,24.19,COD,39.0,CUST029168,579,2,0,755732,Courier_B,1,0.5061,1,1,0
ORD000087101,2026-08-10 21:28:54,683.66,2,Home,0.0,UPI,0.0,CUST005587,304,3,0,670693,Courier_D,1,0.2574,1,5,0
ORD000087102,2026-08-10 21:35:47,921.32,3,Home,32.26,UPI,0.0,CUST021583,295,4,0,249457,Courier_D,1,0.1975,2,1,0
ORD000087103,2026-08-10 21:36:48,178.12,2,Electronics,21.87,COD,29.0,CUST017620,0,0,0,620174,Courier_B,2,0.09,1,3,1
ORD000087104,2026-08-10 21:41:56,244.85,2,Home,0.0,COD,49.0,CUST016158,299,4,0,383787,Courier_D,2,0.2247,1,1,0
ORD000087105,2026-08-10 21:45:15,1250.16,1,Beauty,0.0,UPI,0.0,CUST000137,30,1,0,470367,Courier_C,2,0.2031,1,1,0
ORD000087106,2026-08-10 21:46:58,153.52,1,Apparel,10.2,UPI,0.0,CUST019729,520,1,0,771645,Courier_D,1,0.2411,1,13,0
ORD000087107,2026-08-10 21:58:44,50.0,1,Footwear,0.0,COD,39.0,CUST024905,0,0,0,216367,Courier_A,2,0.1861,2,1,0
ORD000087108,2026-08-10 22:00:09,1514.26,1,Jewelry,7.37,Credit Card,0.0,CUST025612,36,4,0,934214,Courier_A,2,0.2397,4,4,0
ORD000087109,2026-08-10 22:01:39,1407.1,2,Home,31.41,UPI,0.0,CUST006064,71,9,0,186089,Courier_C,1,0.2768,2,1,0
ORD000087110,2026-08-10 22:03:48,916.98,2,Beauty,0.0,UPI,0.0,CUST010629,863,3,1,491305,Courier_A,3,0.0667,2,5,0
ORD000087111,2026-08-10 22:04:23,1354.96,1,Electronics,0.0,UPI,0.0,CUST003135,264,3,0,800785,Courier_D,3,0.0553,1,1,1
ORD000087112,2026-08-10 22:04:26,427.97,3,Footwear,0.0,UPI,0.0,CUST020830,790,2,0,510515,Courier_B,1,0.2826,1,1,0
ORD000087113,2026-08-10 22:04:55,933.65,2,Jewelry,0.0,Credit Card,0.0,CUST003929,259,1,0,694046,Courier_A,1,0.1347,1,1,0
ORD000087114,2026-08-10 22:06:41,352.19,2,Footwear,17.16,UPI,0.0,CUST022055,381,6,0,239673,Courier_E,3,0.2704,0,6,1
ORD000087115,2026-08-10 22:07:27,335.31,1,Beauty,15.62,COD,29.0,CUST008752,198,1,0,516528,Courier_C,1,0.0738,2,1,0
ORD000087116,2026-08-10 22:10:43,682.97,2,Beauty,0.88,COD,39.0,CUST027842,71,2,0,804118,Courier_A,3,0.282,2,1,0
ORD000087117,2026-08-10 22:12:30,1544.38,1,Apparel,3.71,UPI,0.0,CUST016203,93,2,0,615019,Courier_C,1,0.0823,2,1,0
ORD000087118,2026-08-10 22:14:43,1039.51,3,Footwear,0.0,Net Banking,0.0,CUST020847,100,4,2,672511,Courier_A,2,0.1059,0,4,0
ORD000087119,2026-08-10 22:18:04,780.3,4,Apparel,0.0,UPI,0.0,CUST028824,281,4,0,392938,Courier_D,1,0.2,6,1,1
ORD000087120,2026-08-10 22:22:05,476.88,3,Apparel,0.0,UPI,0.0,CUST014080,1024,1,0,265163,Courier_B,2,0.0,2,3,0
ORD000087121,2026-08-10 22:25:24,1080.75,4,Footwear,0.0,Credit Card,0.0,CUST025829,548,4,0,573309,Courier_B,1,0.0894,2,1,0
ORD000087122,2026-08-10 22:32:41,374.46,1,Apparel,0.0,COD,59.0,CUST026677,584,5,1,628425,Courier_A,3,0.0768,1,1,1
ORD000087123,2026-08-10 22:35:10,260.06,2,Beauty,0.0,UPI,0.0,CUST022406,1057,5,0,329012,Courier_B,3,0.1533,2,1,0
ORD000087124,2026-08-10 22:36:44,1856.8,3,Apparel,40.31,UPI,0.0,CUST014400,200,6,1,242120,Courier_B,1,0.2068,0,1,1
ORD000087125,2026-08-10 22:37:29,497.26,2,Electronics,12.55,UPI,0.0,CUST007114,388,3,0,571156,Courier_C,1,0.0279,2,5,0
ORD000087126,2026-08-10 22:37:52,654.5,1,Home,4.67,COD,79.0,CUST014656,549,2,0,436577,Courier_B,2,0.0439,1,2,1
ORD000087127,2026-08-10 22:37:56,305.35,4,Beauty,0.0,COD,49.0,CUST005467,0,0,0,929214,Courier_C,1,0.2896,2,1,0
ORD000087128,2026-08-10 22:40:36,418.67,4,Footwear,22.54,COD,29.0,CUST026556,181,4,0,871479,Courier_B,2,0.0966,0,4,0
ORD000087129,2026-08-10 22:41:55,928.52,3,Apparel,0.0,UPI,0.0,CUST001087,239,1,0,934214,Courier_D,2,0.2304,3,3,0
ORD000087130,2026-08-10 22:42:16,1023.03,3,Apparel,7.06,Credit Card,0.0,CUST029646,184,5,1,798962,Courier_D,1,0.4179,0,1,1
ORD000087131,2026-08-10 22:43:21,617.92,1,Apparel,0.0,COD,39.0,CUST007783,439,4,0,315385,Courier_A,3,0.3418,1,1,0
ORD000087132,2026-08-10 22:50:11,231.94,3,Apparel,34.73,Net Banking,0.0,CUST009561,382,3,0,981214,Courier_D,3,0.342,1,1,1
ORD000087133,2026-08-10 22:52:36,277.58,2,Electronics,0.0,UPI,0.0,CUST009984,43,3,0,543108,Courier_B,2,0.2221,2,5,0
ORD000087134,2026-08-10 22:53:36,342.65,1,Apparel,6.72,COD,39.0,CUST017968,305,4,0,696209,Courier_A,2,0.1882,1,1,1
ORD000087135,2026-08-10 22:55:06,266.83,1,Footwear,0.0,UPI,0.0,CUST028072,119,5,0,400647,Courier_D,1,0.1338,2,1,0
ORD000087136,2026-08-10 22:57:21,626.75,3,Apparel,23.89,COD,79.0,CUST003551,59,5,1,369772,Courier_A,3,0.2681,3,1,1
ORD000087137,2026-08-10 23:02:39,369.62,3,Home,0.0,COD,49.0,CUST020115,394,2,0,773267,Courier_B,3,0.2897,0,1,0
ORD000087138,2026-08-10 23:05:18,904.73,2,Electronics,0.0,COD,49.0,CUST005641,68,7,0,804118,Courier_A,3,0.2711,1,1,1
ORD000087139,2026-08-10 23:07:00,162.0,2,Home,0.0,UPI,0.0,CUST023529,463,4,0,356115,Courier_C,2,0.3177,1,1,0
ORD000087140,2026-08-10 23:08:58,1118.32,1,Apparel,28.54,COD,39.0,CUST002195,559,2,0,686576,Courier_C,1,0.3447,3,4,1
ORD000087141,2026-08-10 23:10:27,837.99,1,Apparel,13.68,COD,49.0,CUST017422,20,2,0,992549,Courier_A,2,0.2522,2,1,0
ORD000087142,2026-08-10 23:11:38,2072.02,1,Jewelry,0.0,COD,39.0,CUST025188,129,4,1,889948,Courier_E,2,0.0796,1,1,0
ORD000087143,2026-08-10 23:18:12,860.64,4,Jewelry,37.95,COD,49.0,CUST026413,51,2,1,475091,Courier_D,1,0.0612,1,1,0
ORD000087144,2026-08-10 23:18:42,1167.64,4,Jewelry,8.06,COD,49.0,CUST020606,192,3,0,314662,Courier_D,1,0.176,1,1,0
ORD000087145,2026-08-10 23:19:47,1393.42,1,Beauty,18.2,COD,39.0,CUST013788,90,2,0,743457,Courier_A,2,0.1656,1,1,0
ORD000087146,2026-08-10 23:20:09,797.94,1,Home,11.26,COD,29.0,CUST023284,462,2,1,725085,Courier_E,2,0.2578,3,1,1
ORD000087147,2026-08-10 23:20:27,644.56,1,Electronics,9.96,UPI,0.0,CUST014784,396,2,0,279683,Courier_A,3,0.3692,3,1,0
ORD000087148,2026-08-10 23:20:49,806.79,4,Beauty,0.0,COD,49.0,CUST012489,697,0,0,576694,Courier_D,2,0.1325,1,1,0
ORD000087149,2026-08-10 23:25:04,246.73,1,Home,0.0,COD,20.0,CUST014814,327,5,0,209703,Courier_B,3,0.2906,2,1,0
ORD000087150,2026-08-10 23:25:57,232.55,1,Beauty,0.0,UPI,0.0,CUST004342,75,2,0,570241,Courier_A,1,0.1825,0,4,0
ORD000087151,2026-08-10 23:26:57,1569.77,1,Electronics,21.14,Credit Card,0.0,CUST016426,155,2,0,504905,Courier_E,3,0.2518,2,1,0
ORD000087152,2026-08-10 23:30:45,749.29,3,Apparel,0.0,Debit Card,0.0,CUST023515,962,7,2,629455,Courier_E,2,0.3245,1,1,0
ORD000087153,2026-08-10 23:31:27,1356.11,3,Apparel,13.12,Debit Card,0.0,CUST002802,172,2,0,699053,Courier_C,3,0.0946,3,1,0
ORD000087154,2026-08-10 23:34:22,673.95,1,Apparel,0.0,COD,49.0,CUST029223,534,4,1,982079,Courier_A,3,0.2538,4,1,0
ORD000087155,2026-08-10 23:37:00,259.75,2,Electronics,0.0,Debit Card,0.0,CUST018190,236,3,0,801215,Courier_B,2,0.0913,2,1,0
ORD000087156,2026-08-10 23:41:56,826.06,3,Electronics,17.71,COD,79.0,CUST023292,158,1,0,677977,Courier_A,2,0.2609,3,1,1
ORD000087157,2026-08-10 23:42:50,486.52,1,Beauty,0.0,COD,49.0,CUST003588,268,5,0,412449,Courier_E,2,0.1744,3,1,1
ORD000087158,2026-08-10 23:47:07,1092.74,3,Beauty,0.0,UPI,0.0,CUST012228,102,1,1,281577,Courier_D,1,0.1555,1,2,0
ORD000087159,2026-08-10 23:48:34,564.42,2,Home,0.0,COD,99.0,CUST005827,181,4,0,512665,Courier_B,3,0.0542,1,3,0
ORD000087160,2026-08-10 23:49:23,139.06,3,Electronics,15.65,UPI,0.0,CUST011538,223,5,0,336051,Courier_C,3,0.2696,0,1,0
ORD000087161,2026-08-10 23:50:19,321.79,2,Beauty,0.0,COD,29.0,CUST015871,70,2,0,931819,Courier_B,3,0.265,1,1,1
ORD000087162,2026-08-10 23:51:10,1143.47,1,Beauty,27.44,COD,99.0,CUST020688,121,3,0,867333,Courier_A,3,0.157,0,4,0
ORD000087163,2026-08-10 23:52:18,777.58,4,Footwear,0.0,COD,59.0,CUST014294,409,2,0,321283,Courier_E,1,0.1587,2,4,1
ORD000087164,2026-08-10 23:54:43,583.39,1,Home,0.0,UPI,0.0,CUST002023,623,1,0,307037,Courier_B,1,0.0685,1,3,0
ORD000087165,2026-08-10 23:57:39,1362.91,2,Footwear,44.06,COD,49.0,CUST007306,265,1,0,714101,Courier_D,2,0.2516,2,1,1
ORD000087166,2026-08-11 00:01:36,636.21,1,Footwear,43.6,COD,20.0,CUST015132,802,7,0,971809,Courier_B,2,0.2039,4,15,0
ORD000087167,2026-08-11 00:01:48,1262.46,2,Apparel,15.57,Debit Card,0.0,CUST021573,0,0,0,116043,Courier_A,1,0.2598,1,1,0
ORD000087168,2026-08-11 00:02:04,881.92,2,Electronics,14.98,COD,59.0,CUST002751,313,3,0,205361,Courier_A,3,0.01,3,2,0
ORD000087169,2026-08-11 00:06:46,568.66,3,Beauty,0.0,COD,79.0,CUST017532,505,2,0,436093,Courier_B,1,0.0985,1,1,0
ORD000087170,2026-08-11 00:08:31,825.77,2,Electronics,6.84,COD,49.0,CUST003475,564,6,0,768338,Courier_A,1,0.2142,1,2,0
ORD000087171,2026-08-11 00:10:20,610.82,3,Beauty,16.94,COD,59.0,CUST003430,1046,1,0,563896,Courier_B,1,0.2042,1,5,0
ORD000087172,2026-08-11 00:10:46,249.94,1,Footwear,0.0,UPI,0.0,CUST025489,118,2,0,592322,Courier_C,2,0.0803,2,5,0
ORD000087173,2026-08-11 00:13:22,594.09,4,Footwear,43.19,Debit Card,0.0,CUST022336,550,2,0,178914,Courier_C,2,0.215,0,1,0
ORD000087174,2026-08-11 00:16:54,1200.02,3,Footwear,0.0,COD,49.0,CUST020364,111,4,0,953548,Courier_B,3,0.0303,0,1,1
ORD000087175,2026-08-11 00:18:44,664.46,4,Home,0.0,UPI,0.0,CUST002302,634,1,0,864201,Courier_B,1,0.1016,1,1,0
ORD000087176,2026-08-11 00:30:12,299.94,2,Home,0.0,COD,99.0,CUST016669,581,3,0,645986,Courier_D,1,0.2831,5,5,0
ORD000087177,2026-08-11 00:33:36,1561.5,1,Footwear,18.69,UPI,0.0,CUST024575,102,3,0,670233,Courier_A,3,0.177,1,1,0
ORD000087178,2026-08-11 00:42:58,461.39,2,Apparel,0.0,Net Banking,0.0,CUST008631,158,1,0,264116,Courier_A,3,0.2915,1,1,1
ORD000087179,2026-08-11 00:51:11,177.08,3,Apparel,0.0,Net Banking,0.0,CUST009895,294,0,0,175901,Courier_A,1,0.4127,2,1,0
ORD000087180,2026-08-11 00:52:03,1378.65,2,Electronics,21.66,COD,39.0,CUST010982,27,4,0,756766,Courier_C,3,0.0033,5,4,0
ORD000087181,2026-08-11 00:53:06,206.45,2,Apparel,28.09,COD,20.0,CUST029355,425,2,0,531320,Courier_B,2,0.3494,0,2,0
ORD000087182,2026-08-11 00:58:35,383.95,3,Apparel,0.0,COD,79.0,CUST021977,1930,1,0,756541,Courier_D,1,0.1614,0,1,0
ORD000087183,2026-08-11 00:58:40,290.18,3,Apparel,22.71,UPI,0.0,CUST016736,293,3,0,186676,Courier_C,1,0.2059,1,1,0
ORD000087184,2026-08-11 01:00:16,115.53,2,Electronics,0.0,UPI,0.0,CUST004423,286,3,0,175901,Courier_C,1,0.4229,0,1,1
ORD000087185,2026-08-11 01:02:14,2408.83,1,Footwear,6.33,COD,39.0,CUST025206,40,3,0,621194,Courier_A,3,0.1513,0,16,1
ORD000087186,2026-08-11 01:08:27,3862.85,1,Apparel,0.0,COD,79.0,CUST025535,67,1,0,476977,Courier_A,2,0.2599,3,1,0
ORD000087187,2026-08-11 01:08:36,1881.2,3,Jewelry,0.0,Credit Card,0.0,CUST020511,208,10,0,381636,Courier_C,2,0.0933,0,11,0
ORD000087188,2026-08-11 01:10:05,2492.76,2,Home,28.78,Net Banking,0.0,CUST008145,164,3,1,611363,Courier_B,3,0.2174,1,1,0
ORD000087189,2026-08-11 01:10:29,1225.9,3,Beauty,33.23,UPI,0.0,CUST000611,168,2,0,312879,Courier_D,1,0.0846,3,1,0
ORD000087190,2026-08-11 01:10:52,388.81,1,Electronics,17.08,COD,49.0,CUST012705,3650,4,1,238093,Courier_B,3,0.1986,2,5,0
ORD000087191,2026-08-11 01:17:45,516.92,1,Electronics,0.0,UPI,0.0,CUST013416,27,0,0,386699,Courier_A,1,0.2158,6,1,0
ORD000087192,2026-08-11 01:21:30,730.99,3,Electronics,22.93,COD,29.0,CUST001294,368,3,1,274990,Courier_B,2,0.0645,2,1,1
ORD000087193,2026-08-11 01:23:02,327.63,2,Footwear,0.0,UPI,0.0,CUST026010,609,3,0,561464,Courier_A,2,0.1334,2,9,1
ORD000087194,2026-08-11 01:26:10,367.4,3,Home,27.01,Credit Card,0.0,CUST021401,21,3,0,104773,Courier_C,1,0.0993,2,16,0
ORD000087195,2026-08-11 01:29:24,493.0,1,Footwear,17.42,COD,49.0,CUST014031,219,2,1,703529,Courier_B,1,0.0739,0,1,0
ORD000087196,2026-08-11 01:33:58,719.52,3,Electronics,0.0,COD,99.0,CUST015235,128,3,0,241810,Courier_B,3,0.2004,2,1,0
ORD000087197,2026-08-11 01:35:44,608.79,3,Home,14.04,UPI,0.0,CUST029528,69,5,0,177611,Courier_E,3,0.2334,1,1,0
ORD000087198,2026-08-11 01:41:34,1644.57,1,Beauty,0.0,UPI,0.0,CUST013443,697,3,0,670693,Courier_A,1,0.3206,2,3,0
ORD000087199,2026-08-11 01:48:25,650.21,1,Home,11.94,COD,29.0,CUST003317,461,5,0,743457,Courier_A,2,0.2173,2,5,0
ORD000087200,2026-08-11 01:49:09,475.73,1,Home,28.03,UPI,0.0,CUST029029,77,0,0,937947,Courier_C,3,0.238,0,3,0
ORD000087201,2026-08-11 01:57:20,280.35,1,Electronics,9.82,UPI,0.0,CUST027231,106,1,0,132452,Courier_A,2,0.059,2,1,0
ORD000087202,2026-08-11 01:57:55,1479.34,2,Electronics,23.39,Credit Card,0.0,CUST012723,631,3,0,424590,Courier_D,2,0.3115,2,5,0
ORD000087203,2026-08-11 02:04:28,1227.26,1,Footwear,18.21,UPI,0.0,CUST006984,395,1,0,258959,Courier_D,3,0.1179,3,1,1
ORD000087204,2026-08-11 02:08:32,192.96,2,Electronics,0.0,UPI,0.0,CUST014707,302,1,0,151500,Courier_A,1,0.1479,1,1,0
ORD000087205,2026-08-11 02:15:48,329.1,1,Footwear,11.0,COD,29.0,CUST001257,103,2,0,614147,Courier_B,2,0.194,1,1,0
ORD000087206,2026-08-11 02:16:26,412.73,2,Electronics,0.0,UPI,0.0,CUST004927,0,0,0,184666,Courier_E,3,0.1076,1,1,1
ORD000087207,2026-08-11 02:17:05,84.78,2,Apparel,13.01,Credit Card,0.0,CUST002095,60,3,0,511311,Courier_A,1,0.1284,3,2,0
ORD000087208,2026-08-11 02:17:18,344.82,3,Home,0.0,COD,29.0,CUST018249,392,3,1,249457,Courier_B,1,0.2094,3,1,0
ORD000087209,2026-08-11 02:17:54,3342.14,1,Apparel,14.38,Debit Card,0.0,CUST012890,1448,6,1,786081,Courier_D,3,0.3102,0,2,0
ORD000087210,2026-08-11 02:19:07,1194.37,1,Apparel,24.15,UPI,0.0,CUST019088,741,3,1,715917,Courier_D,2,0.2361,1,13,0
ORD000087211,2026-08-11 02:22:48,193.21,4,Footwear,0.0,UPI,0.0,CUST007826,36,1,0,761450,Courier_A,2,0.478,0,1,0
ORD000087212,2026-08-11 02:24:11,1089.0,2,Apparel,0.0,UPI,0.0,CUST007467,53,5,0,196893,Courier_E,1,0.269,2,1,1
ORD000087213,2026-08-11 02:26:39,471.03,2,Footwear,0.0,COD,29.0,CUST022456,1390,4,0,279683,Courier_E,3,0.4016,3,1,0
ORD000087214,2026-08-11 02:32:46,282.77,3,Home,34.13,COD,49.0,CUST023915,150,1,0,292941,Courier_B,1,0.1853,2,1,1
ORD000087215,2026-08-11 02:33:40,429.33,3,Apparel,0.0,Debit Card,0.0,CUST024438,155,4,0,865292,Courier_C,1,0.3224,0,1,0
ORD000087216,2026-08-11 02:34:28,697.51,3,Apparel,3.36,COD,59.0,CUST011214,525,4,0,698997,Courier_C,2,0.1458,1,3,1
ORD000087217,2026-08-11 02:41:14,313.7,2,Electronics,39.55,COD,49.0,CUST002223,24,1,0,206944,Courier_C,3,0.2981,1,5,0
ORD000087218,2026-08-11 02:46:43,337.58,4,Beauty,24.69,COD,49.0,CUST026179,124,1,0,901144,Courier_A,1,0.1409,1,3,1
ORD000087219,2026-08-11 02:46:47,371.7,2,Electronics,0.0,COD,29.0,CUST014762,122,4,1,146484,Courier_A,3,0.1,0,2,0
ORD000087220,2026-08-11 02:46:57,393.06,3,Jewelry,0.0,COD,39.0,CUST004186,630,2,0,281969,Courier_E,2,0.2362,0,1,0
ORD000087221,2026-08-11 02:47:51,1781.76,1,Jewelry,11.51,COD,39.0,CUST009804,175,6,0,315385,Courier_C,3,0.3505,1,1,0
ORD000087222,2026-08-11 02:49:07,444.48,1,Jewelry,0.0,COD,39.0,CUST024561,129,3,0,954194,Courier_A,1,0.0,1,4,0
ORD000087223,2026-08-11 02:54:13,1081.88,2,Footwear,32.49,COD,29.0,CUST023093,240,1,0,608344,Courier_D,3,0.0,0,1,1
ORD000087224,2026-08-11 02:56:23,388.56,1,Jewelry,7.31,COD,49.0,CUST001733,596,5,0,111069,Courier_A,2,0.5293,2,2,0
ORD000087225,2026-08-11 03:12:30,465.95,2,Apparel,0.0,Credit Card,0.0,CUST029700,634,4,0,292941,Courier_D,1,0.2175,2,13,0
ORD000087226,2026-08-11 03:18:02,294.36,3,Beauty,23.84,UPI,0.0,CUST007531,42,3,1,181067,Courier_B,2,0.1633,1,2,0
ORD000087227,2026-08-11 03:20:14,931.41,2,Apparel,22.49,COD,59.0,CUST026286,253,5,0,654364,Courier_B,2,0.0261,1,4,0
ORD000087228,2026-08-11 03:21:54,821.75,3,Home,33.02,COD,29.0,CUST018075,0,0,0,411928,Courier_D,2,0.235,1,1,1
ORD000087229,2026-08-11 03:25:25,895.42,3,Electronics,0.0,COD,39.0,CUST029883,650,2,0,265163,Courier_B,2,0.0205,0,1,0
ORD000087230,2026-08-11 03:27:59,125.09,3,Beauty,23.85,UPI,0.0,CUST027446,188,3,0,861837,Courier_C,3,0.3848,0,1,0
ORD000087231,2026-08-11 03:34:22,655.5,2,Apparel,0.0,UPI,0.0,CUST022029,92,3,0,509843,Courier_A,1,0.2604,0,1,1
ORD000087232,2026-08-11 03:36:09,528.87,1,Footwear,0.0,Credit Card,0.0,CUST008125,271,4,0,955861,Courier_C,3,0.2408,1,4,0
ORD000087233,2026-08-11 03:36:38,822.6,1,Apparel,13.72,Debit Card,0.0,CUST002450,541,6,0,373292,Courier_B,3,0.3122,4,2,0
ORD000087234,2026-08-11 03:37:07,138.97,2,Jewelry,0.0,COD,59.0,CUST003988,163,7,0,379104,Courier_C,3,0.0396,1,3,0
ORD000087235,2026-08-11 03:40:59,1056.12,2,Jewelry,0.0,COD,49.0,CUST002290,371,3,0,218562,Courier_C,2,0.1528,1,1,0
ORD000087236,2026-08-11 03:42:43,231.37,2,Home,16.41,COD,29.0,CUST011235,836,2,1,438636,Courier_E,2,0.2638,1,1,1
ORD000087237,2026-08-11 03:45:44,1481.98,2,Apparel,7.03,COD,49.0,CUST008929,68,3,0,799198,Courier_A,3,0.3049,3,1,1
ORD000087238,2026-08-11 03:56:30,677.01,2,Electronics,0.0,UPI,0.0,CUST022425,109,3,0,697324,Courier_B,2,0.1505,4,15,0
ORD000087239,2026-08-11 03:58:15,2933.82,2,Apparel,33.23,UPI,0.0,CUST001747,539,6,0,392938,Courier_B,1,0.2347,1,1,0
ORD000087240,2026-08-11 03:58:39,728.58,2,Footwear,0.0,COD,49.0,CUST021201,2037,4,1,186676,Courier_B,1,0.2195,3,20,1
ORD000087241,2026-08-11 03:59:45,119.38,4,Footwear,24.52,Credit Card,0.0,CUST020784,190,5,0,334819,Courier_A,2,0.2804,2,1,0
ORD000087242,2026-08-11 04:04:53,414.33,2,Footwear,0.0,COD,29.0,CUST002901,827,2,0,127709,Courier_B,2,0.2652,2,18,0
ORD000087243,2026-08-11 04:09:17,741.92,4,Electronics,3.8,Net Banking,0.0,CUST021942,675,0,0,119888,Courier_C,3,0.2531,0,1,0
ORD000087244,2026-08-11 04:11:16,1058.58,3,Footwear,0.0,COD,59.0,CUST005200,91,6,0,893042,Courier_A,2,0.1177,3,2,1
ORD000087245,2026-08-11 04:13:00,736.37,2,Apparel,24.92,COD,49.0,CUST001348,252,1,0,550369,Courier_B,2,0.2244,0,1,0
ORD000087246,2026-08-11 04:17:49,123.85,6,Apparel,0.0,UPI,0.0,CUST013903,0,0,0,781167,Courier_A,2,0.1963,1,1,0
ORD000087247,2026-08-11 04:19:38,493.41,2,Electronics,0.0,UPI,0.0,CUST020896,495,1,0,379104,Courier_B,3,0.0337,3,1,0
ORD000087248,2026-08-11 04:20:37,1016.1,2,Footwear,17.92,Credit Card,0.0,CUST027682,272,2,0,820298,Courier_D,2,0.4558,2,4,0
ORD000087249,2026-08-11 04:22:50,677.58,2,Home,0.0,COD,49.0,CUST021787,86,2,1,185555,Courier_D,1,0.2075,2,1,1
ORD000087250,2026-08-11 04:25:32,1515.12,1,Footwear,20.52,UPI,0.0,CUST014934,910,4,0,470612,Courier_B,3,0.1516,2,1,0
ORD000087251,2026-08-11 04:31:48,1033.23,1,Home,0.0,COD,59.0,CUST015465,229,5,0,382189,Courier_B,1,0.0864,0,1,0
ORD000087252,2026-08-11 04:39:33,1061.6,2,Electronics,0.0,COD,29.0,CUST029598,125,3,0,764665,Courier_B,3,0.1589,1,1,0
ORD000087253,2026-08-11 04:40:15,848.4,5,Beauty,0.0,COD,39.0,CUST029600,0,0,0,639080,Courier_B,2,0.3376,4,1,0
ORD000087254,2026-08-11 04:41:19,435.05,2,Apparel,0.0,Credit Card,0.0,CUST021583,295,2,2,597542,Courier_B,3,0.0,0,1,0
ORD000087255,2026-08-11 04:43:23,841.73,4,Beauty,0.0,Credit Card,0.0,CUST028310,112,7,0,315385,Courier_C,3,0.3645,1,1,0
ORD000087256,2026-08-11 04:49:26,344.22,3,Beauty,18.01,COD,39.0,CUST005000,119,3,0,757288,Courier_A,2,0.3294,2,1,0
ORD000087257,2026-08-11 04:49:29,950.24,1,Beauty,2.26,COD,59.0,CUST008788,396,4,0,823556,Courier_A,2,0.1503,1,1,0
ORD000087258,2026-08-11 04:54:08,1625.48,1,Beauty,0.0,UPI,0.0,CUST011297,279,2,1,808680,Courier_D,2,0.2903,2,1,0
ORD000087259,2026-08-11 04:54:51,241.03,3,Home,5.91,COD,39.0,CUST027425,389,6,1,396871,Courier_C,2,0.3542,2,2,1
ORD000087260,2026-08-11 05:04:22,950.92,2,Beauty,11.21,COD,29.0,CUST027411,215,1,0,670233,Courier_B,3,0.1032,0,4,0
ORD000087261,2026-08-11 05:08:19,1063.68,3,Apparel,0.0,UPI,0.0,CUST018949,668,3,0,594225,Courier_C,1,0.0045,0,1,0
ORD000087262,2026-08-11 05:08:42,576.34,2,Apparel,0.0,COD,99.0,CUST005194,214,2,0,874360,Courier_A,2,0.1148,2,1,0
ORD000087263,2026-08-11 05:09:19,2319.36,3,Footwear,25.76,Credit Card,0.0,CUST019154,1372,2,0,427170,Courier_A,3,0.0136,3,11,0
ORD000087264,2026-08-11 05:10:29,744.55,1,Electronics,0.0,COD,29.0,CUST017674,0,0,0,903532,Courier_A,1,0.1376,1,1,1
ORD000087265,2026-08-11 05:15:37,881.92,4,Electronics,0.0,UPI,0.0,CUST018705,698,3,0,937947,Courier_A,3,0.2669,2,1,1
ORD000087266,2026-08-11 05:16:07,1502.83,3,Apparel,0.0,COD,99.0,CUST024706,381,4,1,632716,Courier_B,2,0.1051,2,5,0
ORD000087267,2026-08-11 05:20:56,1048.43,2,Beauty,21.83,COD,79.0,CUST005165,138,2,0,841804,Courier_A,2,0.2981,1,2,0
ORD000087268,2026-08-11 05:30:24,739.45,1,Apparel,0.0,UPI,0.0,CUST016268,2430,1,0,481328,Courier_C,2,0.1216,1,1,1
ORD000087269,2026-08-11 05:33:18,983.41,2,Electronics,9.66,COD,29.0,CUST019618,214,3,0,209578,Courier_E,1,0.3362,0,1,1
ORD000087270,2026-08-11 05:33:59,991.08,3,Electronics,7.03,Credit Card,0.0,CUST004411,49,7,1,688461,Courier_C,3,0.1207,1,1,1
ORD000087271,2026-08-11 05:34:02,131.85,2,Beauty,25.71,COD,49.0,CUST013396,271,6,1,307037,Courier_B,1,0.0692,1,1,1
ORD000087272,2026-08-11 05:36:12,137.65,3,Footwear,34.57,COD,29.0,CUST003500,234,4,0,773267,Courier_A,3,0.3388,1,1,1
ORD000087273,2026-08-11 05:49:12,1041.43,1,Footwear,6.44,COD,49.0,CUST020349,339,6,0,249284,Courier_B,3,0.2444,5,2,1
ORD000087274,2026-08-11 05:52:23,956.48,2,Footwear,22.85,COD,29.0,CUST026313,899,3,0,762495,Courier_C,1,0.0024,2,1,0
ORD000087275,2026-08-11 05:52:47,2803.73,1,Apparel,0.0,UPI,0.0,CUST019324,298,5,0,181067,Courier_B,2,0.192,0,1,0
ORD000087276,2026-08-11 05:53:09,2272.47,2,Beauty,16.95,COD,49.0,CUST016189,142,8,1,400647,Courier_C,1,0.1211,1,5,0
ORD000087277,2026-08-11 05:55:10,293.07,3,Beauty,0.0,COD,59.0,CUST018736,355,4,0,358988,Courier_C,3,0.0509,2,17,0
ORD000087278,2026-08-11 05:57:27,395.41,3,Jewelry,11.34,COD,49.0,CUST008352,431,4,0,815497,Courier_C,2,0.426,1,1,0
ORD000087279,2026-08-11 06:01:18,1122.85,3,Apparel,0.0,Credit Card,0.0,CUST004339,132,9,2,965874,Courier_B,3,0.3364,1,5,1
ORD000087280,2026-08-11 06:05:22,674.04,4,Home,19.15,COD,49.0,CUST010107,46,7,1,359971,Courier_A,2,0.0978,6,5,0
ORD000087281,2026-08-11 06:08:33,914.77,2,Footwear,0.0,Net Banking,0.0,CUST019157,2289,4,0,182833,Courier_A,3,0.1496,4,1,0
ORD000087282,2026-08-11 06:09:44,1250.23,3,Home,0.0,COD,29.0,CUST016725,278,3,0,498642,Courier_D,2,0.493,0,1,1
ORD000087283,2026-08-11 06:09:57,845.0,1,Electronics,2.36,COD,49.0,CUST005189,54,1,0,554597,Courier_A,2,0.0674,0,3,0
ORD000087284,2026-08-11 06:10:52,1715.91,3,Home,7.4,COD,20.0,CUST024605,1232,4,1,858870,Courier_D,1,0.3127,1,3,1
ORD000087285,2026-08-11 06:11:36,178.35,4,Footwear,11.42,UPI,0.0,CUST029505,182,3,0,823499,Courier_B,1,0.142,1,1,0
ORD000087286,2026-08-11 06:13:14,385.34,4,Footwear,4.62,UPI,0.0,CUST025314,80,4,0,630889,Courier_A,1,0.1501,3,1,0
ORD000087287,2026-08-11 06:16:07,578.88,2,Home,0.0,UPI,0.0,CUST020312,811,6,0,495265,Courier_C,2,0.3829,1,1,0
ORD000087288,2026-08-11 06:16:07,248.4,3,Home,0.0,UPI,0.0,CUST006648,134,3,0,549826,Courier_C,3,0.0495,1,1,0
ORD000087289,2026-08-11 06:20:13,721.35,3,Beauty,0.0,UPI,0.0,CUST004902,0,0,0,672511,Courier_B,2,0.1544,0,1,0
ORD000087290,2026-08-11 06:23:07,709.52,2,Beauty,7.55,UPI,0.0,CUST017098,501,3,0,244802,Courier_B,2,0.1157,1,1,0
ORD000087291,2026-08-11 06:23:11,1294.36,1,Home,7.48,COD,29.0,CUST013075,1249,4,0,507886,Courier_A,2,0.1384,2,1,0
ORD000087292,2026-08-11 06:26:50,893.09,2,Apparel,0.0,COD,29.0,CUST028596,50,3,0,578841,Courier_A,3,0.242,3,1,1
ORD000087293,2026-08-11 06:27:14,259.24,1,Apparel,0.0,COD,79.0,CUST027581,108,5,0,893042,Courier_A,2,0.1687,2,1,0
ORD000087294,2026-08-11 06:27:19,294.41,2,Beauty,0.0,UPI,0.0,CUST006753,78,2,0,501836,Courier_B,2,0.0267,0,1,0
ORD000087295,2026-08-11 06:29:24,899.58,2,Beauty,0.0,Debit Card,0.0,CUST015527,133,3,0,641395,Courier_A,2,0.3371,2,4,0
ORD000087296,2026-08-11 06:37:45,544.15,2,Beauty,17.17,Debit Card,0.0,CUST004166,86,4,0,394625,Courier_C,1,0.1382,0,1,0
ORD000087297,2026-08-11 06:38:47,1324.91,1,Footwear,6.89,UPI,0.0,CUST022529,41,3,0,325332,Courier_A,2,0.3702,1,1,0
ORD000087298,2026-08-11 06:39:43,458.67,3,Electronics,0.0,UPI,0.0,CUST022113,1939,6,0,615019,Courier_A,1,0.0826,1,1,0
ORD000087299,2026-08-11 06:43:14,360.42,3,Beauty,0.0,Debit Card,0.0,CUST004724,919,4,1,175936,Courier_B,2,0.0926,1,1,0
ORD000087300,2026-08-11 06:43:23,634.31,1,Footwear,0.0,COD,29.0,CUST012036,110,6,1,352288,Courier_C,1,0.1534,1,1,0
ORD000087301,2026-08-11 06:43:44,427.48,3,Beauty,0.0,COD,39.0,CUST009104,69,1,0,229422,Courier_A,1,0.15,4,1,0
ORD000087302,2026-08-11 06:50:13,1059.05,2,Apparel,9.11,COD,79.0,CUST004116,1066,2,0,468940,Courier_B,1,0.3205,2,1,0
ORD000087303,2026-08-11 06:51:16,182.79,2,Apparel,43.45,Credit Card,0.0,CUST010958,1733,3,0,652761,Courier_B,1,0.2481,2,4,0
ORD000087304,2026-08-11 06:52:45,2353.02,1,Electronics,27.1,UPI,0.0,CUST009207,121,2,0,264557,Courier_D,2,0.1711,1,5,0
ORD000087305,2026-08-11 06:57:03,436.21,1,Electronics,0.0,UPI,0.0,CUST005612,256,4,1,497993,Courier_A,2,0.1385,0,1,0
ORD000087306,2026-08-11 07:01:53,206.47,1,Footwear,0.0,Credit Card,0.0,CUST022811,303,0,0,253407,Courier_A,3,0.179,1,1,0
ORD000087307,2026-08-11 07:03:51,691.98,1,Footwear,24.11,COD,79.0,CUST020649,789,3,0,672511,Courier_B,2,0.1576,1,1,0
ORD000087308,2026-08-11 07:04:10,1033.11,1,Apparel,15.45,COD,39.0,CUST020459,879,2,0,670693,Courier_C,1,0.2282,1,1,0
ORD000087309,2026-08-11 07:05:12,466.0,3,Apparel,44.79,COD,99.0,CUST007235,26,3,0,750843,Courier_C,2,0.1907,2,2,0
ORD000087310,2026-08-11 07:08:59,856.01,2,Beauty,15.4,COD,49.0,CUST014118,88,3,2,501851,Courier_C,3,0.2247,4,1,1
ORD000087311,2026-08-11 07:08:59,697.87,1,Home,0.0,COD,49.0,CUST007062,1259,2,0,669408,Courier_A,2,0.1089,3,1,0
ORD000087312,2026-08-11 07:12:04,928.63,2,Apparel,0.0,Debit Card,0.0,CUST000024,3650,3,1,353006,Courier_B,3,0.1323,1,4,0
ORD000087313,2026-08-11 07:12:15,282.58,1,Home,0.0,COD,79.0,CUST009592,526,4,0,427055,Courier_A,3,0.0,4,1,0
ORD000087314,2026-08-11 07:17:00,560.54,2,Home,0.0,UPI,0.0,CUST029841,398,2,0,489282,Courier_A,3,0.1239,3,1,0
ORD000087315,2026-08-11 07:17:28,1107.45,1,Apparel,23.41,COD,39.0,CUST012898,664,4,0,579494,Courier_A,2,0.0866,0,1,0
ORD000087316,2026-08-11 07:18:15,719.98,3,Electronics,0.0,UPI,0.0,CUST021541,653,1,0,189971,Courier_A,1,0.3073,1,1,0
ORD000087317,2026-08-11 07:23:21,1242.41,2,Home,0.0,UPI,0.0,CUST001037,21,4,0,467888,Courier_A,3,0.2748,1,1,0
ORD000087318,2026-08-11 07:24:32,453.95,5,Jewelry,0.0,COD,29.0,CUST022690,137,4,0,320716,Courier_C,2,0.3575,1,1,0
ORD000087319,2026-08-11 07:24:38,277.21,1,Electronics,25.67,COD,39.0,CUST024299,30,4,0,177611,Courier_C,3,0.2278,2,16,1
ORD000087320,2026-08-11 07:25:26,1816.78,1,Beauty,0.0,COD,79.0,CUST000958,593,3,0,470612,Courier_A,3,0.2633,2,1,1
ORD000087321,2026-08-11 07:27:30,155.72,1,Apparel,22.9,COD,59.0,CUST007545,276,4,0,703529,Courier_D,1,0.0836,2,1,0
ORD000087322,2026-08-11 07:28:58,481.55,1,Apparel,5.55,COD,59.0,CUST025033,520,6,1,195440,Courier_A,2,0.3887,1,1,1
ORD000087323,2026-08-11 07:34:10,467.7,2,Home,0.0,COD,29.0,CUST000580,433,4,0,336051,Courier_A,3,0.2488,2,4,1
ORD000087324,2026-08-11 07:38:41,397.38,1,Jewelry,0.0,Net Banking,0.0,CUST027941,595,6,0,421903,Courier_D,2,0.0052,3,1,0
ORD000087325,2026-08-11 07:42:04,446.97,3,Home,0.0,COD,79.0,CUST013332,554,2,0,787199,Courier_D,3,0.2506,2,4,0
ORD000087326,2026-08-11 07:50:20,1221.14,1,Electronics,0.0,UPI,0.0,CUST027875,199,3,0,282050,Courier_E,2,0.2566,5,1,0
ORD000087327,2026-08-11 07:58:23,1364.29,1,Electronics,0.0,COD,39.0,CUST006524,0,0,0,687100,Courier_B,2,0.207,1,1,1
ORD000087328,2026-08-11 08:03:47,368.37,2,Beauty,0.0,COD,49.0,CUST020639,39,4,0,526724,Courier_C,2,0.2038,0,1,0
ORD000087329,2026-08-11 08:08:11,386.82,1,Electronics,0.0,COD,29.0,CUST015328,145,5,0,215098,Courier_B,3,0.0077,1,1,1
ORD000087330,2026-08-11 08:08:25,230.94,2,Footwear,39.36,COD,39.0,CUST003926,15,2,0,502006,Courier_B,1,0.1528,4,19,1
ORD000087331,2026-08-11 08:09:51,504.33,1,Footwear,0.0,Credit Card,0.0,CUST015166,118,4,2,320359,Courier_A,1,0.4154,1,1,0
ORD000087332,2026-08-11 08:10:03,443.64,3,Apparel,4.8,UPI,0.0,CUST027071,78,5,0,880310,Courier_B,3,0.1602,2,5,0
ORD000087333,2026-08-11 08:15:39,398.66,4,Jewelry,20.02,COD,49.0,CUST029733,61,5,0,791259,Courier_B,2,0.039,2,1,1
ORD000087334,2026-08-11 08:18:18,578.65,1,Electronics,12.54,COD,79.0,CUST021671,140,4,0,492669,Courier_E,2,0.0796,2,1,1
ORD000087335,2026-08-11 08:23:32,218.07,1,Apparel,0.0,COD,59.0,CUST026012,79,3,0,638422,Courier_C,3,0.1975,2,1,0
ORD000087336,2026-08-11 08:25:31,370.19,1,Apparel,24.44,UPI,0.0,CUST007200,54,2,0,543559,Courier_B,1,0.116,1,1,0
ORD000087337,2026-08-11 08:25:37,551.11,2,Electronics,0.0,COD,59.0,CUST027063,202,7,1,625244,Courier_B,3,0.0271,3,1,1
ORD000087338,2026-08-11 08:27:03,1474.08,2,Jewelry,5.06,COD,79.0,CUST023651,378,3,0,331725,Courier_C,3,0.0009,2,1,0
ORD000087339,2026-08-11 08:27:56,98.53,4,Footwear,0.0,COD,39.0,CUST009604,81,4,0,592322,Courier_C,2,0.0828,1,2,0
ORD000087340,2026-08-11 08:28:01,390.29,1,Jewelry,0.0,UPI,0.0,CUST001806,44,7,0,496735,Courier_C,2,0.0665,0,1,0
ORD000087341,2026-08-11 08:49:27,590.74,4,Home,8.27,COD,29.0,CUST001765,131,4,0,564162,Courier_C,3,0.0863,0,1,0
ORD000087342,2026-08-11 08:53:41,364.29,3,Footwear,35.46,COD,39.0,CUST007025,2406,5,1,359971,Courier_A,2,0.1086,1,1,0
ORD000087343,2026-08-11 08:58:48,2656.05,4,Apparel,0.0,COD,79.0,CUST008299,3268,3,0,346532,Courier_A,2,0.1601,0,2,0
ORD000087344,2026-08-11 09:00:42,473.91,3,Apparel,26.3,UPI,0.0,CUST017187,473,3,0,964105,Courier_A,2,0.3067,2,1,0
ORD000087345,2026-08-11 09:06:32,585.31,1,Home,32.19,COD,49.0,CUST012867,253,5,0,321283,Courier_B,1,0.1778,3,2,0
ORD000087346,2026-08-11 09:07:04,497.94,1,Footwear,11.37,Debit Card,0.0,CUST013578,798,2,1,490092,Courier_A,3,0.1016,1,5,0
ORD000087347,2026-08-11 09:08:40,1325.06,1,Apparel,0.0,COD,20.0,CUST005532,60,2,0,664100,Courier_C,2,0.2131,3,1,0
ORD000087348,2026-08-11 09:20:02,521.39,2,Electronics,17.89,COD,59.0,CUST019235,202,2,0,625244,Courier_B,3,0.0511,6,1,0
ORD000087349,2026-08-11 09:21:08,281.26,2,Jewelry,37.31,UPI,0.0,CUST007476,677,2,0,650758,Courier_A,1,0.4847,2,1,0
ORD000087350,2026-08-11 09:23:37,1057.77,1,Apparel,30.38,UPI,0.0,CUST011431,3555,3,0,721746,Courier_B,1,0.0751,1,1,0
ORD000087351,2026-08-11 09:25:05,128.49,3,Home,30.74,COD,39.0,CUST029796,24,3,0,148019,Courier_D,2,0.2118,2,2,1
ORD000087352,2026-08-11 09:26:04,1866.35,2,Electronics,28.26,UPI,0.0,CUST021659,139,3,0,729799,Courier_B,1,0.5735,2,1,0
ORD000087353,2026-08-11 09:32:49,1126.68,3,Jewelry,0.0,COD,39.0,CUST026693,337,3,1,762495,Courier_B,1,0.0405,1,1,0
ORD000087354,2026-08-11 09:32:52,384.73,2,Jewelry,14.06,COD,29.0,CUST007394,100,3,0,320359,Courier_D,1,0.4565,0,1,0
ORD000087355,2026-08-11 09:40:43,801.82,2,Jewelry,44.17,COD,59.0,CUST017525,300,2,0,628425,Courier_B,3,0.0662,1,1,0
ORD000087356,2026-08-11 09:44:03,533.11,1,Jewelry,0.0,COD,49.0,CUST013956,422,1,0,139745,Courier_D,2,0.0362,2,1,0
ORD000087357,2026-08-11 09:46:01,254.38,3,Home,14.05,COD,29.0,CUST027920,61,3,1,684370,Courier_B,1,0.2731,1,1,0
ORD000087358,2026-08-11 09:53:34,772.4,1,Footwear,13.16,COD,29.0,CUST003815,542,6,1,568632,Courier_A,3,0.1469,1,1,1
ORD000087359,2026-08-11 09:53:52,755.03,1,Footwear,0.0,UPI,0.0,CUST011859,431,2,0,971809,Courier_A,2,0.1627,1,1,0
ORD000087360,2026-08-11 09:54:02,1548.9,2,Beauty,0.0,Net Banking,0.0,CUST023673,115,3,0,749451,Courier_A,3,0.3248,1,1,0
ORD000087361,2026-08-11 09:54:45,480.91,2,Apparel,19.59,UPI,0.0,CUST010917,576,5,0,139745,Courier_B,2,0.1128,2,1,0
ORD000087362,2026-08-11 09:55:15,384.88,1,Apparel,16.38,UPI,0.0,CUST027178,0,0,0,374219,Courier_C,3,0.1365,2,1,1
ORD000087363,2026-08-11 09:56:19,1202.43,2,Apparel,9.11,UPI,0.0,CUST019070,146,5,0,436057,Courier_B,2,0.0721,2,1,1
ORD000087364,2026-08-11 10:01:10,293.71,2,Apparel,21.23,COD,79.0,CUST017145,1597,8,0,642490,Courier_E,1,0.0999,2,5,0
ORD000087365,2026-08-11 10:04:54,282.57,4,Electronics,0.0,COD,99.0,CUST018738,66,5,0,821498,Courier_E,2,0.0235,1,1,1
ORD000087366,2026-08-11 10:05:22,370.99,5,Electronics,38.46,Credit Card,0.0,CUST023337,228,2,0,355464,Courier_B,2,0.0952,1,1,0
ORD000087367,2026-08-11 10:09:24,455.05,2,Apparel,0.0,UPI,0.0,CUST008013,35,3,0,320716,Courier_E,2,0.3289,2,1,0
ORD000087368,2026-08-11 10:09:40,183.93,2,Electronics,0.0,COD,59.0,CUST001375,251,2,0,151500,Courier_A,1,0.1206,1,3,1
ORD000087369,2026-08-11 10:10:03,154.3,3,Home,16.95,Net Banking,0.0,CUST025066,595,4,0,252402,Courier_A,1,0.0568,0,1,0
ORD000087370,2026-08-11 10:12:33,668.53,1,Electronics,15.07,COD,99.0,CUST025452,219,5,1,665395,Courier_D,1,0.1543,4,1,0
ORD000087371,2026-08-11 10:14:38,581.67,2,Apparel,23.91,UPI,0.0,CUST024478,153,2,0,545164,Courier_A,1,0.0717,1,10,0
ORD000087372,2026-08-11 10:15:44,1382.55,2,Jewelry,0.0,COD,29.0,CUST025632,45,3,0,371116,Courier_D,1,0.208,3,1,0
ORD000087373,2026-08-11 10:17:15,2753.38,2,Electronics,43.09,Debit Card,0.0,CUST014034,823,4,0,275250,Courier_C,2,0.2026,0,3,0
ORD000087374,2026-08-11 10:18:21,150.12,2,Home,25.4,COD,20.0,CUST016233,35,5,1,800785,Courier_B,3,0.0235,2,1,0
ORD000087375,2026-08-11 10:20:00,1207.37,1,Electronics,0.0,COD,39.0,CUST006354,217,2,1,292941,Courier_C,1,0.1925,1,1,0
ORD000087376,2026-08-11 10:21:04,1208.93,1,Jewelry,0.0,Credit Card,0.0,CUST012794,0,0,0,525803,Courier_E,2,0.1053,2,5,0
ORD000087377,2026-08-11 10:21:09,2054.87,1,Beauty,8.36,UPI,0.0,CUST010524,234,4,0,794791,Courier_C,1,0.3866,0,1,0
ORD000087378,2026-08-11 10:26:17,504.42,3,Jewelry,0.0,UPI,0.0,CUST012024,245,3,0,196023,Courier_E,3,0.1494,3,1,0
ORD000087379,2026-08-11 10:26:31,2825.07,3,Electronics,26.23,UPI,0.0,CUST014196,550,3,0,470612,Courier_A,3,0.1803,2,1,0
ORD000087380,2026-08-11 10:28:07,901.3,1,Beauty,20.04,COD,49.0,CUST005838,437,4,1,670693,Courier_E,1,0.2292,1,1,0
ORD000087381,2026-08-11 10:28:58,1199.13,3,Home,16.17,COD,49.0,CUST021456,561,2,0,529908,Courier_D,1,0.2122,1,1,0
ORD000087382,2026-08-11 10:29:41,861.7,2,Electronics,0.0,Debit Card,0.0,CUST029688,0,0,0,207727,Courier_E,3,0.0921,2,1,0
ORD000087383,2026-08-11 10:36:03,195.72,1,Apparel,17.09,Debit Card,0.0,CUST019242,1070,3,0,704552,Courier_A,3,0.2072,1,1,0
ORD000087384,2026-08-11 10:44:12,523.15,2,Apparel,0.0,Credit Card,0.0,CUST023252,172,2,0,229422,Courier_D,1,0.1744,0,4,0
ORD000087385,2026-08-11 10:46:30,2031.96,3,Electronics,0.0,COD,49.0,CUST027632,141,3,0,543559,Courier_D,1,0.0388,1,1,0
ORD000087386,2026-08-11 10:51:29,803.81,3,Jewelry,0.0,Net Banking,0.0,CUST023829,129,1,0,747497,Courier_A,1,0.3895,1,1,0
ORD000087387,2026-08-11 11:01:51,151.31,2,Electronics,0.0,COD,79.0,CUST022134,73,2,0,703930,Courier_B,1,0.1579,1,1,0
ORD000087388,2026-08-11 11:02:51,171.5,3,Footwear,0.0,UPI,0.0,CUST007522,141,6,0,225693,Courier_C,2,0.2348,0,1,0
ORD000087389,2026-08-11 11:12:23,2403.94,2,Home,0.0,COD,29.0,CUST000859,931,2,0,213546,Courier_D,2,0.2729,2,1,1
ORD000087390,2026-08-11 11:13:16,518.38,2,Electronics,43.61,COD,39.0,CUST028217,568,3,1,240201,Courier_C,1,0.0977,2,2,0
ORD000087391,2026-08-11 11:13:19,414.81,2,Electronics,24.87,UPI,0.0,CUST013036,371,0,0,287382,Courier_B,1,0.1257,1,1,0
ORD000087392,2026-08-11 11:14:57,1007.18,3,Electronics,0.0,COD,49.0,CUST007919,72,7,0,820298,Courier_B,2,0.5308,3,3,0
ORD000087393,2026-08-11 11:17:24,428.92,2,Footwear,0.0,COD,59.0,CUST001746,45,2,0,864201,Courier_B,1,0.0917,0,1,0
ORD000087394,2026-08-11 11:17:46,1371.4,2,Electronics,0.0,COD,20.0,CUST009870,481,2,0,490347,Courier_B,3,0.3708,4,1,0
ORD000087395,2026-08-11 11:18:17,188.67,2,Beauty,0.0,Debit Card,0.0,CUST016412,378,0,0,805607,Courier_C,1,0.1422,1,2,0
ORD000087396,2026-08-11 11:21:44,212.65,1,Home,0.0,COD,39.0,CUST000703,280,5,0,488273,Courier_A,1,0.2758,2,1,0
ORD000087397,2026-08-11 11:24:10,271.83,1,Footwear,19.44,UPI,0.0,CUST023291,222,3,0,847515,Courier_A,1,0.2226,5,1,0
ORD000087398,2026-08-11 11:36:21,1384.07,1,Footwear,0.0,Credit Card,0.0,CUST027147,30,2,0,427679,Courier_B,1,0.1626,0,4,0
ORD000087399,2026-08-11 11:40:40,756.16,2,Footwear,0.0,COD,29.0,CUST015976,191,5,0,628444,Courier_B,3,0.1762,3,1,0
ORD000087400,2026-08-11 11:41:21,689.22,2,Apparel,11.44,Credit Card,0.0,CUST002276,99,3,0,794791,Courier_D,1,0.3585,3,1,1
ORD000087401,2026-08-11 11:43:07,296.95,4,Home,17.05,COD,79.0,CUST003981,331,4,0,659264,Courier_A,2,0.302,3,5,0
ORD000087402,2026-08-11 11:43:36,342.24,2,Beauty,6.82,UPI,0.0,CUST003389,278,3,0,476035,Courier_D,1,0.256,2,1,0
ORD000087403,2026-08-11 11:46:10,740.19,1,Apparel,11.84,UPI,0.0,CUST014652,378,4,1,196023,Courier_E,3,0.1474,1,1,0
ORD000087404,2026-08-11 11:48:38,1587.21,1,Electronics,30.43,COD,39.0,CUST026650,269,3,1,226229,Courier_D,3,0.0319,5,4,1
ORD000087405,2026-08-11 11:59:08,439.2,2,Beauty,12.54,COD,59.0,CUST005428,179,2,0,467924,Courier_B,3,0.0591,0,1,0
ORD000087406,2026-08-11 12:04:14,241.27,2,Footwear,0.0,UPI,0.0,CUST002243,204,4,1,181777,Courier_C,3,0.2887,1,1,0
ORD000087407,2026-08-11 12:04:29,828.12,2,Footwear,0.0,Debit Card,0.0,CUST004282,176,3,0,490071,Courier_A,3,0.1619,3,2,0
ORD000087408,2026-08-11 12:05:38,383.79,2,Jewelry,9.92,COD,99.0,CUST001672,127,2,0,981214,Courier_D,3,0.3225,1,1,1
ORD000087409,2026-08-11 12:07:10,102.51,2,Electronics,0.0,COD,49.0,CUST006996,382,7,0,373292,Courier_A,3,0.3255,1,5,0
ORD000087410,2026-08-11 12:08:03,615.01,3,Electronics,46.96,Debit Card,0.0,CUST027129,523,3,0,590356,Courier_C,3,0.0432,3,1,0
ORD000087411,2026-08-11 12:08:58,211.23,2,Electronics,3.43,COD,39.0,CUST021407,267,5,0,295857,Courier_A,1,0.2771,0,1,0
ORD000087412,2026-08-11 12:11:45,1405.39,1,Home,11.3,UPI,0.0,CUST019810,111,6,1,526724,Courier_C,2,0.118,1,1,0
ORD000087413,2026-08-11 12:18:42,186.36,1,Apparel,0.0,UPI,0.0,CUST003913,1685,2,0,557486,Courier_E,2,0.0659,1,1,0
ORD000087414,2026-08-11 12:20:10,1326.38,2,Apparel,0.0,Net Banking,0.0,CUST000855,220,2,0,495265,Courier_A,2,0.4941,3,5,1
ORD000087415,2026-08-11 12:22:53,480.24,2,Apparel,0.0,Credit Card,0.0,CUST006533,136,3,0,210406,Courier_D,1,0.2937,2,1,1
ORD000087416,2026-08-11 12:25:01,1710.28,2,Home,0.0,Credit Card,0.0,CUST029436,171,2,1,388826,Courier_B,2,0.2238,3,3,0
ORD000087417,2026-08-11 12:25:20,730.68,2,Electronics,4.8,Credit Card,0.0,CUST018743,1226,4,0,687100,Courier_A,2,0.1904,0,3,0
ORD000087418,2026-08-11 12:25:20,2287.54,2,Jewelry,0.0,COD,39.0,CUST025625,132,7,0,756766,Courier_C,3,0.0726,1,5,0
ORD000087419,2026-08-11 12:29:44,354.56,3,Apparel,0.0,UPI,0.0,CUST016655,154,3,2,809484,Courier_A,1,0.0931,1,1,0
ORD000087420,2026-08-11 12:33:10,645.35,2,Beauty,0.0,COD,20.0,CUST010507,0,0,0,558329,Courier_D,2,0.0504,0,15,1
ORD000087421,2026-08-11 12:34:07,833.46,1,Apparel,4.93,UPI,0.0,CUST022907,965,2,0,634704,Courier_A,1,0.1854,3,1,1
ORD000087422,2026-08-11 12:41:22,329.65,1,Apparel,4.09,UPI,0.0,CUST003546,82,2,0,205361,Courier_A,3,0.0542,2,1,0
ORD000087423,2026-08-11 12:41:32,413.38,1,Beauty,3.74,COD,20.0,CUST023609,134,4,3,555402,Courier_B,2,0.2218,2,1,1
ORD000087424,2026-08-11 12:41:45,692.96,4,Beauty,0.0,Net Banking,0.0,CUST018305,335,4,0,262513,Courier_B,1,0.4281,0,1,0
ORD000087425,2026-08-11 12:42:25,500.38,1,Footwear,33.76,COD,49.0,CUST013789,468,1,0,177611,Courier_A,3,0.2567,4,4,0
ORD000087426,2026-08-11 12:43:06,926.62,3,Home,0.0,Net Banking,0.0,CUST013224,115,6,0,798962,Courier_A,1,0.4126,4,9,0
ORD000087427,2026-08-11 12:43:32,458.46,2,Apparel,11.03,COD,49.0,CUST007867,729,6,3,699053,Courier_A,3,0.1375,2,2,0
ORD000087428,2026-08-11 12:44:02,225.61,1,Apparel,0.0,UPI,0.0,CUST004886,332,1,1,500528,Courier_D,1,0.1664,4,1,0
ORD000087429,2026-08-11 12:45:15,633.52,2,Electronics,0.0,COD,39.0,CUST021608,181,5,0,418734,Courier_D,2,0.0801,2,1,0
ORD000087430,2026-08-11 12:54:41,546.69,4,Jewelry,14.07,Credit Card,0.0,CUST010165,290,2,0,258959,Courier_A,3,0.1897,1,1,1
ORD000087431,2026-08-11 13:01:13,895.99,2,Apparel,0.0,Credit Card,0.0,CUST019417,99,2,0,916996,Courier_E,1,0.2358,1,5,1
ORD000087432,2026-08-11 13:02:46,299.43,2,Apparel,5.64,UPI,0.0,CUST007259,348,2,0,902957,Courier_A,2,0.1081,3,3,1
ORD000087433,2026-08-11 13:03:09,1363.81,4,Beauty,11.64,COD,99.0,CUST007957,2930,6,1,171266,Courier_A,3,0.1618,2,1,0
ORD000087434,2026-08-11 13:06:10,1832.9,4,Beauty,0.0,COD,29.0,CUST017858,92,4,0,269261,Courier_A,3,0.0975,1,1,0
ORD000087435,2026-08-11 13:13:27,1055.89,4,Electronics,24.84,UPI,0.0,CUST015792,48,3,0,341690,Courier_D,2,0.0986,0,1,0
ORD000087436,2026-08-11 13:16:46,1707.94,2,Apparel,25.74,UPI,0.0,CUST018653,584,6,1,805419,Courier_A,1,0.1625,1,1,0
ORD000087437,2026-08-11 13:35:45,508.16,2,Apparel,0.0,COD,39.0,CUST012699,413,3,1,256747,Courier_A,1,0.1332,1,1,0
ORD000087438,2026-08-11 13:35:54,1349.92,1,Apparel,25.61,Debit Card,0.0,CUST014109,163,3,0,805607,Courier_A,1,0.1683,2,1,0
ORD000087439,2026-08-11 13:38:37,559.38,2,Apparel,27.3,UPI,0.0,CUST006707,225,3,0,126094,Courier_A,3,0.1943,0,1,0
ORD000087440,2026-08-11 13:43:43,364.45,2,Home,13.48,Credit Card,0.0,CUST015626,205,2,1,744635,Courier_B,2,0.4394,3,1,0
ORD000087441,2026-08-11 13:53:57,594.85,4,Electronics,10.14,COD,79.0,CUST005385,40,5,1,185153,Courier_B,2,0.2907,2,20,0
ORD000087442,2026-08-11 13:57:14,1547.68,2,Home,0.0,COD,39.0,CUST026714,197,2,0,185515,Courier_C,2,0.023,1,5,0
ORD000087443,2026-08-11 13:57:33,300.61,2,Footwear,20.65,Credit Card,0.0,CUST029141,338,3,0,645986,Courier_B,1,0.3042,1,1,0
ORD000087444,2026-08-11 14:00:28,537.88,2,Beauty,0.0,Credit Card,0.0,CUST017262,80,6,1,176016,Courier_D,3,0.2099,1,1,0
ORD000087445,2026-08-11 14:07:38,1035.25,2,Home,0.0,COD,39.0,CUST008703,38,6,1,837709,Courier_E,2,0.2066,0,17,0
ORD000087446,2026-08-11 14:07:57,622.44,2,Home,25.94,COD,79.0,CUST014296,133,3,0,213546,Courier_B,2,0.3387,1,1,0
ORD000087447,2026-08-11 14:09:36,698.32,1,Apparel,0.0,COD,59.0,CUST004312,3650,2,0,119435,Courier_D,2,0.1646,3,1,0
ORD000087448,2026-08-11 14:11:00,972.11,2,Apparel,27.02,UPI,0.0,CUST000968,105,3,0,902957,Courier_B,2,0.0626,1,1,0
ORD000087449,2026-08-11 14:12:15,104.78,2,Apparel,0.0,UPI,0.0,CUST017715,35,2,0,914136,Courier_A,1,0.161,2,12,0
ORD000087450,2026-08-11 14:15:02,494.21,3,Home,34.87,Credit Card,0.0,CUST014264,68,3,0,786081,Courier_C,3,0.312,2,1,1
ORD000087451,2026-08-11 14:21:57,415.79,4,Beauty,0.0,COD,29.0,CUST018463,1758,5,0,849763,Courier_C,1,0.4282,0,5,0
ORD000087452,2026-08-11 14:28:56,572.36,1,Home,0.0,COD,49.0,CUST008586,0,0,0,373292,Courier_E,3,0.3403,2,1,1
ORD000087453,2026-08-11 14:31:27,758.1,2,Beauty,0.0,UPI,0.0,CUST016003,94,5,0,346532,Courier_E,2,0.1703,3,1,0
ORD000087454,2026-08-11 14:32:38,410.81,1,Beauty,0.0,UPI,0.0,CUST024488,103,2,1,683142,Courier_A,3,0.1005,4,1,0
ORD000087455,2026-08-11 14:34:33,2397.9,1,Footwear,14.45,UPI,0.0,CUST013553,1482,4,0,807143,Courier_C,3,0.289,3,1,0
ORD000087456,2026-08-11 14:35:20,687.67,2,Jewelry,10.62,COD,49.0,CUST012798,2255,2,0,490347,Courier_C,3,0.3333,1,1,1
ORD000087457,2026-08-11 14:36:16,642.47,2,Footwear,18.95,COD,39.0,CUST023684,0,0,0,545658,Courier_C,3,0.1042,1,1,0
ORD000087458,2026-08-11 14:36:47,1133.18,1,Electronics,32.58,UPI,0.0,CUST011185,125,5,0,424619,Courier_B,2,0.2213,2,1,0
ORD000087459,2026-08-11 14:38:43,638.45,3,Jewelry,0.0,Net Banking,0.0,CUST019175,264,6,0,989986,Courier_D,1,0.062,0,1,0
ORD000087460,2026-08-11 14:44:20,1255.91,3,Jewelry,17.73,UPI,0.0,CUST022776,635,3,0,120421,Courier_A,3,0.1296,2,4,0
ORD000087461,2026-08-11 14:44:34,424.32,2,Apparel,0.0,COD,49.0,CUST008991,174,3,0,425339,Courier_C,1,0.2796,0,4,1
ORD000087462,2026-08-11 14:45:36,216.57,2,Footwear,22.57,COD,49.0,CUST004645,138,5,0,696209,Courier_D,2,0.1584,2,1,1
ORD000087463,2026-08-11 14:46:15,241.59,1,Apparel,0.0,COD,59.0,CUST025284,785,0,0,764844,Courier_C,3,0.0935,1,1,1
ORD000087464,2026-08-11 14:49:14,883.53,2,Home,13.13,COD,29.0,CUST014044,0,0,0,721746,Courier_A,1,0.1331,1,1,0
ORD000087465,2026-08-11 14:54:54,188.83,1,Electronics,0.0,Credit Card,0.0,CUST029021,822,5,0,307037,Courier_A,1,0.0,1,3,0
ORD000087466,2026-08-11 14:57:08,622.95,2,Electronics,0.0,COD,29.0,CUST010942,622,8,1,436057,Courier_A,2,0.0064,2,1,0
ORD000087467,2026-08-11 15:01:09,255.17,2,Apparel,0.0,COD,39.0,CUST010753,838,3,0,503849,Courier_A,1,0.3564,3,1,0
ORD000087468,2026-08-11 15:07:17,999.16,2,Home,11.24,COD,79.0,CUST013938,924,3,0,258357,Courier_B,2,0.2828,3,1,0
ORD000087469,2026-08-11 15:07:23,810.66,2,Home,28.11,COD,49.0,CUST015792,48,3,0,714101,Courier_A,2,0.2467,0,1,1
ORD000087470,2026-08-11 15:09:44,147.43,1,Footwear,0.0,UPI,0.0,CUST020304,82,4,0,161063,Courier_D,3,0.1507,4,1,0
ORD000087471,2026-08-11 15:10:09,935.48,4,Footwear,7.42,Credit Card,0.0,CUST011396,0,0,0,182833,Courier_D,3,0.1847,1,1,1
ORD000087472,2026-08-11 15:12:46,809.63,4,Apparel,0.0,Net Banking,0.0,CUST000147,164,1,0,777635,Courier_B,3,0.1307,2,1,0
ORD000087473,2026-08-11 15:13:37,601.93,3,Electronics,0.0,Debit Card,0.0,CUST020136,595,4,0,206944,Courier_A,3,0.2679,2,3,0
ORD000087474,2026-08-11 15:14:35,188.38,2,Beauty,11.48,COD,49.0,CUST002495,132,2,0,847491,Courier_B,1,0.2604,1,1,1
ORD000087475,2026-08-11 15:14:54,384.96,7,Apparel,25.78,UPI,0.0,CUST022788,1225,6,0,886576,Courier_B,2,0.183,1,1,0
ORD000087476,2026-08-11 15:23:54,315.59,1,Beauty,0.0,UPI,0.0,CUST015615,94,2,0,953629,Courier_A,1,0.0018,0,1,0
ORD000087477,2026-08-11 15:25:32,1188.26,3,Home,19.63,Credit Card,0.0,CUST025165,87,3,1,666744,Courier_B,2,0.0229,0,7,0
ORD000087478,2026-08-11 15:25:46,1036.87,2,Apparel,0.0,UPI,0.0,CUST026263,371,2,0,231485,Courier_A,1,0.264,3,3,0
ORD000087479,2026-08-11 15:34:44,874.63,1,Apparel,0.0,UPI,0.0,CUST004586,156,6,0,928439,Courier_C,2,0.1575,4,16,0
ORD000087480,2026-08-11 15:36:02,1319.88,3,Home,7.24,COD,39.0,CUST026390,71,5,0,590119,Courier_B,3,0.0646,1,1,0
ORD000087481,2026-08-11 15:40:34,1240.78,1,Home,0.0,COD,39.0,CUST006345,413,4,0,204309,Courier_A,2,0.0,1,4,0
ORD000087482,2026-08-11 15:41:03,1746.05,5,Beauty,9.69,Credit Card,0.0,CUST006426,496,3,0,181431,Courier_B,1,0.1072,1,1,0
ORD000087483,2026-08-11 15:42:35,840.7,3,Electronics,0.0,COD,39.0,CUST023200,50,3,0,542798,Courier_E,1,0.3064,0,12,0
ORD000087484,2026-08-11 15:43:02,631.49,2,Electronics,0.0,COD,79.0,CUST019510,0,0,0,743457,Courier_B,2,0.2081,2,1,1
ORD000087485,2026-08-11 15:43:42,596.49,3,Beauty,23.74,COD,29.0,CUST014414,304,6,2,195440,Courier_A,2,0.4077,3,1,1
ORD000087486,2026-08-11 15:44:02,306.83,2,Electronics,0.0,COD,29.0,CUST013893,444,1,1,519606,Courier_A,2,0.078,4,1,0
ORD000087487,2026-08-11 15:50:15,1047.24,2,Beauty,14.55,COD,99.0,CUST020430,642,1,0,608288,Courier_B,3,0.0149,4,1,0
ORD000087488,2026-08-11 15:55:52,387.04,2,Jewelry,25.6,UPI,0.0,CUST003782,237,3,1,753798,Courier_B,2,0.1194,2,1,0
ORD000087489,2026-08-11 15:56:07,86.38,1,Apparel,0.0,Net Banking,0.0,CUST022634,222,4,0,670883,Courier_B,1,0.1449,2,1,0
ORD000087490,2026-08-11 15:56:21,1247.88,6,Apparel,11.78,UPI,0.0,CUST002231,211,2,0,697772,Courier_C,1,0.0581,7,1,0
ORD000087491,2026-08-11 15:59:07,228.49,4,Beauty,0.0,UPI,0.0,CUST014468,1935,5,0,684266,Courier_C,3,0.3147,1,5,0
ORD000087492,2026-08-11 16:02:32,95.87,1,Electronics,6.84,UPI,0.0,CUST026640,168,7,0,981214,Courier_D,3,0.2919,0,1,0
ORD000087493,2026-08-11 16:05:47,171.1,2,Apparel,20.41,Credit Card,0.0,CUST003884,145,4,0,359234,Courier_A,2,0.0717,1,2,0
ORD000087494,2026-08-11 16:08:31,298.56,2,Apparel,31.21,COD,49.0,CUST012325,3013,4,0,146484,Courier_C,3,0.1477,3,4,1
ORD000087495,2026-08-11 16:09:13,999.02,5,Footwear,0.0,COD,20.0,CUST026580,0,0,0,122576,Courier_B,2,0.2072,2,1,0
ORD000087496,2026-08-11 16:11:13,464.11,2,Apparel,28.93,COD,99.0,CUST013743,48,3,0,488643,Courier_B,1,0.4494,2,4,0
ORD000087497,2026-08-11 16:13:31,453.2,2,Apparel,0.0,UPI,0.0,CUST011261,288,3,0,490071,Courier_B,3,0.104,3,1,0
ORD000087498,2026-08-11 16:15:34,488.5,1,Home,15.71,UPI,0.0,CUST012072,142,5,1,144307,Courier_C,2,0.1637,0,1,0
ORD000087499,2026-08-11 16:16:24,590.09,1,Home,38.51,COD,39.0,CUST003316,58,5,0,670693,Courier_B,1,0.2792,2,1,0
ORD000087500,2026-08-11 16:16:32,879.78,2,Home,0.0,COD,49.0,CUST006938,525,3,0,225902,Courier_B,3,0.1802,1,4,0
ORD000087501,2026-08-11 16:16:48,1449.25,2,Apparel,27.08,UPI,0.0,CUST016314,59,4,1,585787,Courier_B,1,0.0732,1,1,0
ORD000087502,2026-08-11 16:22:44,6831.39,3,Home,0.0,Net Banking,0.0,CUST024616,15,3,0,334819,Courier_B,2,0.2696,0,1,0
ORD000087503,2026-08-11 16:25:18,772.21,1,Footwear,0.0,COD,29.0,CUST000808,477,6,0,821498,Courier_A,2,0.0588,2,1,0
ORD000087504,2026-08-11 16:29:08,578.83,1,Beauty,23.58,COD,29.0,CUST014160,832,5,0,558329,Courier_E,2,0.1021,4,1,1
ORD000087505,2026-08-11 16:31:39,436.8,4,Electronics,0.0,Net Banking,0.0,CUST025324,38,4,0,210439,Courier_E,2,0.5134,3,1,1
ORD000087506,2026-08-11 16:32:49,818.73,3,Apparel,0.0,COD,49.0,CUST014487,132,5,0,523573,Courier_D,1,0.2042,3,1,0
ORD000087507,2026-08-11 16:35:40,145.69,3,Footwear,0.0,UPI,0.0,CUST005050,169,3,0,842688,Courier_A,2,0.3712,4,1,0
ORD000087508,2026-08-11 16:35:45,450.15,3,Electronics,0.0,Debit Card,0.0,CUST005822,74,2,0,594225,Courier_A,1,0.0525,0,1,0
ORD000087509,2026-08-11 16:36:18,427.07,1,Apparel,4.77,UPI,0.0,CUST028207,750,3,0,597740,Courier_A,1,0.3057,1,1,0
ORD000087510,2026-08-11 16:39:33,539.38,2,Footwear,0.0,UPI,0.0,CUST018402,190,5,0,931973,Courier_C,3,0.3281,1,1,0
ORD000087511,2026-08-11 16:40:03,1736.82,1,Beauty,0.0,Credit Card,0.0,CUST007998,940,4,0,699053,Courier_C,3,0.1096,0,1,0
ORD000087512,2026-08-11 16:40:11,621.8,2,Electronics,16.68,UPI,0.0,CUST021745,107,5,0,860537,Courier_E,2,0.1932,3,1,0
ORD000087513,2026-08-11 16:48:47,782.84,1,Footwear,22.86,Credit Card,0.0,CUST017683,158,4,0,483080,Courier_B,1,0.3797,3,4,0
ORD000087514,2026-08-11 16:51:30,627.86,4,Apparel,0.0,COD,39.0,CUST004627,361,6,3,557252,Courier_A,3,0.0881,4,2,1
ORD000087515,2026-08-11 16:53:20,673.89,3,Apparel,31.45,COD,39.0,CUST010485,874,0,0,613863,Courier_D,3,0.2232,0,1,1
ORD000087516,2026-08-11 16:57:59,341.83,1,Beauty,0.0,COD,49.0,CUST026618,288,3,0,798962,Courier_C,1,0.3901,3,1,0
ORD000087517,2026-08-11 16:58:12,2394.65,1,Home,0.0,COD,99.0,CUST026404,63,3,0,849763,Courier_C,1,0.4261,2,5,0
ORD000087518,2026-08-11 17:08:16,1187.43,3,Apparel,7.62,Debit Card,0.0,CUST004008,272,1,0,279737,Courier_D,2,0.3276,2,17,0
ORD000087519,2026-08-11 17:10:21,1661.84,3,Beauty,0.0,Credit Card,0.0,CUST014133,337,4,0,975263,Courier_B,3,0.2215,3,1,0
ORD000087520,2026-08-11 17:12:31,779.13,2,Footwear,0.0,Net Banking,0.0,CUST020754,179,6,0,630731,Courier_D,2,0.1425,2,1,0
